id_aviso,primera_fecha,texto_original,titulo,nombre,sexo,edad,origen,color_piel,estatura,complexion,cara,ojos,cejas,pestañas,nariz,boca,labios,dientes,frente,menton,color_cabello,longitud_cabello,textura_cabello,peinado,cicatrices,viruelas,manchas,verrugas,quemaduras,amputaciones,camisa,pantalon,calzado,poncho,sombrero,pañuelo,accesorios,orejas,brazos,cabeza,traje,edad_num,estatura_macro,complexion_macro,cara_macro,ojos_macro,nariz_macro,boca_macro,frente_macro,longitud_cabello_macro,peinado_macro,camisa_macro,pantalon_macro,color_piel_macro,estatura_macro_num,complexion_macro_num,cara_macro_num,ojos_macro_num,nariz_macro_num,boca_macro_num,frente_macro_num,longitud_cabello_macro_num,peinado_macro_num,camisa_macro_num,pantalon_macro_num,color_piel_macro_num
3,1841-08-14,"El Jueves dia 12 del corriente, se perdió una cholita llamada Melchora Vidal, del callejon de Pelateros N°253 de la provincia de Conchucos a la persona que diere razon de su paradero se le dara una gratificacion",,Melchora Vidal,F,,,cholita,,,,,,,,,,,,,,,,,,,,,,,,,,,,,,,,,,Desconocido,Desconocido,Desconocido,Desconocido,Desconocido,Desconocido,Desconocido,Desconocido,Desconocido,Desconocido,Desconocido,Desconocido,Cholos/Chinas,2,1,0,0,5,0,3,3,2,4,6,2
4,1841-08-21,"Se ha perdido un cholito como de edad de ocho años, gordo, cara redonda, ancho de espaldas, ojos grandes, nariz roma, su nombre Santos, con chaqueta azul y pantalon de dril de Amotape, la persona que lo hubiese encontrado se servira entregarlo a Da. Gregoria Helguero su madrina en la tiraduria de la calle de Judios donde se le dara una gratificacion a la persona que lo entregue ó dé razon de su paradero",,Santos,M,ocho años,,cholito,,"gordo, ancho de espaldas",cara redonda,ojos grandes,,,nariz roma,,,,,,,,,,,,,,,,chaqueta azul ,pantalon de dril de Amotape,,,,,,,,,,8.0,Desconocido,Desconocido,Forma geométrica / estructura,grandes,Roma,Desconocido,Desconocido,Desconocido,Desconocido,Desconocido,Desconocido,Cholos/Chinas,2,1,2,5,10,0,3,3,2,4,6,2
5,1841-10-04,"De un niño de edad de dos años á las nueve del dia de ayer en la plaza de la Inquisición, su nombre Abelino, vestido con un trajesito color obscuro -La persona que lo hubiese encontrado ocurra á esta imprenta donde se le dara razon y será gratificado.   ",PERDIDA,Abelino,M,dos años,,,,,,,,,,,,,,,,,,,,,,,,, vestido con un trajesito color obscuro,,,,,,,,,,,2.0,Desconocido,Desconocido,Desconocido,Desconocido,Desconocido,Desconocido,Desconocido,Desconocido,Desconocido,Desconocido,Desconocido,Desconocido,2,1,0,0,5,0,3,3,2,4,6,3
6,1842-08-24,"Se ha perdido una muchacha como de 11 á 16 años de edad, baja de cuerpo, gordita, cara redonda, ojos pequeños, nariz [..], se llama Mar.., es natural de T..: la persona que avise de su paradero será gratificada.. en esta imprenta daran razon.  ",AHORA 15 DIAS.,Mar...,F,11 a 16 años de edad,T..,,baja de cuerpo, gordita,cara redonda,ojos pequeños,,,,,,,,,,,,,,,,,,,,,,,,,,,,,,13.5,Bajo / Pequeño,Desconocido,Forma geométrica / estructura,pequeños,Desconocido,Desconocido,Desconocido,Desconocido,Desconocido,Desconocido,Desconocido,Desconocido,1,1,2,8,5,0,3,3,2,4,6,3
8,1842-12-01,"Un joven nombrado José Felix Flores, de edad de 11 años, desde el dia 29 del próximo pasado Octubre, habiendo sido remitido del Callao para Lima, es natural del Callao y tiene una cicatriz en la ceja del lado izquierdo. La persona que diere noticia de su paradero será gratificada por su familia",SE HA HUIDO,José Felix Flores,M,11 años,Callao,,,,,,,,,,,,,,,,,, cicatriz en la ceja del lado izquierdo,,,,,,,,,,,,,,,,,11.0,Desconocido,Desconocido,Desconocido,Desconocido,Desconocido,Desconocido,Desconocido,Desconocido,Desconocido,Desconocido,Desconocido,Desconocido,2,1,0,0,5,0,3,3,2,4,6,3
11,1843-01-07,"A la persona que dé noticia del paradero de una cholita llamada Natividad, de ocho á diez años de edad, que se perdió el dia 5 del presente á las 7 de la noche, y tiene señales siguientes: pelo corto, picada de viruelas y boca grande.",CUATRO $ DE GRATIFICACION,Natividad,F,ocho a diez años de edad,,cholita,,,,,,,,boca grande,,,,,,pelo corto,,,,picada de viruelas,,,,,,,,,,,,,,,,9.0,Desconocido,Desconocido,Desconocido,Desconocido,Desconocido,Grande / Bocona / Jetona / Hocicona,Desconocido,Corto / Cortado / Recortado,Desconocido,Desconocido,Desconocido,Cholos/Chinas,2,1,0,0,5,1,3,2,2,4,6,2
12,1843-05-20,"Al que de aviso seguro del paradero de un cholito llamado José, de nueve a diez años, vestido de jenero azul, que el Viernes á la una del dia se salió de la casa de la Pila, junto al almacen grande N°155 y á donde se podra dirijir cualquiera noticia",UNA BUENA GRATIFICACIÓN,José,M,nueve a diez años,,cholito,,,,,,,,,,,,,,,,,,,,,,, vestido de jenero azul,,,,,,,,,,,9.5,Desconocido,Desconocido,Desconocido,Desconocido,Desconocido,Desconocido,Desconocido,Desconocido,Desconocido,Desconocido,Desconocido,Cholos/Chinas,2,1,0,0,5,0,3,3,2,4,6,2
13,1843-07-11,"Ha fugado de la casa número 34 de la calle del Capon, una cholita serrana de edad de 14 años, corcobadita, ancha y pequeña de cuerpo, nariz bien grande y afilada, ojos pequeños y que ignora casi en todo el idioma castellano. Quien la entregare o diere noticia de ella, recibirá gratificacion en dicha casa.",AL PÚBLICO,,F,14 años,serrana,cholita,,"corcobadita, ancha y pequeña de cuerpo",,ojos pequeños,,,nariz bien grande y afilada,,,,,,,,,,,,,,,,,,,,,,,,,,,14.0,Desconocido,Desconocido,Desconocido,pequeños,Mixta,Desconocido,Desconocido,Desconocido,Desconocido,Desconocido,Desconocido,Cholos/Chinas,2,1,0,8,7,0,3,3,2,4,6,2
14,1843-08-10,"La persona que supiese ó tenga un muchacho nombrado Lorenzo, que se fué de la casa de su familia el 2 de este, ocurra á la calle de Veracruz, tienda N°367 donde será gratificado, sus señales son, diez años, picado de viruelas, color peruano y tiene berrugas en la mano derecha.",AVISO,Lorenzo,M,diez años,,color peruano,,,,,,,,,,,,,,,,,,picado de viruelas,,berrugas en la mano derecha,,,,,,,,,,,,,,10.0,Desconocido,Desconocido,Desconocido,Desconocido,Desconocido,Desconocido,Desconocido,Desconocido,Desconocido,Desconocido,Desconocido,Peruanos,2,1,0,0,5,0,3,3,2,4,6,7
15,1843-08-11,"Se dará una gratificacion á la persona que diere razon del paradero de un cholito pequeño, de edad de seis años, muy gordo, nombrado Santiago, que hoy á las once del dia lo han robado en la calle de las Campanas para el Marques de Salinas. Darán razon de sus patrones en esta imprenta",,Santiag,M,edad de seis años,,cholito,,"pequeño, muy gordo",,,,,,,,,,,,,,,,,,,,,,,,,,,,,,,,6.0,Desconocido,Desconocido,Desconocido,Desconocido,Desconocido,Desconocido,Desconocido,Desconocido,Desconocido,Desconocido,Desconocido,Cholos/Chinas,2,1,0,0,5,0,3,3,2,4,6,2
16,1843-11-10,"A la persona que presente y entregue en la casa N°96 calle de Concha, á una cholita que se robaron en fines de Setiembre proximo pasado saliendo despues de la oracion á la pulpería. Las señales son, nombre Maria, edad de 7 á 8 años, estatura proporcionada, cara aguileña con algunas pintas de viruelas, color mestizo",UNA BUENA GRATIFICACION,Maria,F,7 a 8 años,,color mestizo,estatura proporcionada,,cara aguileña,,,,,,,,,,,,,,,con algunas pintas de viruelas,,,,,,,,,,,,,,,,7.5,Mediano / Regular,Desconocido,Forma geométrica / estructura,Desconocido,Desconocido,Desconocido,Desconocido,Desconocido,Desconocido,Desconocido,Desconocido,Mestizos,4,1,2,0,5,0,3,3,2,4,6,5
17,1843-12-14,"En la mañana de hoy un chiquillo como de dos años de edad, color chino, lleva calzon azul, en mangas de camisa, y peinado de trenzas. Se perdió en la plazuela de San Agustin frente dela iglesia en una cochera, en la cual aun no se sabe hablar, tambien tiene la mano izquierda amarrada con un trapo blanco. La persona que lo hubiese encontrado puede entregarlo en la cochera dicha de San Agustin donde estan sus padres",SE HA PERDIDO,,M,dos años de edad,,color chino,,,,,,,,,,,,,,,,peinado de trenzas,,,,,,,en mangas de camisa,calzon azul,,,,,,,,,,2.0,Desconocido,Desconocido,Desconocido,Desconocido,Desconocido,Desconocido,Desconocido,Desconocido,Trenzas,Mangas de camisa,Azul,Cholos/Chinas,2,1,0,0,5,0,3,3,7,6,2,2
18,1844-01-13,"En la mañana de ayer se ha desaparecido de su casa una muchacha que se llama Catalina, de 13 años de edad, de estatura mediana, chola, color claro, ojo chico, pelo corto, gruesa y fornida de cuerpo, vestida con traje de olan colorado la persona que la entregue ó dé razon de su paradero será gratificada, en esta imprenta daran razon",AVISO,Catalina,F,13 años de edad,,color claro,estatura mediana,gruesa y fornida de cuerpo,,ojo chico,,,,,,,,,,pelo corto,,,,,,,,,traje de olan colorado,,,,,,,,,,,13.0,Mediano / Regular,Grueso / Gordo / Robusto,Desconocido,Desconocido,Desconocido,Desconocido,Desconocido,Corto / Cortado / Recortado,Desconocido,Traje,Desconocido,Blancos/Claros,4,3,0,0,5,0,3,2,2,8,6,1
20,1844-03-28,"A la persona que se hubiese encontrado un chiquillo de 5 años de edad, color peruano, su nombre Marcos, que se perdió ayer 26 á las ocho de la mañana de su casa, conocida por la Borda abajo del Puente calle Nueva. Ocurra á esta imprenta y darán razon.  ",GRATIFICACION,Marcos,M,13 años de edad,,color peruano,,,,,,,,,,,,,,,,,,,,,,,,,,,,,,,,,,13.0,Desconocido,Desconocido,Desconocido,Desconocido,Desconocido,Desconocido,Desconocido,Desconocido,Desconocido,Desconocido,Desconocido,Peruanos,2,1,0,0,5,0,3,3,2,4,6,7
22,1844-07-03,"Anoche á eso de las 7, una muchacha de edad como de 13 años, llamada Maria, de cuerpo delgado, un poco flaca, india china, color amarillento, pelo largo, cara y nariz aguileña, y aun las mandíbulas bastante comprimidas que hacen una proyección, hácia fuera, semejando a una boca de cabra, y los ojos turbios y tristones.  Quien la entregase ó dé razon de su paradero tendrá una buena gratificacion",SE HA HUIDO,Maria,F,13 años,india china,color amarillento,,"cuerpo delgado, un poco flaca",cara aguileña,ojos turbios y tristones,,,nariz aguileña," las mandíbulas bastante comprimidas que hacen una proyección, hácia fuera, semejando a una boca de cabra",,,,,,pelo largo,,,,,,,,,,,,,,,,oreja chica,,,,13.0,Desconocido,Desconocido,Forma geométrica / estructura,expresivos / forma especial,Aguileña,Desconocido,Desconocido,Largo / Trenzas largas,Desconocido,Desconocido,Desconocido,Amarillo/Amarillento,2,1,2,4,1,0,3,4,2,4,6,0
23,1844-07-24,"El Lunes 21 del presente se ha perdido un cholito llamado Andres Ascarate; tiene las señales siguientes: cargado de hombros, cara redonda, picado de viruelas, ojos chicos pardos, pestaña poca, nariz pequeña, boca regular, dientes grandes y muy blancos, oreja chica, frente idem, edad diez años, su nombre propio es Aniceto Avila. A la persona que dé razon de su paradero ó lo entregue se le dará una gratificacion en el colegio de Nuestra Señora de Guadalupe",AVISO,Andres Ascarate,M,diez años,,cholito,,cargado de hombros,cara redonda,ojos chicos pardos,,pestaña poca,nariz pequeña,"boca regular, dientes grandes y muy blancos",,, frente idem,,,,,,,picado de viruelas,,,,,,,,,,,,,,,,10.0,Desconocido,Especial / Descriptivo,Forma geométrica / estructura,Mixta,Pequeña,Desconocido,Desconocido,Desconocido,Desconocido,Desconocido,Desconocido,Cholos/Chinas,2,2,2,1,8,0,3,3,2,4,6,2
24,1844-07-30,"Una muchacha de edad de 9 á 10 años, llamada Anastasia, color trigueño, picada de viruelas, se ofrecen cuatro pesos de gratificacion á la persona que supiese su paradero, la cual puede ocurrir á esta imprenta que se dará razón",SE HA PERDIDO,Anastasia,F,9 a 10 años,,color trigueño,,,,,,,,,,,,,,,,,, picada de viruelas,,,,,,,,,,,,,,,,9.5,Desconocido,Desconocido,Desconocido,Desconocido,Desconocido,Desconocido,Desconocido,Desconocido,Desconocido,Desconocido,Desconocido,Trigueños/Tostados,2,1,0,0,5,0,3,3,2,4,6,9
26,1844-10-16,"El dia 14 del presente a las 7 de la noche, una muchacha Eduvina de edad de 16 años, era sirvienta de la Sra. Da. Josefa Terri de Zejers, se ha llevado hurtadas varias prendas de uso de la señora. Se suplica á sus amigos y amigas tengan cuidado de no franquear nada de lo que esta pida á su nombre como asi mismo se dignen avisar su paradero, asegurando que á la persona con quien no haya relacion de amistad se le dará una gratificacion. ",SE HA FUGADO,Eduvina,F,6 años,,,,,,,,,,,,,,,,,,,,,,,,,,,,,,,,,,,,6.0,Desconocido,Desconocido,Desconocido,Desconocido,Desconocido,Desconocido,Desconocido,Desconocido,Desconocido,Desconocido,Desconocido,Desconocido,2,1,0,0,5,0,3,3,2,4,6,3
27,1844-12-06,"Ayer 5 ha desaparecido como á eso de las doce del dia, un cholito llamado Espitiru Santo de edad como de nueve á diez años, con la cabeza amarrada por hallarse con una erupción. La persona que diere razon se le dara su gratificacion",PÉRDIDA,Espitiru Santo,M,nueve a diez años,,cholito,,,,,,,,,,,,,,,,,,,,,,la cabeza amarrada por hallarse con una erupción,,,,,,,,,,,,9.5,Desconocido,Desconocido,Desconocido,Desconocido,Desconocido,Desconocido,Desconocido,Desconocido,Desconocido,Desconocido,Desconocido,Cholos/Chinas,2,1,0,0,5,0,3,3,2,4,6,2
28,1844-12-24,"A quien anuncie donde se halla un peruanito de edad de 9 á 10 años, que se perdió en la tarde del 22 del que rige en que fue á comprar un articulo. Este se nombra Francisco Palma, es natural de Tarmatambo, sus señales bajo de cuerpo, pelon, cara redonda, algo chapudito, tiene dos cicatrices en uno y otro carillo hacia las inmediaciones de la boca, otras dos en la frente y hácia el lado izquierdo de ella tiene un oyito que señala en el craneo, salió en mangas de camisa de mandapolan, pantalon de brin blanco, y descalzo de pié y piernas. Quien lo tuviere puede ocurrir a esta imprenta a presentarlo, y se le dará la gratificacion ofrecida y quien supiere donde esté dando el oportuno aviso",SE DÁ UNA GRATIFICACION,Francisco Palma,M,9 a 10 años,Tarmatambo,peruanito,bajo de cuerpo,,"cara redonda,algo chapudito",,,,,,,,,,,,pelon,," tiene dos cicatrices en uno y otro carillo hacia las inmediaciones de la boca, otras dos en la frente y hácia el lado izquierdo de ella tiene un oyito que señala en el craneo",,,,,,mangas de camisa de mandapolan,pantalon de brin blanco,descalzo de pié y piernas,,,,,,,,,9.5,Bajo / Pequeño,Desconocido,Desconocido,Desconocido,Desconocido,Desconocido,Desconocido,Desconocido,Desconocido,Mangas de camisa,Blanco,Peruanos,1,1,0,0,5,0,3,3,2,6,3,7
29,1845-01-31,"A la persona que entregue al muchacho Simon Isasi ó Santa Cruz que se ha fugado el Domingo 9 del presente, llevandose un caballo saino terciado, encasillado con montura del pais y bridas de plata de su uso y varias otras cosas.  Sus señales son las siguientes Color mestizo claro. Estatura mediana Barba ninguna Pelo negro lacio .Vestido con un pantalon azul, chaqueta cabritilla y sombrero de paja blanca, se ignora si ha mudado de vestuario",50$ DE GRATIFICACION,Simon Isasi ó Santa Cruz ,M,,,Color mestizo claro, Estatura mediana,,,,,,,,,,,,pelo negro,,Pelo lacio,,,,,,,,,pantalon azul,,chaqueta cabritilla,sombrero de paja blanca,,,,,,,Desconocido,Desconocido,Desconocido,Desconocido,Desconocido,Desconocido,Desconocido,Desconocido,Desconocido,Desconocido,Desconocido,Azul,Desconocido,2,1,0,0,5,0,3,3,2,4,2,3
30,1845-05-02,"A la persona que de noticia en la casa N°191 de la calle Pozuelo de Santo Domingo del paradero de una cholita de 7 á 8 años llamada Ignacia que el dia lunes 28 del que termina se ha perdido en el pueblo de Chorrillos, ella es ñata, pelo corto, delgada, con trajecito de olan, y la mejor seña es que es enferma de una oreja derecha",SE DARÁ UNA GRATIFICACION,Ignacia,F,7 a 8 años,,cholita,,delgada,,,,,ñata,,,,,,,pelo corto,,,,,,,,es enferma de una oreja derecha,trajecito de olan,,,,,,,,,,,7.5,Desconocido,Delgado / Flaco,Desconocido,Desconocido,Ñata,Desconocido,Desconocido,Corto / Cortado / Recortado,Desconocido,Traje,Desconocido,Cholos/Chinas,2,0,0,0,11,0,3,2,2,8,6,2
31,1845-06-18,"El dia 31 del proximo pasado Mayo se ha huido un muchacho como de diez años de edad llamado Juan Gualberto, tiene una cicatriz en la frente y otra en el pescuezo. La persona que supiese de su paradero puede dirijirse á la calle de los Huerfanos cochera fruteria numero 151 donde recibirá una gratificacion por Melchora Flores",OJO,Juan Gualberto,M,diez años,,,,,,,,,,,,,,,,,,, cicatriz en la frente y otra en el pescuezo,,,,,,,,,,,,,,,,,10.0,Desconocido,Desconocido,Desconocido,Desconocido,Desconocido,Desconocido,Desconocido,Desconocido,Desconocido,Desconocido,Desconocido,Desconocido,2,1,0,0,5,0,3,3,2,4,6,3
32,1845-10-08,"El Sabado 4 á las siete de la mañana un muchacho mestizo de edad de siete años, llamado Romualdo, le falta un diente en la mandíbula superior, vestido de pantalon de dril puereo y camisa de cuadros morados. En esta imprenta darán razon de la persona que ofrece gratificar",SE HA PERDIDO,Romualdo,M,siete años,,mestizo,,,,,,,,,,le falta un diente en la mandíbula superior,,,,,,,,,,,,,camisa de cuadros morados,pantalon de dril puereo,,,,,,,,,,7.0,Desconocido,Desconocido,Desconocido,Desconocido,Desconocido,Desconocido,Desconocido,Desconocido,Desconocido,Camisa,Algodón / Brin / Dril / Mezclilla,Mestizos,2,1,0,0,5,0,3,3,2,0,0,5
33,1845-11-12,"Una cholita del Callao a Lima, media mestiza, de 11 á 12 años. La persona que la encuentre y la entregue en la capitania del puerto del Callao recibira una onza de oro de gratificacion.  ",SE HA PERDIDO,,F,11 a 12 años,Callao ,media mestiza,,,,,,,,,,,,,,,,,,,,,,,,,,,,,,,,,,11.5,Desconocido,Desconocido,Desconocido,Desconocido,Desconocido,Desconocido,Desconocido,Desconocido,Desconocido,Desconocido,Desconocido,Mestizos,2,1,0,0,5,0,3,3,2,4,6,5
34,1845-11-29,"El Jueves 27 se ha perdido un cholito de ocho años de edad, ñato, ojos chicos, sin lagrimal, vestido de colin azul, con sombrero de pelo, llevaba una carta para el Dr. Montero. La persona que lo entregue en la casa numero 28 calle de Aparicio o en esta imprenta, será gratificada con 4 pesos.  ",AVISO,,M,ocho años,,cholito,,,,"ojos chicos, sin lagrimal",,,ñato,,,,,,,,,,,,,,,,vestido de colin azul,,,,sombrero de pelo,,,,,,,8.0,Desconocido,Desconocido,Desconocido,Desconocido,Ñata,Desconocido,Desconocido,Desconocido,Desconocido,Vestido,Desconocido,Cholos/Chinas,2,1,0,0,11,0,3,3,2,10,6,2
35,1846-01-05,"El Sabado 5 del actual una chola llamada Mercedes, de edad de 15 á 16 años, color moreno subido, de estatura retaca, metida en carnes, cara grande, ojos negros chicos, boca grande, frente chica, pero se le agranda cuando quiere rapandosela, nariz grande y fea, pelo largo negro y muy grueso. A la persona que la presente en la oficina de este diario se le dara gratificacion.",SE HA HUIDO,Mercedes,F,15 a 16 años,,color moreno subido,estatura retaca,metida en carnes,cara grande,ojos negros chicos,,,nariz grande y fea,boca grande,,," frente chica, pero se le agranda cuando quiere rapandosela",,negro, largo,muy grueso,,,,,,,,,,,,,,,,,,,15.5,Bajo / Pequeño,Desconocido,Tamaño / proporción,Mixta,Mixta,Grande / Bocona / Jetona / Hocicona,Desconocido,Desconocido,Desconocido,Desconocido,Desconocido,Pardos/Prietos/Mulatos,1,1,5,1,7,1,3,3,2,4,6,6
36,1846-04-07,"Quien supiere ó tuviere un cholito nombrado Faustino, de edad de doce años, que se ha ido el dia 31 de Marzo de donde sus patrona que lo han criado, lo entregará á ellas en la casa N°102 calle de Santa Rosa de los Padres donde recibirá su perspectiva gratificacion.  ",AVISO,Faustino,M,doce años,,cholito,,,,,,,,,,,,,,,,,,,,,,,,,,,,,,,,,,12.0,Desconocido,Desconocido,Desconocido,Desconocido,Desconocido,Desconocido,Desconocido,Desconocido,Desconocido,Desconocido,Desconocido,Cholos/Chinas,2,1,0,0,5,0,3,3,2,4,6,2
37,1846-04-29,"De la casa de Ascárate (en la calle de Jorobado casa numero 167) y el 27 del presente á las 8 de la noche un cholito jaujino que representa de 10 á 12 años de edad, su nombre Nicolas Aguilar, habla poco castellano y tiene unos pequeños cortes en el pelo hechos por travesura",SE HA FUGADO,Nicolas Aguilar,M,11 a 12 años,jaujino,cholito jaujino,,,,,,,,,,,,,,,tiene unos pequeños cortes en el pelo hechos por travesura,,,,,,,,,,,,,,,,,,,11.5,Desconocido,Desconocido,Desconocido,Desconocido,Desconocido,Desconocido,Desconocido,Desconocido,Desconocido,Desconocido,Desconocido,Territorial,2,1,0,0,5,0,3,3,2,4,6,8
38,1846-06-30,"Se ha perdido un muchacho de edad de 11 á 12 años en la noche de ayer, sus señales son las siguientes: mediano para su edad, trigueño, cara redonda, suele ponerse barbiquejo por cubrirse el oído de que adolece, tiene un caustico al cerrarse en el brazo izquierdo por lo que debe tenerlo colgado, anda de poncho de la sierra de listas amarillas, es retaconcito y se llama Manuel: la persona que dé noticia de él recibirá una gratificación, avisando en la Mayoria de Plaza donde darán razon",AVISO,Manuel,M,11 a 12 años,,trigueño,mediano para su edad, retaconcito,cara redonda,,,,,,,,,,,,,,,,,,,,,,,poncho de la sierra de listas amarillas,,,"barbiquejo por cubrirse el oído de que adolece, tiene un caustico al cerrarse en el brazo izquierdo por lo que debe tenerlo colgado",,,,,11.5,Mediano / Regular,Desconocido,Forma geométrica / estructura,Desconocido,Desconocido,Desconocido,Desconocido,Desconocido,Desconocido,Desconocido,Desconocido,Trigueños/Tostados,4,1,2,0,5,0,3,3,2,4,6,9
39,1846-12-11,"En la noche del Domingo último, seis del presente, ha fugado una muchacha nombrada Maria Ojane, natural de la provincia de Tarapacá. Sus señales distintivas son las siguientes: casta, china chola, pelo cortado, edad quince años, estatura regular. […] bien parecida en su clase. La persona que supiese su paradero puede dar razon en esta imprenta, en que se instruira de la persona que la reclama, en uso de la formal autorizacion que tiene de los padres de la muchacha, parandole en caso contrario, a la que la oculte, las penas a la que se hace acreedora atiendida la minoridad de Maria",AVISO,Maria Ojane,F,quince años,natural de la provincia de Tarapacá,china chola, estatura regular,bien parecida en su clase,,,,,,,,,,,,pelo cortado,,,,,,,,,,,,,,,,,,,,15.0,Desconocido,Especial / Descriptivo,Desconocido,Desconocido,Desconocido,Desconocido,Desconocido,Corto / Cortado / Recortado,Desconocido,Desconocido,Desconocido,Cholos/Chinas,2,2,0,0,5,0,3,2,2,4,6,2
40,1846-12-19,"En la mañana del dia 17 del presente se ha fugado un cholito nombrado Mariano Guillen de edad de 12 años, de casa del Señor Comisario de Guerra D. José Coronel Bueno, que sita al terminar la calle de Filipinas esquina de la Ancla frente á la panaderia de este nombre: á la persona que lo entregue en dicha casa ó dé razon cierta de su paradero se le dará una onza de oro de gratificacion, tiene una cicatriz en la sien izquierda",AVISO,Mariano Guillen,M,12 años,,cholito ,,,,,,,,,,,,,,,,,cicatriz en la sien izquierda,,,,,,,,,,,,,,,,,12.0,Desconocido,Desconocido,Desconocido,Desconocido,Desconocido,Desconocido,Desconocido,Desconocido,Desconocido,Desconocido,Desconocido,Desconocido,2,1,0,0,5,0,3,3,2,4,6,3
41,1847-03-05,"A las ocho de la noche de ayer un cholito llamado Asencio de edad de cinco a seis años, con chaqueta de pana verde y sombrero de vicaña. En esta imprenta se dara razon de la persona que ofrece gratificar",SE HA PERDIDO,Asencio ,M,cinco a seis años,,cholito,,,,,,,,,,,,,,,,,,,,,,,chaqueta de pana verde ,,,,sombrero de vicaña,,,,,,,5.5,Desconocido,Desconocido,Desconocido,Desconocido,Desconocido,Desconocido,Desconocido,Desconocido,Desconocido,Desconocido,Desconocido,Cholos/Chinas,2,1,0,0,5,0,3,3,2,4,6,2
42,1847-03-22,"Quien hubiere hallado un cholito de once á doce años, llamado Eujenio con chaqueta y pantalon color mezclilla de algodón, collar mestizo, buena cara, ojos negros, hijo de Concepcion de Juaja, pelon, cara redonda, con sombrero de paja de italia faldon, quien lo presente ó de razon se le dara una buena gratificacion, en la casa de las Aldavas en el principal de los altos Sra. Da Juana Illescas de Illanes",,Eujenio,M,once a doce años,,cholito,,,"buena cara,cara redonda",ojos negros,,,,,,,,,,pelon,,,,,,,,,chaqueta color mezclilla de algodón,pantalon color mezclilla de algodón,,,sombrero de paja de italia faldon,,collar mestizo,,,,,11.5,Desconocido,Desconocido,Desconocido,negros,Desconocido,Desconocido,Desconocido,Desconocido,Desconocido,Desconocido,Desconocido,Cholos/Chinas,2,1,0,6,5,0,3,3,2,4,6,2
43,1847-06-25,"En la noche del 21 del corriente se ha perdido un cholito nombrado Saturnino, como de siete años, ñato, con el pelo de la frente parado, cara redonda. La persona que dé razon de el, será gratificada. En esta imprenta se dará razon del dueño. ",AVISO,Saturnino,M,siete años,,cholito,,,cara redonda,,,,ñato,,,,,,,,pelo de la frente parado,,,,,,,,,,,,,,,,,,,7.0,Desconocido,Desconocido,Forma geométrica / estructura,Desconocido,Ñata,Desconocido,Desconocido,Desconocido,Desconocido,Desconocido,Desconocido,Cholos/Chinas,2,1,2,0,11,0,3,3,2,4,6,2
45,1847-08-14,"La persona que supiere ó diere razon del paradero de un cholito mestizo blanco que se ha huido de la casa de su patron hace un mes, se le dara una gratificacion a quien diere noticia de él, su nombre es Lino Rodriguez, de edad de 10 á 11 años, vestido con pantalon de puño cabritilla ancho, camisa de olan blanco con pintas moradas y […] con lobo.  ",,Lino Rodriguez,M,10 a 11 años,,cholito mestizo blanco,,,,,,,,,,,,,,,,,,,,,,,camisa de olan blanco con pintas moradas,pantalon de puño cabritilla ancho,,,,,,,,,,10.5,Desconocido,Desconocido,Desconocido,Desconocido,Desconocido,Desconocido,Desconocido,Desconocido,Desconocido,Camisa,Cabritilla,Mestizos,2,1,0,0,5,0,3,3,2,0,4,5
46,1847-09-13,"Una cholita, de edad de ocho á nueve años, ojos grandes, y que contesta por el nombre de […]: se ha salido de la casa en que estaba el Domingo 12 del que rije á las seis y media de la mañana, vestida con camison de coco y un traje con cuello de olan café, de listas con flores. Está recien venida de la sierra; y se dará una gratificacion á quien la entregue a sus patronas. En esta imprenta se dará razon",PERDIDA,,F,ocho a nueve años,sierra,cholita,,,,ojos grandes,,,,,,,,,,,,,,,,,,,"camison de coco y un traje con cuello de olan café, de listas con flores",,,,,,,,,,,8.5,Desconocido,Desconocido,Desconocido,grandes,Desconocido,Desconocido,Desconocido,Desconocido,Desconocido,Desconocido,Desconocido,Cholos/Chinas,2,1,0,5,5,0,3,3,2,4,6,2
47,1847-09-18,"El Lunes 13 del presente se ha huido un cholito de nueve años, ñato, frente pequeña, […] y de muchas berrugas en las manos: la persona que lo tenga tendra la bondad de dar aviso en los altos de la Sra. Lequeri.. esquina de Gato. El muchacho se llama Bartolo Suarez",AVISO,Bartolo Suarez,M,nueve años,,cholito ,,,,,,, ñato,,,,frente pequeña,,,,,,,,,muchas berrugas en las manos,,,,,,,,,,,,,,9.0,Desconocido,Desconocido,Desconocido,Desconocido,Desconocido,Desconocido,Chica / Pequeña,Desconocido,Desconocido,Desconocido,Desconocido,Desconocido,2,1,0,0,5,0,1,3,2,4,6,3
48,1847-09-21,"A la persona que dé razon de una muchachita de edad de cuatro años, color trigueño y con un […] alrededor del ojo izquierdo, en la calle de A.. en la casa antes de la imprenta de “Correo Peruano” darán razon de su dueño",UNA ONZA DE GRATIFICACION,,F,cuatro años,, color trigueño,,,,,,,,,,,,,,,,,,,,,,,,,,,,,,,,,,4.0,Desconocido,Desconocido,Desconocido,Desconocido,Desconocido,Desconocido,Desconocido,Desconocido,Desconocido,Desconocido,Desconocido,Desconocido,2,1,0,0,5,0,3,3,2,4,6,3
49,1847-10-09,"Una cholita de 7 á 8 años, ojos grandes, cara redonda, pelo corto, su nombre Rosa, se ha salido de la casa en que estaba el Martes 5 del presente á las dos de la tarde, vestida con camison de coco, y traje de olan á listas blancas y coloradas. Esta recien venida de Jauja y no entiende ni una palabra del castellano. A la persona que la entregase ó avisase de su paradero se le dara una gratificacion en la casa número 160, calle del Correo Viejo",PERDIDA,Rosa,F,7 a 8 años,Jauja ,cholita,,,cara redonda,ojos grandes,,,,,,,,,,pelo corto,,,,,,,,,"camison de coco, y traje de olan á listas blancas y coloradas",,,,,,,,,,,7.5,Desconocido,Desconocido,Forma geométrica / estructura,grandes,Desconocido,Desconocido,Desconocido,Corto / Cortado / Recortado,Desconocido,Desconocido,Desconocido,Cholos/Chinas,2,1,2,5,5,0,3,2,2,4,6,2
50,1847-10-26,"Nombrada Simona, de 12 á 14 años, se ha huido de su casa. La persona que sepa de su paradero, dé razon en esta imprenta y será gratificada",UNA CHOLITA,Simona,F,13 a 14 años,,cholita,,,,,,,,,,,,,,,,,,,,,,,,,,,,,,,,,,13.5,Desconocido,Desconocido,Desconocido,Desconocido,Desconocido,Desconocido,Desconocido,Desconocido,Desconocido,Desconocido,Desconocido,Cholos/Chinas,2,1,0,0,5,0,3,3,2,4,6,2
51,1847-10-30,"Se ha fugado del Callao, un cholo nombrado Santos, de 11 años, con bozo, cuerpo regular, y peruano, se sabe que permanece en esta Capital, la persona que sepa donde se halla y dé razon en esta imprenta, será gratificada. ",OJO,Santos,M,11 años,Callao,"cholo,peruano",,cuerpo regular,con bozo,,,,,,,,,,,,,,,,,,,,,,,,,,,,,,,11.0,Desconocido,Regular / Normal / Proporcionado,Rasgos especiales,Desconocido,Desconocido,Desconocido,Desconocido,Desconocido,Desconocido,Desconocido,Desconocido,Desconocido,2,5,3,0,5,0,3,3,2,4,6,3
52,1847-10-30,"El Viernes veinte y dos a las ocho y media de ella, se ha fugado una chola nombrada Maria, de edad de trece á catorce años, son señales son las siguientes: cara aguileña, ojos pequeños, nariz regular, boca grande, tiene una cicatriz al medio de la mollera; le falta el pallar de la oreja izquierda, está vestida con un traje de cambray color morado con ramas […] blanca, gorda de cuerpo: la persona que dé razon de su paradero ó la entregue en la casa N°81 en el principal calle de S. Pedro tendrá una buena gratificacion.  ",,Maria,F,trece a catorce años,,blanca,,gorda de cuerpo,cara aguileña,ojos pequeños,,,nariz regular,boca grande,,,,,,,,,cicatriz al medio de la mollera,,,,,,traje de cambray color morado con ramas,,,,,,,le falta el pallar de la oreja izquierda,,,,13.5,Desconocido,Grueso / Gordo / Robusto,Forma geométrica / estructura,pequeños,Regular / Normal,Grande / Bocona / Jetona / Hocicona,Desconocido,Desconocido,Desconocido,Traje,Desconocido,Blancos/Claros,2,3,2,8,9,1,3,3,2,8,6,1
53,1847-11-02,"Se ha fugado del Callao, un cholo nombrado Santos, de 14 años, con bozo, cuerpo regular y piurano, se sabe que permanece en esta Capital. La persona que sepa donde se halla y dé razon en esta imprenta, será gratificada. ",OJO,Santos,M,14 años,Callao,,,cuerpo regular,con bozo,,,,,,,,,,,,,,,,,,,,,,,,,,,,,,,14.0,Desconocido,Regular / Normal / Proporcionado,Rasgos especiales,Desconocido,Desconocido,Desconocido,Desconocido,Desconocido,Desconocido,Desconocido,Desconocido,Desconocido,2,5,3,0,5,0,3,3,2,4,6,3
54,1847-11-02,"El Viernes veinte y dos á las ocho y media de ella, se ha fugado una chola nombrada María, de edad de trece á catorce años, sus señales son las siguientes: cara aguileña, ojos pequeños, nariz regular, boca grande, tiene una cicatriz al medio de la mollera; le falta el pallar de la oreja izquierda, está vestida con un traje de cambray color morado con ramason menuda blanca, gorda de cuerpo: la persona que dé razon de su paradero ó la entregue en la casa N° 84 en el principal calle de S. Pedro tendrá una buena gratificacion. ",,María,F,trece a catorce años,,chola,,gorda de cuerpo,cara aguileña,ojos pequeños,,,nariz regular,boca grande,,,,,,,,,cicatriz al medio de la mollera,,,,,,traje de cambray color morado con ramason menuda blanca,,,,,,,le falta el pallar de la oreja izquierda,,,,13.5,Desconocido,Grueso / Gordo / Robusto,Forma geométrica / estructura,pequeños,Regular / Normal,Grande / Bocona / Jetona / Hocicona,Desconocido,Desconocido,Desconocido,Traje,Desconocido,Cholos/Chinas,2,3,2,8,9,1,3,3,2,8,6,2
55,1847-11-03,"En el dia de ayer ha desaparecido un cholito llamado Vicente, de edad de nueve años; está vestido con un pantalon de paño azul y chaqueta de cúbica del mismo color; la persona que dé razon de su paradero recibirá una buena gratificación. En esta imprenta darán razon de la persona que lo reclama",AVISO AL PUBLICO,Vicente,M,nueve años,,cholito,,,,,,,,,,,,,,,,,,,,,,,chaqueta de cúbica azul,pantalon de paño azul,,,,,,,,,,9.0,Desconocido,Desconocido,Desconocido,Desconocido,Desconocido,Desconocido,Desconocido,Desconocido,Desconocido,Desconocido,Casimir / Paño / Lana / Seda / Cordellate,Cholos/Chinas,2,1,0,0,5,0,3,3,2,4,5,2
56,1847-11-03,"Se ofrece á la persona que dé noticia ó entregue en la cuadra del Mascaron número 264, un cholito natural de Piura, llamado Juan Guaman, de edad de 10 años, con una mancha en el carillo derecho",UNA BUENA GRATIFICACION,Juan Guaman,M,10 años,Piura,cholito,,,,,,,,,,,,,,,,,,,mancha en el carillo derecho,,,,,,,,,,,,,,,10.0,Desconocido,Desconocido,Desconocido,Desconocido,Desconocido,Desconocido,Desconocido,Desconocido,Desconocido,Desconocido,Desconocido,Cholos/Chinas,2,1,0,0,5,0,3,3,2,4,6,2
57,1847-11-03,"El dia 31 del pasado Octubre se ha salido de la casa de sus patrones, un cholito de edad de 13 á 14 años, nombrado Vicente: a quien se le ha criado desde muy tierno. Se encarga a la persona á cuya casa se haya acojido lo presente á su patron de quien se le dará razon en esta imprenta, en la intelijencia de que se le dará una gratificacion; y que de no hacerlo, descubierto que sea quien lo retiene, será responsable á la multa que el reglamento de policia impone en casos iguales",AVISO,Vicente,M,13 a 14 años,,cholito,,,,,,,,,,,,,,,,,,,,,,,,,,,,,,,,,,13.5,Desconocido,Desconocido,Desconocido,Desconocido,Desconocido,Desconocido,Desconocido,Desconocido,Desconocido,Desconocido,Desconocido,Cholos/Chinas,2,1,0,0,5,0,3,3,2,4,6,2
58,1847-11-22,"En la noche del Domingo 21 se han robado un muchacho de 7 años de edad, vestido de pantalon azul y chaqueton verde obscuro, cabezon, ñato, bocon, casta cholo, muy pequeño de estatura, su nombre Antonio, su patrona vive en la calle de Judios, tienda N°111, a la persona que diese noticia ó lo entregase se le dara una gratificacion. ",AVISO,Antonio,M,7 años,,casta cholo,muy pequeño de estatura,,cabezon,,,,ñato,bocon,,,,,,,,,,,,,,,chaqueton verde obscuro,pantalon azul,,,,,,,,,,7.0,Bajo / Pequeño,Desconocido,Tamaño / proporción,Desconocido,Ñata,Desconocido,Desconocido,Desconocido,Desconocido,Chaqueta,Azul,Cholos/Chinas,1,1,5,0,11,0,3,3,2,3,2,2
59,1847-12-13,"El Jueves nueve del presente se ha desaparecido un muchacho nombrado Doroteo, de edad de 12 años: la ropa que lleva en el cuerpo es la siguiente: pantalon negro de lana, chaqueton de mezclilla, sombrero de paja roto por falda: es de cara redonda ojos pequeños: es indio y que mas se asemeja a á zambo: se ofrece una gratificacion á la persona que lo tome ó de noticias de de él: en la imprenta se dará razon de la casa á que pertenece el expresado muchacho",AVISO,Doroteo,M,12 años,,es indio y que mas se asemeja a á zambo,,,cara redonda,ojos pequeños,,,,,,,,,,,,,,,,,,,chaqueton de mezclilla,pantalon negro de lana,,,sombrero de paja roto por falda,,,,,,,12.0,Desconocido,Desconocido,Forma geométrica / estructura,pequeños,Desconocido,Desconocido,Desconocido,Desconocido,Desconocido,Chaqueta,Desconocido,Desconocido,2,1,2,8,5,0,3,3,2,3,6,3
60,1848-01-04,"Un muchacho de doce años, casta indíjena, nombrado Jacinto, gordo, caranton y ajestado, ha salido de su casa ayer en la tarde y no ha vuelto: se infiere que alguno que lo haya inquietado. El que lo tenga ó sepa de su paradero avisará en esta imprenta donde se le dirá á quien corresponde y se le dará una gratificacion.",AVISO,Jacinto,M,doce años,,casta indíjena,,gordo,caranton y ajestado,,,,,,,,,,,,,,,,,,,,,,,,,,,,,,,12.0,Desconocido,Grueso / Gordo / Robusto,Edad / estado / apariencia,Desconocido,Desconocido,Desconocido,Desconocido,Desconocido,Desconocido,Desconocido,Desconocido,Desconocido,2,3,1,0,5,0,3,3,2,4,6,3
61,1848-01-11,"Al que dé noticia de un peruanito que se ha desaparecido de su casa, nombrado Francisco Valdion, el que está vestido con camisa de listado azul con blanco, pantalon de pana negro forrado en tocuyo y chaqueton de paño azul con sombrero de junco de á 2 hrs. Tiene unas cicatrices en ámbos lados de la parte superior de la garganta y otras en los lados de la frente, es de edad de once años, natural de Tarmatambo, y está educándose para lo que fué remitido por su madre Isabel Amalla. Al que lo presente ó dé aviso de la parte donde que sea recojido: en esta imprenta darán razón del que la solicita",SE DA UNA GRATIFICACION,Francisco Valdion,M,once años,Tarmatambo, peruanito,,,,,,,,,,,,,,,,,cicatrices en ámbos lados de la parte superior de la garganta y otras en los lados de la frente,,,,,,"camisa de listado azul con blanco,chaqueton de paño azul",pantalon de pana negro forrado en tocuyo,,,sombrero de junco de á 2 hrs,,,,,,,11.0,Desconocido,Desconocido,Desconocido,Desconocido,Desconocido,Desconocido,Desconocido,Desconocido,Desconocido,Desconocido,Negro,Desconocido,2,1,0,0,5,0,3,3,2,4,7,3
62,1848-01-20,"El Lunes 17 en la noche se ha desaparecido un cholito de edad como de unos diez años, llamado Modesto. Vá vestido de pantalon blanco y camisa morada. La persona que supiese de él, puede ocurrir á la calle de la portada del Callao, casa N°17. ",AVISO,Modesto,M,diez años,,cholito,,,,,,,,,,,,,,,,,,,,,,,camisa morada,pantalon blanco,,,,,,,,,,10.0,Desconocido,Desconocido,Desconocido,Desconocido,Desconocido,Desconocido,Desconocido,Desconocido,Desconocido,Camisa,Blanco,Cholos/Chinas,2,1,0,0,5,0,3,3,2,0,3,2
63,1848-02-11,"A la persona que dé noticias de un jóven Antonio Ramos o Aguirre, que se ha llevado una mula castaña y otras cosas de la propiedad de la Sra. Da. Maria Gamarra, ve […] y del comercio de la provincia litoral del Callao: el indicado sabe dibujar y bordar, está recien llegado y con pasaporte de Huacho: es algo pequeño, delgado, trigueño, picado de viruelas, narigon, tiene una chaqueta de paño color concho de vino, pelo y pantalon negro. En esta imprenta darán razon de la persona solicitante",UNA GRATIFICACION,Antonio Ramos o Aguirre,M,,Huacho,trigueño,algo pequeño,delgado,,,,,narigon,,,,,negro,,,,,,picado de viruelas,,,,,chaqueta de paño color concho de vino,pantalon negro,,,,,,,,,,Desconocido,Bajo / Pequeño,Delgado / Flaco,Desconocido,Desconocido,Grande / Narigona,Desconocido,Desconocido,Desconocido,Desconocido,Chaqueta,Negro,Trigueños/Tostados,1,0,0,0,6,0,3,3,2,3,7,9
64,1848-02-14,"Un cholito como de 10 años, bonito de cara, pantalon azul, camisa blanca, y con un zapato. El 12 del presente mes [Enero] á las 8 de la mañana se ha desaparecido de su casa. Al que entregue ó diga donde se halla una buena gratificacion, En esta imprenta se dará razon de su casa.  ",AVISO,,M,10 años,,cholito,,,bonito de cara,,,,,,,,,,,,,,,,,,,,camisa blanca,pantalon azul,con un zapato,,,,,,,,,10.0,Desconocido,Desconocido,Valoración estética,Desconocido,Desconocido,Desconocido,Desconocido,Desconocido,Desconocido,Camisa,Azul,Cholos/Chinas,2,1,6,0,5,0,3,3,2,0,2,2
65,1848-02-16,"El Domingo 13 del actual ha fugado de casa de su ama la sierva Francisca Susana Vigueras, de casta china chola, de 16 años, sus señales: cara redonda, ñata, bocona, labios gruesos, con una cicatriz en la ceja izquierda, otra en el pescuezo; con un traje rosado de dos bobos, ribeteado con una cinta negra, pañuelon de levantina negro con concho de vino. Se previene que la persona que la entregue recibirá una gratificacion, como que se hace responsable de personas y jornales á la persona que la oculte, segun lo dispuesto á este respecto. Pueden ocurrir a la calle de San Sebastian, casa N° 173, en los altos frente á la iglesia",AVISO,Francisca Susana Vigueras,F,6 años,, casta china chola,,,cara redonda,,,,ñata,bocona, labios gruesos,,,,,,,,"cicatriz en la ceja izquierda, otra en el pescuezo",,,,,,"traje rosado de dos bobos, ribeteado con una cinta negra",,,,, pañuelon de levantina negro con concho de vino,,,,,,6.0,Desconocido,Desconocido,Forma geométrica / estructura,Desconocido,Ñata,Grande / Bocona / Jetona / Hocicona,Desconocido,Desconocido,Desconocido,Desconocido,Desconocido,Desconocido,2,1,2,0,11,1,3,3,2,4,6,3
66,1848-03-01,"Se ha fugado de la casa de su tutor y curador, un muchacho de edad de trece años, mestizo blanco, nombrado Juan Vera. Sus señales son las siguientes -Pelo pardo crespo, cara regular, ojos pequeños pardos, frente pequeña calzada, nariz roma, boca regular, labio inferior grueso, barba puntiaguda -Su vestido se compone de chaqueta de jenero de algodon aurora y pantalon de lo mismo color gris rayado; sombrero de paja chico, camisa de algodon rosada, y pies descalzos. Las personas que puedan dar noticia de su paradero, serán bien gratificadas en la casa N°356 de la calle de Sta. Ana, donde vive el D.D. José Rodriguez",AVISO,Juan Vera,M,trece años,,mestizo blanco,,,cara regular,ojos pequeños pardos,,,nariz roma,boca regular,labio inferior grueso,,frente pequeña calzada,barba puntiaguda,Pelo pardo ,,crespo,,,,,,,,"chaqueta de jenero de algodon aurora,camisa de algodon rosada",pantalon de lo mismo color gris rayado,,,sombrero de paja chico,,,,,,,13.0,Desconocido,Desconocido,Regular / neutral,Mixta,Roma,Regular / Normal,Calzada,Desconocido,Desconocido,Desconocido,Desconocido,Mestizos,2,1,4,1,10,3,0,3,2,4,6,5
68,1848-06-05,"Se dará una gratificacion á la persona que dé noticia del paradero de una cholita que ha fugado el Sábado 3 del corriente, nombrada Eulalia de 11 años de edad. Está vestida con traje aurora, delantar y pañuelo amarillo de algodon, todo nuevo y cuyo aviso tiene el que corresponde la policia. En esta imprenta se dará razon",AVISO,Eulalia,F,11 años,,cholita,,,,,,,,,,,,,,,,,,,,,,,vestida con traje aurora,,,,,"pañuelo amarillo de algodon, todo nuevo ","delantar amarillo de algodon, todo nuevo ",,,,,11.0,Desconocido,Desconocido,Desconocido,Desconocido,Desconocido,Desconocido,Desconocido,Desconocido,Desconocido,Vestido,Desconocido,Cholos/Chinas,2,1,0,0,5,0,3,3,2,10,6,2
69,1848-07-20,"Ha desaparecido de la casa, altos en la esquina Mascaron, una chola de catorce á quince años, nombrada Valentina, tiene cara aguileña, nariz afilada, ojos pequeños, trigueña, estatura regular. La persona que denuncie su paradero se la dará una gratificación; y así mismo se previene á la que la tenga y no la entregue sufrir la multa designada en el reglamento de policia",AVISO,Valentina,F,catorce a quince año,,"chola,trigueña",estatura regular,,cara aguileña,ojos pequeños,,,nariz afilada,,,,,,,,,,,,,,,,,,,,,,,,,,,14.5,Mediano / Regular,Desconocido,Forma geométrica / estructura,pequeños,Afilada,Desconocido,Desconocido,Desconocido,Desconocido,Desconocido,Desconocido,Desconocido,4,1,2,8,0,0,3,3,2,4,6,3
70,1848-07-24,"Ayer Domingo como á las diez del dia se ha fugado un mesticito, como de ocho años, retaco, cara redonda, ñato, bocon, la oreja izquierda con el pallar de menos y lleva un vestido plomo descolorido. Su patrona vive en el callejon de Balega, cuarto N°17, calle de Judios.",AVISO,,M,ocho años,,mesticito,retaco,,cara redonda,,,,ñato,bocon,,,,,,,,,,,,,,,vestido plomo descolorido,,,,,,,oreja izquierda con el pallar de menos ,,,,8.0,Bajo / Pequeño,Desconocido,Forma geométrica / estructura,Desconocido,Ñata,Desconocido,Desconocido,Desconocido,Desconocido,Vestido,Desconocido,Mestizos,1,1,2,0,11,0,3,3,2,10,6,5
72,1848-09-09,"A la persona que entregue ó dé noticia de una cholita, recien vendida de la Sierra, llamada Ascension, de edad de diez á doce años, muy tostada, está peinada de trenzas, vestida con traje de olan morado con culebritas de colores, camisa de tocuyo con cuello, y pañuelon aurora con flores blancas, que ha desaparecido el Miércoles 6 de la casa N°80 de la calle de la Chacarilla: ocúrrase á dicha casa",MEDIA ONZA DE GRATIFICACION,Ascension,F,diez a once años,Sierra,"cholita,muy tostada",,,,,,,,,,,,,,,,peinada de trenzas,,,,,,,"traje de olan morado con culebritas de colores, camisa de tocuyo con cuello",,,,,pañuelon aurora con flores blancas,,,,,,10.5,Desconocido,Desconocido,Desconocido,Desconocido,Desconocido,Desconocido,Desconocido,Desconocido,Desconocido,Desconocido,Desconocido,Desconocido,2,1,0,0,5,0,3,3,2,4,6,3
73,1848-10-16,"El dia 16 del corriente, ha fugado de la casa, en el Callao, un cholito, cuyo nombre es José Maria Briceño, cajabambino, su edad 11 á 12 años, gordito, vestido con una camisa aurora á listas, pantalon de bayeton azul y poncho del mismo color, de paño ordinario. La persona que lo hubiese ocultado puede entregarlo ó dar aviso en la fielatura de la aduana del Callao. Se suplica tambien á la Intendencia, que haga investigaciones, con la constancia y eficacia que acostumbra, para descubrir el paradero de dicho cholito. Los gastos que ocasionase su aprehension seran satisfechos al recibirlo.  ",AVISO,José Maria Briceño,M,11 a 12 años,,cholito,,gordito,,,,,,,,,,,,,,,,,,,,,camisa aurora á listas,pantalon de bayeton azul,,poncho azul,,paño ordinario,,,,,,11.5,Desconocido,Grueso / Gordo / Robusto,Desconocido,Desconocido,Desconocido,Desconocido,Desconocido,Desconocido,Desconocido,Desconocido,Azul,Cholos/Chinas,2,3,0,0,5,0,3,3,2,4,2,2
75,1848-11-04,"Quien diere aviso de una china chola, nombrada Bartola, que se fugó de casa de su ama el 3 de agosto, sus señales son: estatura regular y cara pequeña, caracha perruna en todo el cuerpo; dará una buena gratificacion á quien diere noticia de su paradero, casa por Sta. Rosa N°97",AVISO,Bartola,F,,,china chola,estatura regular ,,cara pequeña,,,,,,,,,,,,,,caracha perruna en todo el cuerpo,,,,,,,,,,,,,,,,,Desconocido,Desconocido,Desconocido,Tamaño / proporción,Desconocido,Desconocido,Desconocido,Desconocido,Desconocido,Desconocido,Desconocido,Desconocido,Cholos/Chinas,2,1,5,0,5,0,3,3,2,4,6,2
76,1848-11-07,"Se ha salido de la casa de sus patrones, en la noche del 6 del presente, un cholito de edad de catorce años, llamado Vicente, al cual lo han criado desde sus tiernos años. La persona que dé noticia de su paradero, ó lo presente será bien gratificada. En esta imprenta darán razon.  ",AVISO,Vicente,M,catorce años,,cholito,,,,,,,,,,,,,,,,,,,,,,,,,,,,,,,,,,14.0,Desconocido,Desconocido,Desconocido,Desconocido,Desconocido,Desconocido,Desconocido,Desconocido,Desconocido,Desconocido,Desconocido,Cholos/Chinas,2,1,0,0,5,0,3,3,2,4,6,2
77,1848-12-07,"Se dá á la persona que dé aviso de una criada chola que se ha perdido a las 8 y media de la mañana, de la calle de San Antonio N°74 esquina de Trinidad se llama Isabel, es de regular tamaño, boca grande, labios gruesos y manchosos con un color morado, pelo […] escaso, traje de olan a listas café y azul sombreado con negro a eslabones enredados pañuelon con bordadura de colores de seda: se ha dado parte a la Policia y la persona que la […] sufrir la pena que designa el Reglamento de Policia",UNA ONZA DE GARTIFICACION,Isabel,F,,,chola,regular tamaño,,,,,,,boca grande,labios gruesos y manchosos con un color morado,,,,,,pelo escaso,,,,,,,, traje de olan a listas café y azul sombreado con negro a eslabones enredados ,,,,,pañuelon con bordadura de colores de seda,,,,,,Desconocido,Mediano / Regular,Desconocido,Desconocido,Desconocido,Desconocido,Grande / Bocona / Jetona / Hocicona,Desconocido,Desconocido,Desconocido,Desconocido,Desconocido,Cholos/Chinas,4,1,0,0,5,1,3,3,2,4,6,2
78,1849-01-24,"El dia 21 del presente ha sido robada una cholita de doce años, llamada Santos, llevando consigo alhajas de consideracion; la dueña hara responsable de ellas a la persona en cuyo poder se encuentre la chola.",AVISO,Santos,F,doce años,,cholita,,,,,,,,,,,,,,,,,,,,,,,,,,,,,,,,,,12.0,Desconocido,Desconocido,Desconocido,Desconocido,Desconocido,Desconocido,Desconocido,Desconocido,Desconocido,Desconocido,Desconocido,Cholos/Chinas,2,1,0,0,5,0,3,3,2,4,6,2
79,1849-03-08,"Han seducido de casa del que suscribe, una cholita menor de edad llamada Florencia, á quien sus padres bajo de toda responsabilidad la tienen entregada. La persona cuya casa se encuentre tendra á bien devolverla, y no exponerse á las consecuencias y reclamos que se harán para su recojo por- Augusto Monié, calle de la Higuera No. 137",AL PUBLICO,Florencia,F,menor de edad,,cholita,,,,,,,,,,,,,,,,,,,,,,,,,,,,,,,,,,17.0,Desconocido,Desconocido,Desconocido,Desconocido,Desconocido,Desconocido,Desconocido,Desconocido,Desconocido,Desconocido,Desconocido,Cholos/Chinas,2,1,0,0,5,0,3,3,2,4,6,2
80,1849-03-08,"Anoche á la oracion se ha huido de casa de sus patrones un cholito llamado José Cruz, cuyas señales son las siguientes: borrado, una nube un ojo, de edad de nueve á diez años, vestido de pantalon dril plomo de algodón, camisa de olan colorado, natural de S. Luis en la provincia de Huari ó Conchucos altos. La persona que lo encuentre ó dé razon de su paradero ocurra á la calle de Judios No. 104 donde se le dará una gratificacion",OJO AL AVISO,José Cruz,M,nueve a diez años,natural de S. Luis en la provincia de Huari ó Conchucos altos,"cholito,borrado",,,,una nube un ojo,,,,,,,,,,,,,,,,,,,camisa de olan colorado,pantalon dril plomo de algodón,,,,,,,,,,9.5,Desconocido,Desconocido,Desconocido,defecto ocular,Desconocido,Desconocido,Desconocido,Desconocido,Desconocido,Camisa,Desconocido,Desconocido,2,1,0,3,5,0,3,3,2,0,6,3
81,1849-03-24,"Se desea saber el paradero de una cholita de doce á trece años, llamada Bernarda el Domingo 18 por la mañana, y cuyas señas son: cara larga, picada en viruelas, ojos chicos, pelo negro cerdudo, y vestida con un traje de terciopelo cabritilla viejo, un pañuelo de sarga aurora desteñido al pecho. Quien la tenga oculta puede cumplir con el deber de avisar a esta imprenta porque tal vez su escusa sera perjudicial, […] a que la tal Bernarda, se ha sustraido algunos objetos cuya carencia tendra que pagar quien la reserve",AVISO,Bernarda,F,doce a trece años,,cholita,,,cara larga,ojos chicos,,,,,,,,,pelo negro,,pelo cerdudo,,,picada en viruelas,,,,,traje de terciopelo cabritilla viejo,,,,,pañuelo de sarga aurora desteñido al pecho,,,,,,12.5,Desconocido,Desconocido,Forma geométrica / estructura,pequeños,Desconocido,Desconocido,Desconocido,Desconocido,Desconocido,Traje,Desconocido,Cholos/Chinas,2,1,2,8,5,0,3,3,2,8,6,2
83,1849-05-24,"La persona que tuviese en su poder una muchacha; de edad de doce años mas ó menos, casta mestiza india, nombrada Dionisia, puede entregarla en la casa N°171 de la plazuela vieja de San Juan de Dios pues si pasase el término de este aviso y fuese habida dicha muchacha, la persona de cuyo poder se reclame responderá ante el Sr. Intendente de Policia de los cargos que se hagan",AVISO,Dionisia,F,doce años mas o menos,,casta mestiza india,,,,,,,,,,,,,,,,,,,,,,,,,,,,,,,,,,12.0,Desconocido,Desconocido,Desconocido,Desconocido,Desconocido,Desconocido,Desconocido,Desconocido,Desconocido,Desconocido,Desconocido,Mestizos,2,1,0,0,5,0,3,3,2,4,6,5
85,1849-06-25,"A la una de la tarde del dia de ayer, se ha perdido una muchacha nombrada Saturnina, de edad de nueve á diez años y cuyas señales son las siguientes: cara redonda, frente chica, ojos negros grandes, nariz larga y ancha, con un lunar negro al lado izquierdo, boca chica, el labio inferior grueso, brazos delgados muy velludos, y su cuerpo gordo. Se gratificará a la persona que la entregue ó dé noticia de su paradero. En esta imprenta daran razon",AVISO,Saturnina,F,nueve a diez años,,,,cuerpo gordo,cara redonda,ojos negros grandes,,,nariz larga y ancha,"boca chica, el labio inferior grueso",,,frente chica,,,,,,,,lunar negro al lado izquierdo,,,,,,,,,,,,brazos delgados muy velludos,,,9.5,Desconocido,Grueso / Gordo / Robusto,Forma geométrica / estructura,Mixta,Grande / Narigona,Desconocido,Chica / Pequeña,Desconocido,Desconocido,Desconocido,Desconocido,Desconocido,2,3,2,1,6,0,1,3,2,4,6,3
86,1849-07-05,"El Domingo á las ocho de la noche ha fugado una cholita de las Sras. Velardes, de edad de 12 a 13 años, ñata, bocona, su nombre Josefa: la persona que dé aviso de su paradero en esta imprenta, será bien gratificada",AVISO,Josefa,F,12 a 13 años,,cholita,,,,,,,ñata,bocona,,,,,,,,,,,,,,,,,,,,,,,,,,12.5,Desconocido,Desconocido,Desconocido,Desconocido,Ñata,Grande / Bocona / Jetona / Hocicona,Desconocido,Desconocido,Desconocido,Desconocido,Desconocido,Cholos/Chinas,2,1,0,0,11,1,3,3,2,4,6,2
88,1849-08-01,"A la persona que dé noticia de un cholito, color moreno, de edad de cuatro á cinco años, llamado Federico, que se ha perdido en la mañana de hoy; sus señales son: pequeño, ojos grandes y negros, pelon, con un pantalon de cordellate color cabritilla, chaqueton azul, camisa de listadillo, rosada muy rota, habla muy poco el castellano: el que dé razon de su paradero ó se lo haya encontrado puede ocurrir á esta imprenta donde darán razon de su dueño",SE DARA UNA GRATIFICACION,Federico,M,cuatro a cinco años,,"cholito,color moreno",pequeño,,,ojos grandes y negros,,,,,,,,,,pelon,,,,,,,,,"chaqueton azul, camisa de listadillo, rosada muy rota",pantalon de cordellate color cabritilla,,,,,,,,,,4.5,Bajo / Pequeño,Desconocido,Desconocido,Mixta,Desconocido,Desconocido,Desconocido,Desconocido,Desconocido,Desconocido,Casimir / Paño / Lana / Seda / Cordellate,Desconocido,1,1,0,1,5,0,3,3,2,4,5,3
89,1849-09-11,"A la persona que dé razon ó entregue á un cholito pequeño, de edad de siete á ocho años, llamado Manuel Perez, que ha sido llevado de la puerta de calle de la casa á que pertenencia, el Viernes 7. Sus señales son las siguientes: pequeño, muy delgado, porque en la actualidad en la actualidad está convalenciendo, cara aguileña, con un paño al lado izquierdo, ojos regulares, boca pequeña, nariz idem, cabeza idem con un gorro colorado, panatalon azul, chaqueta de listas oscura; todo nuevo: camisa morada con blanco. La persona que diese noticia del referido cholo será bien gratificada, dando aviso en esta imprenta donde impondrán á quien es perteneciente",SE DA UNA BUENA GRATIFICACION,Manuel Perez,M,siete a ocho años,,cholito,pequeño,muy delgado,cara aguileña,,,,nariz idem,boca pequeña,,,,,,,,,,,,,,cara con un paño al lado izquierdo,chaqueta de listas oscura; todo nuevo: camisa morada con blanco,panatalon azul,,,gorro colorado,,,,,cabeza idem ,,7.5,Bajo / Pequeño,Delgado / Flaco,Forma geométrica / estructura,Desconocido,Grande / Narigona,Pequeña / Chica,Desconocido,Desconocido,Desconocido,Desconocido,Desconocido,Cholos/Chinas,1,0,2,0,6,2,3,3,2,4,6,2
90,1849-09-14,"El Martes 11 del corriente ha fugado de la casa de su patron, un muchacho nombrado Severino, de edad de doce á catorce años, de casta indio y con una cicatriz en punta de la nariz. La persona que dé razon de él será gratificada. En esta imprenta se dará razon",AVISO,Severino,M,doce a catorce años,,casta indio,,,,,,,,,,,,,,,,,cicatriz en punta de la nariz,,,,,,,,,,,,,,,,,13.0,Desconocido,Desconocido,Desconocido,Desconocido,Desconocido,Desconocido,Desconocido,Desconocido,Desconocido,Desconocido,Desconocido,Indígena,2,1,0,0,5,0,3,3,2,4,6,4
91,1849-10-02,"A la persona que entregue en la panaderia del Puente una chola nombrada Susana, esclava que fué de la mujer del Sr. Coronel Villamara que se ha fugado el dia 1° del presente, como á las siete de la noche, llevándose varias especies que serán pagadas por la persona que la tenga oculta, como asi mismo los jornales dobles que previene el Reglamento de Policia, con cuyo objeto se ha dado parte a la Intendencia. Sus señales son -baja de cuerpo, pelo lacio, una cicatriz bajo de la quijada al lado izquierdo y otra encima de la ceja, y un lado del parpado del ojo caido.",DOS ONZAS DE GRATIFICACION,Susana,F,,,chola,baja de cuerpo,,,un lado del parpado del ojo caido,,,,,,,,,,,pelo lacio,,cicatriz bajo de la quijada al lado izquierdo y otra encima de la ceja,,,,,,,,,,,,,,,,,Desconocido,Bajo / Pequeño,Desconocido,Desconocido,defecto ocular,Desconocido,Desconocido,Desconocido,Desconocido,Desconocido,Desconocido,Desconocido,Cholos/Chinas,1,1,0,3,5,0,3,3,2,4,6,2
92,1849-10-02,"A la persona que dé noticia de un cholito que se ha perdido el dia 27 del pasado, llamado José, de edad de once á doce años, sus señales -gordo, cara chata, ñato, ojos grandes, con una cicatriz sobre una ceja, con una chaqueta y pantalon de piel plomo, camisa blanca con bastones: en este imprenta darán razon de la persona á quien pertenece.",SE OFRECE UNA GRATIFICACION,José,M,once a doce años,,cholito,,gordo,cara chata,ojos grandes,,,ñato,,,,,,,,,,cicatriz sobre una ceja,,,,,,"chaqueta de piel plomo,camisa blanca con bastones",pantalon de piel plomo,,,,,,,,,,11.5,Desconocido,Grueso / Gordo / Robusto,Forma geométrica / estructura,grandes,Ñata,Desconocido,Desconocido,Desconocido,Desconocido,Desconocido,Plomo / Gris,Cholos/Chinas,2,3,2,5,11,0,3,3,2,4,9,2
93,1849-10-05,"A la persona que dé razon donde se halla un peruanito, nombrado Fancisco Baldion, natural de Tarma [Tambo], hijo de Isabel Amaya, que lo mandó a esta capital para que se eduque y aprenda oficio: se salió de la casa en que estaba á ver los fuegos de las Mercedarias en la noche del 24 último; se ha huido es de 12 á 13 años, gordito tiene 4 cicatrices en la cara, 2 en la frente que se inclinan á las sienes y 2 en las parte posterior de los carillos, y el brazo derecho curado de quebradura. Está con una camisa de olan morado, calzon de sarga azul y zapatones de los que vienen de Ayacucho. En esta imprenta darán razón de su tutor ó en la calle del Prado, casa N°252, que tiene sobre la puerta de calle de palo un palo asta la bandera",SE GRATIFICARA,Fancisco Baldion,M,12 a 13 años,natural de Tarma [Tambo],peruanito,,gordito,,,,,,,,,,,,,,,"4 cicatrices en la cara, 2 en la frente que se inclinan á las sienes y 2 en las parte posterior de los carillos",,,,,,camisa de olan morado,calzon de sarga azul,zapatones de los que vienen de Ayacucho,,,,,,brazo derecho curado de quebradura,,,12.5,Desconocido,Grueso / Gordo / Robusto,Desconocido,Desconocido,Desconocido,Desconocido,Desconocido,Desconocido,Desconocido,Desconocido,Azul,Peruanos,2,3,0,0,5,0,3,3,2,4,2,7
94,1849-10-05,"Se ofrece una buena gratificacion, á la persona que entregare ó diere razon del éxito de una cholita nombrada Manuela Vasquez (a) Eschironi, que se ha desparecido de casa de sus patronas, las señoritas Samudios, el Jueves 4 en la noche -estas viven en unos altos que hacen el principal del tambo de Huanuco -la cholita es juajina, de edad de diez años, está vestida con un trajecito de olan cabritilla claro, camisa de listadito azul y un pañuelon de seda de color rosa, ya desteñido. El que pueda ser acreedor á la gratificacion, ocurra al tambo de Huanuco en los altos",AVISO, Manuela Vasquez (a) Eschironi,F,diez años,juajina,cholita,,,,,,,,,,,,,,,,,,,,,,,"trajecito de olan cabritilla claro, camisa de listadito azul ",,,,,"pañuelon de seda de color rosa, ya desteñido",,,,,,10.0,Desconocido,Desconocido,Desconocido,Desconocido,Desconocido,Desconocido,Desconocido,Desconocido,Desconocido,Desconocido,Desconocido,Cholos/Chinas,2,1,0,0,5,0,3,3,2,4,6,2
95,1849-10-12,"A las ocho de la noche del Miercoles 10 del presente mes, se ha perdido al salir de la Iglesia de Sto. Domingo un cholito nombrado Cesario Carrera, como de ocho á diez años de edad, con una alfombra y sombrero aplomado; el que lo hubiese encontrado podrá llevarlo ó avisar en la casa N°22 cuadra de S. Sebastian donde se le dará su correspondiente gratificacion; de lo contrario quedara sujeta la casa ó la persona en donde se le encuentre á lo prevenido en el reglamento de Policía sobre el particular.",PERDIDA,Cesario Carrera,M,ocho a diez años,,cholito,,,,,,,,,,,,,,,,,,,,,,,,,,,sombrero aplomado,,,,,,,9.0,Desconocido,Desconocido,Desconocido,Desconocido,Desconocido,Desconocido,Desconocido,Desconocido,Desconocido,Desconocido,Desconocido,Cholos/Chinas,2,1,0,0,5,0,3,3,2,4,6,2
96,1849-11-06,"En la noche de ayer, se ha salido una cholita llamada Juana, de edad de 12 á 14 años de la casa N°17 del Capon: sus señales son, delgada de cuerpo, pelona, ojos chicos, narigona, y con un traje de cambray rosado con blanco. Se suplica á la persona que la presente ó dé razon de su paradero en la citada casa, en donde se le dará una gratificacion.  ",AVISO,Juana,F,13 a 14 años,,cholita,, delgada de cuerpo,,ojos chicos,,,narigona,,,,,,,pelona,,,,,,,,,traje de cambray rosado con blanco,,,,,,,,,,,13.5,Desconocido,Desconocido,Desconocido,pequeños,Desconocido,Desconocido,Desconocido,Pelona / Rapada / Sin pelo,Desconocido,Traje,Desconocido,Cholos/Chinas,2,1,0,8,5,0,3,5,2,8,6,2
97,1849-11-12,"A quien se le hubiese perdido una cholita de cinco á seis años de edad, ocurra á esta imprenta que se le dará razon de la persona que la tiene, pagando el importe de la publicacion de este aviso.  ",AVISO,,F,cinco a seis años,,cholita,,,,,,,,,,,,,,,,,,,,,,,,,,,,,,,,,,5.5,Desconocido,Desconocido,Desconocido,Desconocido,Desconocido,Desconocido,Desconocido,Desconocido,Desconocido,Desconocido,Desconocido,Cholos/Chinas,2,1,0,0,5,0,3,3,2,4,6,2
98,1850-01-02,"El dia 26 del presente se ha perdido un muchacho de la plazuela de San Francisco, de edad de 7 años, tamaño pequeño, trigueño, borracho, cara redonda, metido en carnes, a la persona que lo manifestare se le gratificara en la casa de D. José Arregui.",,,M,7 años,,trigueño,tamaño pequeño,metido en carnes," borracho, cara redonda",,,,,,,,,,,,,,,,,,,,,,,,,,,,,,,7.0,Bajo / Pequeño,Grueso / Gordo / Robusto,Desconocido,Desconocido,Desconocido,Desconocido,Desconocido,Desconocido,Desconocido,Desconocido,Desconocido,Trigueños/Tostados,1,3,0,0,5,0,3,3,2,4,6,9
99,1850-01-25,"El dia Miercoles 23 del que rije, ha desaparecido, de casa de su patron un cholito llamado Vicente, de edad de once años, el que fué entregado al que reclama hace ocho años y meses por su madre; y se suplica á la persona que lo tenga lo entregue segura que de no hacerlo pagara los gastos que se ocasionen en buscarlo y la multa que previene el reglamento de Policia. La señas del muchacho son: edad once años, cara redondo, la cabeza pelada, va vestido con pantalon y chaqueta color plomo y sombrero de paja. En esta imprenta darán razon de la persona que lo reclama",AVISO,Vicente,M,once años,,cholito ,,,cara redondo,,,,,,,,,,,cabeza pelada,,,,,,,,,chaqueta color plomo,pantalon color plomo,,,sombrero de paja,,,,,,,11.0,Desconocido,Desconocido,Desconocido,Desconocido,Desconocido,Desconocido,Desconocido,Pelona / Rapada / Sin pelo,Desconocido,Chaqueta,Plomo / Gris,Desconocido,2,1,0,0,5,0,3,5,2,3,9,3
100,1850-01-29,"El dia de hoy una cholita serrana nombrada Francisca, de edad de 14 años fea de rostro y cuerpo mal formado, vestida con un traje de olan morado con blanco. A la persona que dé noticia de su paradero ó la entregue en la calle de Copacabana, casa N°50 se le dará una gratificacion",SE HA PERDIDO,Francisca,F,14 años,serrana,cholita,,cuerpo mal formado,fea de rostro ,,,,,,,,,,,,,,,,,,,,traje de olan morado con blanco,,,,,,,,,,,14.0,Desconocido,Especial / Descriptivo,Desconocido,Desconocido,Desconocido,Desconocido,Desconocido,Desconocido,Desconocido,Traje,Desconocido,Cholos/Chinas,2,2,0,0,5,0,3,3,2,8,6,2
102,1850-02-08,"El dia de ayer, una muchacha nombrada Manuela, de edad de cuatro años, de casta china chola, de cuerpo mal formado, vestida de luto, con unos granos en la frente y nariz. A la persona, ó la entregue en la calle de Villalta en la tienda sustrería N. 168, se dará una gratificacion.  ",SE HA PERDIDO,Manuela,F,cuatro años,,casta china chola,,cuerpo mal formado,,,,,,,,,,,,,,,,,granos en la frente y nariz,,,,vestida de luto,,,,,,,,,,,4.0,Desconocido,Especial / Descriptivo,Desconocido,Desconocido,Desconocido,Desconocido,Desconocido,Desconocido,Desconocido,Vestido,Desconocido,Cholos/Chinas,2,2,0,0,5,0,3,3,2,10,6,2
103,1850-02-13,"A la persona que dé razon ó entregue un cholito, nombrado Manuel Perez, que se ha desaparecido el Sábado 9 del presente á las seis de la mañana, saliendo de su casa á un mandado, su edad es de 8 años, pequeño de cuerpo, delgado, todas sus facciones muy finas, pelo negro, […] gorra de paño, pantalon azul y camisa […] y solo lleva puesto un zapato; quien supiese de él puede avisar á su patron en la calle de la Perri […] N°.. ",SE DA UNA BUENA GRATIFICACION,Manuel Perez,M,8 años,,cholito,pequeño de cuerpo,delgado,todas sus facciones muy finas,,,,,,,,,,pelo negro,,,,,,,,,,camisa,pantalon azul,solo lleva puesto un zapato,,gorra de paño,,,,,,,8.0,Bajo / Pequeño,Delgado / Flaco,Valoración estética,Desconocido,Desconocido,Desconocido,Desconocido,Desconocido,Desconocido,Camisa,Azul,Cholos/Chinas,1,0,6,0,5,0,3,3,2,0,2,2
104,1850-02-16,"Se da una gratificacion á la persona que dé razon de un muchacho llamado Simon Perez, que se ha desaparecido de casa de sus patrones el dia 15 del presente á las 9 de la mañana. Las señales son las siguientes: color peruano, gordo, cara redonda, pelado con raya, en mangas de camisa, de edad de 13 años. Puede verse con sus patrones en la calle de Condesa N°198. ",AVISO,Simon Perez,M,13 años,,color peruano,,gordo,cara redonda,,,,,,,,,,,pelado con raya,,,,,,,,,en mangas de camisa,,,,,,,,,,,13.0,Desconocido,Grueso / Gordo / Robusto,Forma geométrica / estructura,Desconocido,Desconocido,Desconocido,Desconocido,Pelona / Rapada / Sin pelo,Desconocido,Mangas de camisa,Desconocido,Peruanos,2,3,2,0,5,0,3,5,2,6,6,7
105,1850-04-08,"El Jueves Santo á las diez de la noche, se ha fugado un cholito como de nueve años, revejido, ancho de espaldas, nariz chata, color claro, su nombre Mariano Chapa, natural de la parroquia de San Cristoval en Huancavelica, aunque él dice que es de Ayacucho: lo trajo el Sr. Diputado Dr. Luis Babilon destinado para D. Antonio Polanco: su vestido es el siguiente: Chaqueton de jenero azul asargado, camisa de olan á cuadritos, pantalon de […] de listas y gabachos de cordoban. Se tiene sospechas de la persona que lo tiene en su casa, y se suplica bien sea esta ó cualquiera otra que lo entreguen á su patron en el Almacen N° 160, calle de Bodegones frente a la fonda Francesa: pues si asi no se verificase sufrirá el sujeto en cuyo poder se encuentra la multa designada por el Reglamento de Policia.",AVISO,Mariano Chapa,M,nueve años,"natural de la parroquia de San Cristoval en Huancavelica, aunque él dice que es de Ayacucho",color claro,,ancho de espaldas,revejido,,,,nariz chata,,,,,,,,,,,,,,,,"Chaqueton de jenero azul asargado, camisa de olan á cuadritos",pantalon de […] de listas y gabachos de cordoban,,,,,,,,,,9.0,Desconocido,Especial / Descriptivo,Edad / estado / apariencia,Desconocido,Chata,Desconocido,Desconocido,Desconocido,Desconocido,Desconocido,Desconocido,Blancos/Claros,2,2,1,0,2,0,3,3,2,4,6,1
106,1850-04-25,"A la persona que en la encomenderia al lado del tambo del Sol, dé noticias ó entregue á una mestiza serrana, de edad de 12 años, revejida, llamada Eulalia, que anda con traje de color y flores azules y ha fugado. ",SE GRATIFICA,Eulalia,F,12 años,,mestiza serrana,,,revejida,,,,,,,,,,,,,,,,,,,,traje de color y flores azules,,,,,,,,,,,12.0,Desconocido,Desconocido,Edad / estado / apariencia,Desconocido,Desconocido,Desconocido,Desconocido,Desconocido,Desconocido,Traje,Desconocido,Mestizos,2,1,1,0,5,0,3,3,2,8,6,5
107,1850-04-27,"En la mañana de hoy se ha huido una chola de trece años, robandose seis cubiertos de plata y un […] de ropa: la persona que la oculte pagará y tendrá que entregarla […] entregada por su tutor en una calle esta Capital, se llama Apolinaría es del pueblo de S.. hace solo un mes que la […] se dara una gratificacion á la persona que avise donde esta. En esta imprenta daran razon.  ",AVISO,,F,trece años,,chola,,,,,,,,,,,,,,,,,,,,,,,,,,,,,,,,,,13.0,Desconocido,Desconocido,Desconocido,Desconocido,Desconocido,Desconocido,Desconocido,Desconocido,Desconocido,Desconocido,Desconocido,Cholos/Chinas,2,1,0,0,5,0,3,3,2,4,6,2
108,1850-05-01,"Dara el que suscribe, al que dé noticia donde está y en que servicio el peruanito Francisco Baldion “que se le ha huido hacen dias” ó lo presente en la Intendencia de Policia, y la persona que lo tenga en su casa, pagara todos los gastos y perjuicios que está causando, y perjudicando en su educacion al menor, que lo entregó su madre Isabel Amalla, con ese objeto a José Buenaventura Palma.",60 PESOS DE GRATIFICACION,Francisco Baldion,M,,,peruanito,,,,,,,,,,,,,,,,,,,,,,,,,,,,,,,,,,Desconocido,Desconocido,Desconocido,Desconocido,Desconocido,Desconocido,Desconocido,Desconocido,Desconocido,Desconocido,Desconocido,Desconocido,Peruanos,2,1,0,0,5,0,3,3,2,4,6,7
109,1850-05-06,"Se ha fugado en la mañana de hoy de casa del que suscribe, un cholito nombrado Miguel Salazar, natural de Chongos, su edad 13 años, cuerpo pequeño y delgado, cara aguileña, color claro, bien vestido pues lleva cinco mudas de ropa entre paño y jenero, sombrero de paja. Dicho muchacho me fué entregado por sus padres el año 840 para que cuidase de su educacion. La persona que dé noticia de su paradero en la casa N° 2, calle del Hospital de S. Lázaro, sera bien gratificada: como así mismo protesto perseguir con todo el rigor de la ley a quien lo ocultase",AVISO AL PUBLICO,Miguel Salazar,M,13 años,natural de Chongos,color claro,cuerpo pequeño,delgado,cara aguileña,,,,,,,,,,,,,,,,,,,,,,,,sombrero de paja,,,,,,,13.0,Bajo / Pequeño,Delgado / Flaco,Forma geométrica / estructura,Desconocido,Desconocido,Desconocido,Desconocido,Desconocido,Desconocido,Desconocido,Desconocido,Blancos/Claros,1,0,2,0,5,0,3,3,2,4,6,1
111,1850-05-21,"De los saltos de la casa N° 5 de la cuadra de Zárate, donde vive el Sr. Obispo Ofelan, se ha fugado en la mañana de ayer un muchacho nombrado Apolinario, de diez á once años de edad: la persona que lo tenga ó sepa donde está lo avisara en esta imprenta para que lo recoja su padrino, quien ofrece por ello una gratificacion; que de lo contrario sera responsable de la ocultacion el que lo tuviese a cuyo efecto sé ha dado el correspondiente parte al Sr. Intendente de Policia. Las señales del muchacho son color mestizo, gordo, cabezon y lleva puesto un pantalon cabritilla de medio paño y una camisa de algo desteñida",AVISO,Apolinario,M,diez a once años,,color mestizo,,gordo,,,,,,,,,,,,,,,,,,,,,camisa de algo desteñida,pantalon cabritilla de medio paño,,,,,,,,cabezon,,10.5,Desconocido,Grueso / Gordo / Robusto,Desconocido,Desconocido,Desconocido,Desconocido,Desconocido,Desconocido,Desconocido,Camisa,Cabritilla,Mestizos,2,3,0,0,5,0,3,3,2,0,4,5
112,1850-05-25,"Se promete una gratificacion á la persona que entregase ó diere noticia de un cholito de edad de 10 á 12 años, que se ha fugado de casa de sus patrones el miercoles por la noche. Llamase Tomas, es de cara fea, tiene una grande quemadura en el pecho, y va vestido de blanco sucio. En esta imprenta se dará razon de la casa donde debe entregarselo.",AVISO,Tomas,M,11 a 12 años,,cholito,,,cara fea,,,,,,,,,,,,,,,,,,una grande quemadura en el pecho,,vestido de blanco sucio,,,,,,,,,,,11.5,Desconocido,Desconocido,Valoración estética,Desconocido,Desconocido,Desconocido,Desconocido,Desconocido,Desconocido,Vestido,Desconocido,Cholos/Chinas,2,1,6,0,5,0,3,3,2,10,6,2
113,1850-05-31,"El dia 29 á las 10 de la mañana ha fugado de la casa de su patrona una chola Ayacuchana, llamada Maria, de edad de 14 años, llevandose algunas prendas de valor; sus señales son, chica de cuerpo, gorda con el pelo corto, vestida con traje de olan desteñido con listas verdes y un pañuelon de lana de listas de colores, la persona que dé razon de dicha chola se le dará una gratificacion: en esta imprenta daran razon de la casa.",FUGA,Maria,F,14 años,Ayacuchana,chola,chica de cuerpo,gorda,,,,,,,,,,,,pelo corto,,,,,,,,,traje de olan desteñido con listas verdes,,,,,pañuelon de lana de listas de colores,,,,,,14.0,Bajo / Pequeño,Grueso / Gordo / Robusto,Desconocido,Desconocido,Desconocido,Desconocido,Desconocido,Corto / Cortado / Recortado,Desconocido,Traje,Desconocido,Cholos/Chinas,1,3,0,0,5,0,3,2,2,8,6,2
114,1850-06-25,"Ayer 24, dia de San Juan, á las 9 de la mañana, fue mandado abajo del Puente con dinero un cholito, de edad de 10 á 11 años y no ha vuelto á la casa de sus patrones hasta hoy. A la persona que dé aviso de él se le ofrece una gratificacion; se llama Manuel, su color es cholo pálido, cara aguileña, nariz afilada y algo grande, pelo cortado al tamaño de poco mas de un dedo, pantalon á listas de manquin, chqueta mezclilla de manquin, camisa de tocuyo, zapatos y sombrero de pelate, es serrano el cholito y habla mal el castellano. Se advierte que la persona que la oculte sufrirá la pena que previene el reglamento de policia.",AVISO,Manuel,M,10 a 11 años,serrano,cholo pálido,,,cara aguileña,,,,nariz afilada y algo grande,,,,,,,pelo cortado al tamaño de poco mas de un dedo,,,,,,,,,"chaqueta mezclilla de manquin, camisa de tocuyo",pantalon á listas de manquin,zapatos de pelate,,sombrero de pelate,,,,,,,10.5,Desconocido,Desconocido,Forma geométrica / estructura,Desconocido,Mixta,Desconocido,Desconocido,Corto / Cortado / Recortado,Desconocido,Desconocido,Desconocido,Desconocido,2,1,2,0,7,0,3,2,2,4,6,3
115,1850-07-10,"El Martes 9 del presente se ha perdido una muchachita de la calle de Concha, de tres años de edad, color cholita, ojos sarcos, con un trajecito de lana con cuadros morados con verde, la persona que la encontrase ocurra á la carpinteria, calle de Nuñez frente á las señoras Palacios, N°156 que será gratificada. ",AVISO,,F,tres años,,color cholita,,,,ojos sarcos,,,,,,,,,,,,,,,,,,,trajecito de lana con cuadros morados con verde,,,,,,,,,,,3.0,Desconocido,Desconocido,Desconocido,azules / claros,Desconocido,Desconocido,Desconocido,Desconocido,Desconocido,Traje,Desconocido,Cholos/Chinas,2,1,0,2,5,0,3,3,2,8,6,2
118,1850-08-07,"Pedro Aréstegui, color mestizo, edad de doce años, cara redonda, se fugó el 29 de Julio la casa N°264 calle de Mascaron; la persona que lo presente en dicha casa se le dará una onza de gratificacion, pues en caso contrario el que lo admita en su servicio sufrirá á pena que el Reglamento de Policia impone a las […]",AVISO,Pedro Aréstegui,M,doce años,,color mestizo,,,cara redonda,,,,,,,,,,,,,,,,,,,,,,,,,,,,,,,12.0,Desconocido,Desconocido,Forma geométrica / estructura,Desconocido,Desconocido,Desconocido,Desconocido,Desconocido,Desconocido,Desconocido,Desconocido,Mestizos,2,1,2,0,5,0,3,3,2,4,6,5
120,1850-09-11,"Un cholito de 6 años, pantalon azul de casimir, chaqueton blanco y gorrita, nombrado Andrés Galarza, se ha perdido en la mañana de hoy, la persona que lo haya encontrado ocurra á esta imprenta se le dará razon de su patron.  ",AVISO,Andrés Galarza,M,6 años,,cholito,,,,,,,,,,,,,,,,,,,,,,,chaqueton blanco,pantalon azul de casimir,,,gorrita,,,,,,,6.0,Desconocido,Desconocido,Desconocido,Desconocido,Desconocido,Desconocido,Desconocido,Desconocido,Desconocido,Chaqueta,Azul,Cholos/Chinas,2,1,0,0,5,0,3,3,2,3,2,2
121,1850-09-11,"La persona que tuviere a su servicio á una cholita llamada Visitacion, que ha fugado de la casa de sus patronas el 18 del mes de Agosto á las 10 de la noche. Quien la tenga ocurra á esta imprenta que se dará razon de sus patronas.  Las señales de la chola son las siguientes: cara aguileña, pelo largo, frente chiquita, ojos muy vivos, nariz regular, bocona, la dentadura superior abierta, edad 9 años, llevó puesto camisita morada, traje de cambrai aurora, un pañuelon, con zapatos de cordoban; quien la entregue tendrá una buena gratificacion.",AVISO,Visitacion,F,9 años,,cholita,,,cara aguileña,ojos muy vivos,,,nariz regular,bocona,,dentadura superior abierta,frente chiquita,,,pelo largo,,,,,,,,,"camisita morada, traje de cambrai aurora",,zapatos de cordoban,,,pañuelon,,,,,,9.0,Desconocido,Desconocido,Forma geométrica / estructura,expresivos / forma especial,Regular / Normal,Grande / Bocona / Jetona / Hocicona,Chica / Pequeña,Largo / Trenzas largas,Desconocido,Desconocido,Desconocido,Cholos/Chinas,2,1,2,4,9,1,1,4,2,4,6,2
122,1850-09-17,"Ayer a las 5 de la tarde se perdió un muchacho medio trigueño y gordo, de edad de 8 años, vestido de cordellate, con poncho azul de castilla y sombrero de paja serrano, del tambo de Huanuco numero 23; las personas que lo encontrasen darán razon en el dicho numero del tambo que ahi existe su madre en la que pagará su gratificacion por el hallazgo",AVISO,,M,8 años,tambo de Huanuco numero 23,trigueño,,gordo,,,,,,,,,,,,,,,,,,,,,"vestido de cordellate, con poncho azul de castilla",,,,sombrero de paja serrano,,,,,,,8.0,Desconocido,Grueso / Gordo / Robusto,Desconocido,Desconocido,Desconocido,Desconocido,Desconocido,Desconocido,Desconocido,Desconocido,Desconocido,Trigueños/Tostados,2,3,0,0,5,0,3,3,2,4,6,9
123,1850-09-20,"Se han huido dos cholos Miercoles 18 del presente uno de edad de 13 años llamado Alberto, es gordete, cara algo larga, los ojos gachos que no los puede abrir bien. El otro es de siete años, cara redonda, ojos vivos y chicos, la persona que los encuentre ó dé noticia de ellos o del chico donde se hallen recibirá una gratificacion: en esta imprenta daran razon.  ",AVISO,Alberto,M,13 años,,,,gordete,cara algo larga,ojos gachos que no los puede abrir bien,,,,,,,,,,,,,,,,,,,,,,,,,,,,,,13.0,Desconocido,Grueso / Gordo / Robusto,Forma geométrica / estructura,pequeños,Desconocido,Desconocido,Desconocido,Desconocido,Desconocido,Desconocido,Desconocido,Desconocido,2,3,2,8,5,0,3,3,2,4,6,3
123,1850-09-20,"Se han huido dos cholos Miercoles 18 del presente uno de edad de 13 años llamado Alberto, es gordete, cara algo larga, los ojos gachos que no los puede abrir bien. El otro es de siete años, cara redonda, ojos vivos y chicos, la persona que los encuentre ó dé noticia de ellos o del chico donde se hallen recibirá una gratificacion: en esta imprenta daran razon.  ",AVISO,,M,siete años,,,,,cara redonda,ojos vivos y chicos,,,,,,,,,,,,,,,,,,,,,,,,,,,,,,7.0,Desconocido,Desconocido,Forma geométrica / estructura,Mixta,Desconocido,Desconocido,Desconocido,Desconocido,Desconocido,Desconocido,Desconocido,Desconocido,2,1,2,1,5,0,3,3,2,4,6,3
124,1850-09-25,"Una cholita de 10 á 11 años ha sido sustraida en circunstancias de hallarse con una señora en una tienda del Portal. Se llama Petrona, su tez es muy amarilla, su nariz agachada, su aire de recien llegada, y llevaba un pañuelo morado, con flores rosadas. La persona que la entregue ó dé señales de su paradero obtendrá una buena gratificacion pudiendo ocurrir á esta imprenta donde se le dará razon del interesado.",PERDIDA,Petrona,F,10 a 11 años,,tez es muy amarilla,,,,,,,nariz agachada,,,,,,,,,,,,,,,,,,,,,"pañuelo morado, con flores rosadas",,,,,,10.5,Desconocido,Desconocido,Desconocido,Desconocido,Con señas o detalles,Desconocido,Desconocido,Desconocido,Desconocido,Desconocido,Desconocido,Amarillo/Amarillento,2,1,0,0,3,0,3,3,2,4,6,0
125,1850-09-27,"El dia 24 del presente, en la pocesion de Nuestra Señora de las Mercedes, se perdió un joven de casta mestizo, de edad de cinco años, llamado Custodio Tello, el vestido que llevaba era pantalon y chaqueton de listado azul, está pelado: al que lo entregue en la plaza del Mercado situada en Santo Tomas á Da. Juana Martinez de ejercicio quesera, se le gratificara; si alguna lo oculta sufrirá las penas detalladas por el Reglamento de Policía.  ",AVISO,Custodio Tello,M,cinco años,,casta mestizo,,,,,,,,,,,,,,pelado,,,,,,,,,chaqueton de listado azul,pantalon de listado azul,,,,,,,,,,5.0,Desconocido,Desconocido,Desconocido,Desconocido,Desconocido,Desconocido,Desconocido,Pelona / Rapada / Sin pelo,Desconocido,Chaqueta,Azul,Mestizos,2,1,0,0,5,0,3,5,2,3,2,5
126,1850-10-04,"A las 9 de antes de noche, se ha perdido en el Puente, un cholito, de edad de siete años, vestido de nuevo; sus señales son, cara redonda, ojos chicos, gordito y barrigon, su nombre Martin. Se suplica a la persona que lo tenga, lo lleva á la calle de las Manteras abajo del Puente, N°56 se pagará una gratificacion",AVISO,Martin,M,siete años,,cholito,,gordito y barrigon,cara redonda,ojos chicos,,,,,,,,,,,,,,,,,,,vestido de nuevo,,,,,,,,,,,7.0,Desconocido,Grueso / Gordo / Robusto,Forma geométrica / estructura,pequeños,Desconocido,Desconocido,Desconocido,Desconocido,Desconocido,Vestido,Desconocido,Cholos/Chinas,2,3,2,8,5,0,3,3,2,10,6,2
127,1850-10-10,"En la noche del siete del presente, ha fugado de la casa de su patron un muchacho de edad de once años, sustrayendo un reloj de oros con su respetiva cadena y una sortija del mismo metal. Se llama José Inga, natural de Huarochiri: es de cara aguileña, y ñato azul, camisa blanca, un un poncho de lana de listas verdes y sombrero de Huacho. La persona que diese aviso ó lo entregue en casa de D. Francisco Hercilla, calle de […], será gratificada, pero la que teniendolo en su poder no lo verificase será responsable a las especies hurtadas, incurriendo además en la pena que designa el Reglamento de Policia. ",AVISO.,José Inga,M,11,natural de Huarochiri,,,,cara aguileña,,,,ñato azul,,,,,,,,,,,,,,,,camisa blanca,,,poncho de lana de listas verdes,sombrero de Huacho,,,,,,,11.0,Desconocido,Desconocido,Forma geométrica / estructura,Desconocido,Ñata,Desconocido,Desconocido,Desconocido,Desconocido,Camisa,Desconocido,Desconocido,2,1,2,0,11,0,3,3,2,0,6,3
128,1850-10-23,"Hace pocos dias una mestiza llamada Manuela Jaraba, de 16 años de edad y de estatura regular. Se dará una gratificacion á la persona que la presente en la casa de Osambela, y á cualquiera que la oculte la policia hará los cargos y aplicara las penas que correspondan. Es bastante conocida por haberse criado desde sus tiernos años en dicha casa. Se repite en El Comercio, n. 3389, 24 de octubre de 1850, p.1 ",SE HA FUGADO. ,Manuela Jaraba,F,16,,mestiza,estatura regular,,,,,,,,,,,,,,,,,,,,,,,,,,,,,,,,,16.0,Mediano / Regular,Desconocido,Desconocido,Desconocido,Desconocido,Desconocido,Desconocido,Desconocido,Desconocido,Desconocido,Desconocido,Mestizos,4,1,0,0,5,0,3,3,2,4,6,5
129,1850-12-04,"El dia 2 del presente se ha fugado un cholito de diez á doce años de edad, su nombre Bernardo Torres, vestido completo de paño azul, gorra ya usada del mismo paño, cara redonda, grande, tiene una señal en la cabeza como de tiña, la bota-manga de la chaqueta la tiene rota. Se dará la respectiva gratificacion á la persona que dé razon de su paradero. En esta imprenta darán razon. Se repite en El Comercio, n. 3424, 5 de diciembre de 1850, p.1, El Comercio, n. 3425, 6 de diciembre de 1850, p.1. ",AVISO.,Bernardo Torres,M,diez a doce años de edad,,cholito,,,"cara redonda, grande, tiene una señal en la cabeza como de tiña",,,,,,,,,,,,,,,,tiene una señal en la cabeza como de tiña,,,,vestido completo de paño azul,,,,gorra ya usada del mismo paño,,bota-manga de la chaqueta la tiene rota,,,,,11.0,Desconocido,Desconocido,Desconocido,Desconocido,Desconocido,Desconocido,Desconocido,Desconocido,Desconocido,Vestido,Desconocido,Cholos/Chinas,2,1,0,0,5,0,3,3,2,10,6,2
130,1850-12-04,"Se ha perdido un cholito de edad mas ó menos de 10 años, llamado Manuel Tomás, arequipeño. Se gratificará a la persona que dé razon de él. En esta imprenta se indicará á la persona que lo necesita. Se repite en El Comercio, n. 3424, 5 de diciembre de 1850, p.1, El Comercio, n. 3425, 6 de diciembre de 1850, p.1.",AVISO.,Manuel Tomás,M,10,arequipeño,cholito,,,,,,,,,,,,,,,,,,,,,,,,,,,,,,,,,,10.0,Desconocido,Desconocido,Desconocido,Desconocido,Desconocido,Desconocido,Desconocido,Desconocido,Desconocido,Desconocido,Desconocido,Cholos/Chinas,2,1,0,0,5,0,3,3,2,4,6,2
131,1850-12-19,"A la persona que dé razon de una chola llamada Maria que se ha huido el Domingo 15 del presente á las dos de la tarde de casa de sus amos, es natural del Callao, de edad de 18 años, baja de cuerpo, gruesa y en dias de parir; con traje color mahon con estrellitas negras, lleva un pañuelon oscuro de lana á cuadros, en la oreja izquierda le falta la […], y un lunar cerca de la nariz del costado derecho. La persona que tratase de ocultara se le aplicara la multa que corresponda y además perjuicios segun el reglamento de Policia. Se repite en El Comercio, 3437, 21 de diciembre de 1850, p.1. ",UNA ONZA DE GRATIFICACION. ,Maria,F,18,natural del Callao,chola,baja de cuerpo,gruesa y en dias de parir,,,,,,,,,,,,,,,,,un lunar cerca de la nariz del costado derecho,,,,traje color mahon con estrellitas negras,,,,,pañuelon oscuro de lana á cuadros,,en la oreja izquierda le falta la […],,,,18.0,Bajo / Pequeño,Especial / Descriptivo,Desconocido,Desconocido,Desconocido,Desconocido,Desconocido,Desconocido,Desconocido,Traje,Desconocido,Cholos/Chinas,1,2,0,0,5,0,3,3,2,8,6,2
132,1850-12-27,"Se ofrece á la persona que presente ó dé razon del paradero de una cholita de edad de 7 á 8 años, nombrada Nicolasa, que ha desaparecido en la mañana de hoy de la casa num. 133 calle del Padre Jeronimo. Sus señales son: india clara, picada de viruelas, pelo negro, ojos idem, y de expresion, y aun no se expresa bien el castellano, se halla vestida con un traje de olan fondo blanco descolorido, y un pañuelon de seda blanco con amarillo. Se advierte que la persona á cuya tutela está encomendada ha dado el respectivo aviso á la policia á fin que sea multada la persona que la ocultase y no la presente como está mandado. Se repite en El Comercio, n. 3441, 28 de diciembre de 1850, p.1, El Comercio, n. 3442, 30 de diciembre de 1850, p.1. ",UNA GRATIFICACION.,Nicolasa,F,7 a 8,,"cholita, india clara",,,,"ojos idem, y de expresion",,,,,,,,,pelo negro,,,,,picada de viruelas,,,,,traje de olan fondo blanco descolorido,,,,,pañuelon de seda blanco con amarillo,,,,,,7.5,Desconocido,Desconocido,Desconocido,Desconocido,Desconocido,Desconocido,Desconocido,Desconocido,Desconocido,Traje,Desconocido,Desconocido,2,1,0,0,5,0,3,3,2,8,6,3
133,1850-12-30,"El 26 del presente se ha perdido un cholito de la plazuela de San Francisco, llamado Juan Manuel, de edad de 8 a 9 años, sus señales son: cara redonda, encarañado, ojos negros, nariz afilada, se halla vestido con un sombrero de paja, levita negra de paño, y un pantalon de genero, es de tamaño pequeño. La persona que lo presente ó dé razon será gratificada en el referido convento claustro de San Buenaventura celda N°7. Se advierte que la persona en cuya tutela estaba, ha dado el respectivo aviso a la Policia a fin de que sea la persona que lo ocultase, y no lo presente como está mandado. Se repite en El Comercio, n. 3443, 31 de diciembre de 1850, p.1.",AVISO.,Juan Manuel,M,8 a 9,,cholito,tamaño pequeño,,"cara redonda, encarañado",ojos negros,,,nariz afilada,,,,,,,,,,,,,,,,levita negra de paño,pantalon de genero,,,sombrero de paja,,,,,,,8.5,Bajo / Pequeño,Desconocido,Desconocido,negros,Afilada,Desconocido,Desconocido,Desconocido,Desconocido,Levita,Desconocido,Cholos/Chinas,1,1,0,6,0,0,3,3,2,5,6,2
134,1851-01-13,"El Sabado 4 del presente se ha perdido un muchacho a las siete de la noche, tomándose muchas cosas valiosas: el que lo tuviese será responsable á todo el hurto que ha inferido: el es de cara aguileña, con vestido celeste de panilla, es indio cholo; y si alguno lo presenta en esta imprenta se lo gratificara; mas si por el contrario resultase complice en el delito cometido por dicho muchacho que es de 14 á 15 años sufrirá las penas que designa la ley. ",AVISO.,,M,14 a 15,,indio cholo,,,cara aguileña,,,,,,,,,,,,,,,,,,,,vestido celeste de panilla,,,,,,,,,,,14.5,Desconocido,Desconocido,Forma geométrica / estructura,Desconocido,Desconocido,Desconocido,Desconocido,Desconocido,Desconocido,Vestido,Desconocido,Indígena,2,1,2,0,5,0,3,3,2,10,6,4
135,1851-02-20,"Hoy á las nueve del dia ha desaparecido un niño de edad de dos años seis meses de la casa la cofradia de Minas, nominado Lucas Alvarez, color peruano, y circunstancias idem. Se ofrece un premio a quien dé noticia de él que dicho aviso se dará en esta imprenta. Se repite en El Comercio, n. 3488, 21 de febrero de 1851, p.1. ",AVISO.,Lucas Alvarez,M,2 años 6 meses,,color peruano,,,,,,,,,,,,,,,,,,,,,,,,,,,,,,,,,,2.5,Desconocido,Desconocido,Desconocido,Desconocido,Desconocido,Desconocido,Desconocido,Desconocido,Desconocido,Desconocido,Desconocido,Peruanos,2,1,0,0,5,0,3,3,2,4,6,7
136,1851-02-20,"Se ha fugado de la panaderia de la Palma un cholito nombrado Inocencio Arias, de edad de catorce años, gordo, algo jibado, color mestizo, cara redonda grande, boca grande, ojos pardos pequeños, pantalon de genero de listas azules, llevándose unas especies robadas. La persona que lo tuviere sera responsable á los gastos, daños y perjuicios que se orijinen como así mismo al valor de las especies robadas, segun el articulo del Reglamento de Policia. Se repite en El Comercio, n. 3488, 21 de febrero de 1851, p.1, El Comercio, n. 3489, 22 de febrero de 1851, p.1.",ATENCION AL AVISO.,Inocencio Arias,M,14,,"cholito, color mestizo",,"gordo, algo jibado",cara redonda grande,ojos pardos pequeños,,,,boca grande,,,,,,,,,,,,,,,,pantalon de genero de listas azules,,,,,,,,,,14.0,Desconocido,Desconocido,Forma geométrica / estructura,Mixta,Desconocido,Grande / Bocona / Jetona / Hocicona,Desconocido,Desconocido,Desconocido,Desconocido,Azul,Desconocido,2,1,2,1,5,1,3,3,2,4,2,3
137,1851-02-20,"El Domingo 16 del presente á la oracion se ha fugado de la casa de su patron un cholito nombrado Saturnino, de edad de diez años, es ñato, bocon, ojos grandes, y vestido con un pantalon de paño azul, la persona que lo entregue ó dé razon de él, será gratificada. En esta imprenta darán razon de su patron. Se repite en El Comercio, n. 3488, 21 de febrero de 1851, p.1, 
El Comercio, n. 3489, 22 de febrero de 1851, p.1. ",AVISO.,Saturnino,M,10,,cholito,,,,ojos grandes,,,ñato,bocon,,,,,,,,,,,,,,,,pantalon de paño azul,,,,,,,,,,10.0,Desconocido,Desconocido,Desconocido,grandes,Ñata,Desconocido,Desconocido,Desconocido,Desconocido,Desconocido,Casimir / Paño / Lana / Seda / Cordellate,Cholos/Chinas,2,1,0,5,11,0,3,3,2,4,5,2
138,1851-02-24,"A la persona que haya encontrado una muchachita de edad de dos años y medio que se perdió el Domingo á las seis de la tarde en la puerta solar de la calle del Molino Quebrado: sus señales son rapada, cara redonda, mestiza, con un trajecito de lanilla con fondo cabritilla. La persona que se la hubiese hallado ocurra á dicho solar que se le dara su hallazgo. ",SE DARA UNA GRATIFICACION.,,F,2 años 6 meses,,mestiza,,,cara redonda,,,,,,,,,,,,,rapada,,,,,,,trajecito de lanilla con fondo cabritilla,,,,,,,,,,,2.5,Desconocido,Desconocido,Forma geométrica / estructura,Desconocido,Desconocido,Desconocido,Desconocido,Desconocido,Pelona / Rapada / Pelado,Traje,Desconocido,Mestizos,2,1,2,0,5,0,3,3,6,8,6,5
139,1851-02-25,"El Miercoles 19 del presente mes se ha perdido un cholito de doce a trece años de edad llamadose Norberto Ibarra, recien llegado de esta capital. Habla regular el castellano y cargaba un sombrero de paja fino usado forrado con hule amarillo. La persona que lo encontrase ó supiese de su paradero ocurrira al almancen situado juanto a la panaderia de Santo Toribio, donde se le dará una buena gratificacion. Se repite en El Comercio, n. 3492, 26 de febrero de 1851, p.1, El Comercio, n. n. 3493, 27 de febrero de 1851, p.4.",AVISO.,Norberto Ibarra,M,12 a 13,recien llegado de esta capital,cholito,,,,,,,,,,,,,,,,,,,,,,,,,,,sombrero de paja fino usado forrado con hule amarillo,,,,,,,12.5,Desconocido,Desconocido,Desconocido,Desconocido,Desconocido,Desconocido,Desconocido,Desconocido,Desconocido,Desconocido,Desconocido,Cholos/Chinas,2,1,0,0,5,0,3,3,2,4,6,2
140,1851-02-28,"En la mañana de ayer 27 se ha salido de casa de la señora Morote, esquina Jesus Maria, una cholita juijina recientemente llegada de edad de diez años, cuyas señales son las siguientes: cara redonda, ojos alegres, nariz afilada, color trigueño y algo quemado del camino: esta vestida de camison y traje de olan. La persona que la entregue recibira una gratificacion en el Cabildo portal de Escribanos. Se repite en El Comercio, n. 3496, 5 de marzo de 1851, p.1, El Comercio, n. 3497, 6 de marzo de 1851, p. 1. ",AVISO.,,F,10,recientemente llegada,color trigueño y algo quemado del camino,,,cara redonda,ojos alegres,,,nariz afilada,,,,,,,,,,,,,,,,camison y traje de olan,,,,,,,,,,,10.0,Desconocido,Desconocido,Forma geométrica / estructura,expresivos / forma especial,Afilada,Desconocido,Desconocido,Desconocido,Desconocido,Camison,Desconocido,Trigueños/Tostados,2,1,2,4,0,0,3,3,2,2,6,9
141,1851-03-22,"La persona en cuyo poder se halle una cholita nombrada Matiana, de edad de siete años poco mas o menos, que á las ocho de la mañana del dia de ayer 20 salió de su casa, calle de Pití para el molino del señor Pfeilfer con una talenga a comprar granzas, y no ha vuelto hasta ahora, tendrá la bondad de entregarla en su misma casa que ella sabe dar razon, en intelijencia que en el dia se ha dado conocimiento a la Intendencia de Policia, y esta ha expresado la orden correspondiente a fin de que se solicite su paradero. Se repite en El Comercio. n. 3511, 24 de marzo de 1851, p.1, El Comercio, n. 3512, 26 de marzo de 1851, p.1.",AVISO.,Matiana,F,7 años poco mas o menos,,cholita,,,,,,,,,,,,,,,,,,,,,,,,,,,,,,,,,,7.0,Desconocido,Desconocido,Desconocido,Desconocido,Desconocido,Desconocido,Desconocido,Desconocido,Desconocido,Desconocido,Desconocido,Cholos/Chinas,2,1,0,0,5,0,3,3,2,4,6,2
142,1851-03-22,"Se ha fugado de casa de su patron un cholo llamado Cayetano, edad de 13 años, color mestizo, cara grande redonda; y se previene á las personas que lo hubiesen ocultado ó recibido a su servicio, lo avisen en el almacen Pescante, calle de la Pileta de Sto. Domingo su pena de aplicarseles el reglamento vijente de Policia sino lo verificasen y se descubriera su paradero. Se repite en El Comercio. n. 3511, 24 de marzo de 1851, p.1, El Comercio, n. 3512, 26 de marzo de 1851, p.1.",AVISO.,Cayetano,M,13,,"cholo, mestizo",,,cara grande redonda,,,,,,,,,,,,,,,,,,,,,,,,,,,,,,,13.0,Desconocido,Desconocido,Forma geométrica / estructura,Desconocido,Desconocido,Desconocido,Desconocido,Desconocido,Desconocido,Desconocido,Desconocido,Desconocido,2,1,2,0,5,0,3,3,2,4,6,3
143,1851-03-26,"En la noche del 19 del presente, ha fugado la chola nombrada Leonarda Chiguaco y Suarez, de casa de su patrona Da. Dolores Valeciano, calle de Concepcion, N. 22 altos, llevandose una alhaja cuantiosa: la persona primera á donde se haya ido sera responsable de uno y otro tambien la multa que ordena el Reglamento de Policia; sus señales son gorda, su edad de 12 á 13 años, pelona con el pelo hasta el pescuezo, el labio inferior un poco salido, ñata, con un trage de olan plomo, otro de seda negro y tres pañuelos de algodon de taparse de color. En la misma casa se necesita una criada cocinera sin vicios ó una muchacha.",AVISO.,Leonarda Chiguaco y Suarez,F,12 a 13,,chola,,gorda,,,,,ñata,,labio inferior un poco salido,,,,,,,pelona con el pelo hasta el pescuezo,,,,,,,"trage de olan plomo, otro de seda negro ",,,,,tres pañuelos de algodon de taparse de color,,,,,,12.5,Desconocido,Grueso / Gordo / Robusto,Desconocido,Desconocido,Ñata,Desconocido,Desconocido,Desconocido,Pelona / Rapada / Pelado,Desconocido,Desconocido,Cholos/Chinas,2,3,0,0,11,0,3,3,6,4,6,2
144,1851-04-15,En la madrugada del dia de hoy ha fugado de su casa un cholito nombrado Manuel: es gordo y caranton. Se advierte que la persona que lo tome á su servicio sufrirá las penas que designa el Reglamento de Policia. En esta imprenta darán razon.,AVISO.,Manuel,M,,,cholito,,gordo,caranton,,,,,,,,,,,,,,,,,,,,,,,,,,,,,,,Desconocido,Desconocido,Grueso / Gordo / Robusto,Tamaño / proporción,Desconocido,Desconocido,Desconocido,Desconocido,Desconocido,Desconocido,Desconocido,Desconocido,Cholos/Chinas,2,3,5,0,5,0,3,3,2,4,6,2
145,1851-05-01,"En la tarde de ayer ha fugado de casa de sus patrones, un muchacho nombrado Pedro Gamarra, de 10 años de edad, color mestizo claro, cara aguileña, ojos grandes cegatones. Vestido con pantalon de aurora de listas, chaqueta color plomo, camisa de olan cabritilla y sombrero castor plomo. La persona que dé razon de su paradero en la calle de Granados N° 81 se le compensara con una gratificacion. Se repite en El Comercio, n. 3542, 3 de mayo de 1851, p.1.",,Pedro Gamarra,M,10,,mestizo claro,,,cara aguileña,ojos grandes cegatones,,,,,,,,,,,,,,,,,,,camisa de olan cabritilla,pantalon de aurora de listas,,,sombrero castor plomo,,chaqueta color plomo,,,,,10.0,Desconocido,Desconocido,Forma geométrica / estructura,Mixta,Desconocido,Desconocido,Desconocido,Desconocido,Desconocido,Camisa,Desconocido,Mestizos,2,1,2,1,5,0,3,3,2,0,6,5
146,1851-05-05,"Se ha fugado el 2 del presente una muchacha de casa de su patron, cuyas señales son: trece años de edad, color peruano, ojos regulares, nariz aguileña, pelo negro, cuerpo delgado; y vá vestida de un trage de olan rosado y pañuelon de gros carmelo. Su nombre Jacoba: el que diese razon de ella en la calle del Padre Jeronimo, N° 116 se le dara una gratificacion. Se repite en El Comercio, n. 3544, 6 de mayo de 1851, p.1, El Comercio, n. 3545, 7 de mayo de 1851, p.1.",AVISO.,Jacoba,F,13,,color peruano,,cuerpo delgado,,ojos regulares,,,nariz aguileña,,,,,,negro,,,,,,,,,,trage de olan rosado,,,,,pañuelon de gros carmelo,,,,,,13.0,Desconocido,Delgado / Flaco,Desconocido,regulares,Aguileña,Desconocido,Desconocido,Desconocido,Desconocido,Traje,Desconocido,Peruanos,2,0,0,9,1,0,3,3,2,8,6,7
147,1851-05-14,"Anoche á las nueve se ha fugado de casa de su patrona un cholito nombrado Gregorio Machuri, natural de Puno y de doce á catorce años. Al que lo presente en esta imprenta se le gratificará; como también sufrirá la multa que designa el Reglamento de Policia el que lo retuviese en su poder. Se repite en El Comercio, n. 3552, 15 de mayo de 1851, p.1, El Comercio, n. 3553, 16 de mayo de 1851, p.1, El Comercio, n. 3554, 17 de mayo de 1851, p.1.",AVISO.,Gregorio Machuri,M,12 a 14,natural de Puno,cholito,,,,,,,,,,,,,,,,,,,,,,,,,,,,,,,,,,13.0,Desconocido,Desconocido,Desconocido,Desconocido,Desconocido,Desconocido,Desconocido,Desconocido,Desconocido,Desconocido,Desconocido,Cholos/Chinas,2,1,0,0,5,0,3,3,2,4,6,2
148,1851-06-11,"Anoche se ha salido de la casa de sus patronas una cholita llamada Francisca, de edad de doce años, va vestida con traje rosado, zapatos de […] sus señales son: cara redonda, pelona, con una cicatriz de apostema en la cabeza; se advierte que se ha dado parte a la Intendencia. En esta imprenta se dará una gratificacion á quien la entregue. Lima, Junio 11 de 1851. Se repite en El Comercio, n. 3574, 12 de junio de 1851, p.1, El Comercio, n. 3576, 14 de junio de 1851, p.1.",AVISO.,Francisca,F,12,,cholita,,,cara redonda,,,,,,,,,,,,,pelona,cicatriz de apostema en la cabeza,,,,,,traje rosado,,zapatos de […],,,,,,,,,12.0,Desconocido,Desconocido,Forma geométrica / estructura,Desconocido,Desconocido,Desconocido,Desconocido,Desconocido,Desconocido,Traje,Desconocido,Cholos/Chinas,2,1,2,0,5,0,3,3,2,8,6,2
149,1851-06-11,"A la persona que dé aviso ó entregue á una esclava llamada Peta Vasquez, que ha fugado ayer 9 del presente, de la casa de Moneda, perteneciente al Sr. Tesorero. 
Sus señales son: estatura regular, ojos pequeños, nariz ancha, muy flaca, color china prieta, su edad como de cincuenta años; se advierte que la persona que la tuviere tendrá que pagar sus jornales dobles conforme á la ley.",SE DA UNA BUENA GRATIFICACION.,Peta Vasquez,F,50,,color china prieta,estatura regular,muy flaca,,ojos pequeños,,,nariz ancha,,,,,,,,,,,,,,,,,,,,,,,,,,,50.0,Mediano / Regular,Delgado / Flaco,Desconocido,pequeños,Con señas o detalles,Desconocido,Desconocido,Desconocido,Desconocido,Desconocido,Desconocido,Pardos/Prietos/Mulatos,4,0,0,8,3,0,3,3,2,4,6,6
150,1851-06-25,"El Sabado 21 del presente se ha perdido de la casa de su patrona una chola llamada Petrona Ochoa hija de la ciudad de Ayacucho, con las señales siguientes: de edad de 12 á 13 años, vestido con traje de lana plomo con flores azules, picada de viruelas, pelona, pañuelon aurora de casimir. La persona que de razon ó entregue recibira una gratificacion. En esta imprenta se dara noticia de la señora quien pertenece dicha chola. Lima, 23 de Junio de 1851. Se repite en El Comercio, n. 3610, 25 de julio de 1851, p.1.",FUGA.,Petrona Ochoa,F,12 a 13,hija de la ciudad de Ayacucho,chola,,,,,,,,,,,,,,,,pelona,,picada de viruelas,,,,,traje de lana plomo con flores azules,,,,,pañuelon aurora de casimir,,,,,,12.5,Desconocido,Desconocido,Desconocido,Desconocido,Desconocido,Desconocido,Desconocido,Desconocido,Desconocido,Traje,Desconocido,Cholos/Chinas,2,1,0,0,5,0,3,3,2,8,6,2
151,1851-07-02,"El Domingo 29 ha huido de casa de sus patrones un muchacho nombrado Sebastian Borjas: de 11 á 12 años de edad, color mestizo, pelo crespo ambareado, cara redonda, ñato, ojos pardos, vestido con camisa rosada de olan, chaqueta de nanquin azul, pantalon de color, roto de una pierna. Ocurrase a esta imprenta que lo retuviese en su poder se hará acreedora a las penas que señala el Reglamento de Policia.",,Sebastian Borjas,M,11 a 12,,color mestizo,,,cara redonda,ojos pardos,,,ñato,,,,,,ambareado,,,crespo ambareado,,,,,,roto de una pierna,camisa rosada de olan,pantalon de color,,,,,chaqueta de nanquin azul,,,,,11.5,Desconocido,Desconocido,Forma geométrica / estructura,pardos,Ñata,Desconocido,Desconocido,Desconocido,Lacio / Crespo,Camisa,Desconocido,Mestizos,2,1,2,7,11,0,3,3,3,0,6,5
152,1851-07-03,"Se da una buena gratificacion á la persona que entregue ó dé una noticia fija del paradero de un cholito que está cimarron desde el Domingo de Corpus, se llama Felix Segundo, tiene ocho años para nueve, esta mudando los dientes de la dentadura de arriba, le falta un diente, en la coronilla de la cabeza, tiene un empeine en forma de corona chiquita, cara aguileña, con sombrero de paja amarilla, camisa de color, pantalon de jenero, zapatos de gabucha. Pertenece a la casa del señor La-Puerta, calle de Plateros de San Agustin ó a la pasteleria de la Comedia.",AVISO.,Felix Segundo,M,8 años para 9,,cholito,,,cara aguileña,,,,,,,"esta mudando los dientes de la dentadura de arriba, le falta un diente","en la coronilla de la cabeza, tiene un empeine en forma de corona chiquita",,,,,,,,,,,,camisa de color,pantalon de jenero,zapatos de gabucha,,sombrero de paja amarilla,,,,,,,8.5,Desconocido,Desconocido,Forma geométrica / estructura,Desconocido,Desconocido,Desconocido,Desconocido,Desconocido,Desconocido,Camisa,Desconocido,Cholos/Chinas,2,1,2,0,5,0,3,3,2,0,6,2
153,1851-07-03,"Se dará una buena gratificacion á la persona que entregue ó dé razon de un muchacho llamado Julian de 13 á 14 años de edad, pelon, vestido azul y camisa color morada con blanco, sombrero huachano, de ojos grandes y hundidos y con una cicatriz en la frente y otra en la nariz. Ocurrase á la calle de Almirez N°172. Se repite en El Comercio, n. 3591, 4 de julio de 1851, p.1, El Comercio, n. 3592, 5 de julio de 1851, p.1.",AVISO.,Julian,M,13 a 14,,,,,,ojos grandes y hundidos,,,,,,,,,,,,pelon,cicatriz en la frente y otra en la nariz,,,,,,vestido azul y camisa color morada con blanco,,,,sombrero huachano,,,,,,,13.5,Desconocido,Desconocido,Desconocido,grandes,Desconocido,Desconocido,Desconocido,Desconocido,Pelona / Rapada / Pelado,Vestido,Desconocido,Desconocido,2,1,0,5,5,0,3,3,6,10,6,3
154,1851-07-23,"El Martes 22 del corriente á las 8 de la mañana se han robado del tambo del Pompon, calle de Tigre, un muchacho de 11 á 12 años de edad, con las señales individuales siguientes: color mestizo claro, cara redonda, picado de viruelas, nariz chata, estaba vestido con pantalon y chaqueta de panilla á cuadros morado y plomo, un poncho grande de Puno á listas punzó y blanco, sombrero de panza de burro plomo, y está recien llegado de la provincia de Jauja: al que diere razon de su paradero se le ofrece una gratificacion avisando en la casa numero 193 calle Baquijano; previniendo al que lo tuviere se le hará responsable según lo que previene el reglamento de Policia para estos casos si no lo entrega en el término de 8 dias.",GRATIFICACION. ,,M,11 a 12,recien llegado de la provincia de Jauja,color mestizo claro,,,cara redonda,,,,nariz chata,,,,,,,,,,,picado de viruelas,,,,,,pantalon,,poncho grande de Puno á listas punzó y blanco,sombrero de panza de burro plomo,,chaqueta de panilla á cuadros morado y plomo,,,,,11.5,Desconocido,Desconocido,Forma geométrica / estructura,Desconocido,Chata,Desconocido,Desconocido,Desconocido,Desconocido,Desconocido,Desconocido,Mestizos,2,1,2,0,2,0,3,3,2,4,6,5
155,1851-07-24,"Para quien dé aviso ó presente en el principal de la casa de Camiloaga, alias Jara (Pileta de Sto. Domingo) á un serranito llamado Mariano Mataromos, de 10 años con pantalon de listas, tuy de dril aplomado y gorra. Solo seducido ha podido desertar el 17 del presente de la casa y tutela de quien lo educaba por suplica de sus padres, á quienes se tiene de responder. Quien lo patrocine va expuesto a las personas de la Policia.",GRATIFICACION. ,Mariano Mataromos,M,10,,serranito,,,,,,,,,,,,,,,,,,,,,,,tuy de dril aplomado,pantalon de listas,,,gorra,,,,,,,10.0,Desconocido,Desconocido,Desconocido,Desconocido,Desconocido,Desconocido,Desconocido,Desconocido,Desconocido,Tuin,Rayado / Listado / Cuadros,Territorial,2,1,0,0,5,0,3,3,2,9,10,8
156,1851-07-25,"De los altos de la Biblioteca se ha fugado un muchacho llamado Ahustin Velasquez, de 12 á 13 años de edad y se suplica a la persona q’ lo tenga lo devuelva pues sus patrones lo recibieron bajo responsabilidad. Es indio, de cara redonda, y va vestido con pantalon azul, chaqueton de color claro, y gorra de paño.",AVISO.,Ahustin Velasquez,M,12 a 13,,indio,,,cara redonda,,,,,,,,,,,,,,,,,,,,,pantalon azul,,,gorra de paño,,chaqueton de color claro,,,,,12.5,Desconocido,Desconocido,Forma geométrica / estructura,Desconocido,Desconocido,Desconocido,Desconocido,Desconocido,Desconocido,Desconocido,Azul,Indígena,2,1,2,0,5,0,3,3,2,4,2,4
157,1851-08-05,"El 12 del corriente se ha huido de casa de su amo una muchacha de edad de diez años, traida del Norte, vestida con un trajecito de olan de color y su […]: la persona que la entregue ó de razon segura para lograr su aprehension será bien gratificada. El nombre de la muchacha es Gabriela Herrera, […] podrá darse en el teatro municipal en donde se le pagara al que lo de lo ofrecido; bajo el supuesto que el que la oculte responderá de los jornales y p.. pues se ha dado parte a la Policia. Se repite en El Comercio, n. 3619, 6 de agosto de 1851, p.1.",AVISO.,Gabriela Herrera,F,10,traida del Norte,,,,,,,,,,,,,,,,,,,,,,,,trajecito de olan de color y su […],,,,,,,,,,,10.0,Desconocido,Desconocido,Desconocido,Desconocido,Desconocido,Desconocido,Desconocido,Desconocido,Desconocido,Desconocido,Desconocido,Desconocido,2,1,0,0,5,0,3,3,2,4,6,3
158,1851-08-07,"A la persona que entregue o de aviso del paradero de una cholita, que se ha fugado en la noche 4 del presente de la casa de San Pedro num. 56, cuyas señales son las siguientes: 
	Pequeña de cuerpo, retacona como de 12 a 14 años, cara redonda, boca grande, pelo corto. Se repite en El Comercio, n. 3622, 9 de agosto de 1851, p.1, El Comercio, n. 3623, 11 de agosto de 1851, p.1, El Comercio, n. 3624, 12 de agosto de 1851, p.1.",UNA BUENA GRATIFICACION.,,F,12 a 14,,cholita,retacona,"pequeña de cuerpo, retacona",cara redonda,,,,,boca grande,,,,,,,,pelo corto,,,,,,,,,,,,,,,,,,13.0,Bajo / Pequeño,Desconocido,Forma geométrica / estructura,Desconocido,Desconocido,Grande / Bocona / Jetona / Hocicona,Desconocido,Desconocido,Corto / Muy corto / Más corto que largo,Desconocido,Desconocido,Cholos/Chinas,1,1,2,0,5,1,3,3,1,4,6,2
159,1851-08-13,"Ayer á las dos de la tarde se ha perdido una cholita llamada Timotea; las señales son las siguientes: pañuelon negro bordado, traje de olan de listas, sombrero de a 2rs y el pelo corto, se advierte que la Intendencia tiene conocimiento por hallarse en poder de sus padrinos, quien la entregue o dé razon en la cigarreria frente al cuartel del Colejio Real tendrá una gratificacion. Lima, Agosto 11 de 1851. Se repite en El Comercio, n. 3626, 14 de agosto de 1851, p.1.",AVISO.,Timotea,F,,,cholita,,,,,,,,,,,,,,,,pelo corto,,,,,,,traje de olan de listas,,,,sombrero de a 2rs,pañuelon negro bordado,,,,,,Desconocido,Desconocido,Desconocido,Desconocido,Desconocido,Desconocido,Desconocido,Desconocido,Desconocido,Corto / Muy corto / Más corto que largo,Traje,Desconocido,Cholos/Chinas,2,1,0,0,5,0,3,3,1,8,6,2
160,1851-08-14,"El dia de ayer a las siete de la mañana fugó de la calle de las Divorciadas, n°97, un cholo llamado Vicente, a quien su patron lo tiene desde la edad de tres años en que le entregó su madre, hasta la de doce años que tiene: sus señales, cara redonda, va vestido de pantalon de casimir azul con rayas negras, chaqueta de paño azul y gorra: se dá este aviso para que ninguna persona lo admita en su servicio por ser menor de edad y esta bajo tutoría del que lo tiene; ya se ha dado parte á la Policia, y cualquiera persona que lo tenga lo puede entregar en la Intendencia ó en la calle de las Divorciadas, n°97 y el que dé aviso de su paradero se le gratificara. En esta imprenta daran razon de su paradero. Se repite en El Comercio, n. 3627, 16 de agosto de 1852, p.1, El Comercio, n. 3628, 18 de agosto de 1851, p.1.",FUGA DE UN CHOLO.,Vicente,M,12,,cholo,,,cara redonda,,,,,,,,,,,,,,,,,,,,,pantalon de casimir azul con rayas negras,,,gorra,,chaqueta de paño azul ,,,,,12.0,Desconocido,Desconocido,Forma geométrica / estructura,Desconocido,Desconocido,Desconocido,Desconocido,Desconocido,Desconocido,Desconocido,Azul,Cholos/Chinas,2,1,2,0,5,0,3,3,2,4,2,2
161,1851-08-18,"En la noche del Jueves 14 del presente se ha huido un muchacho, su nombre Antonio: sus señales, su casta indijena, cari-redondo, ñato, mucho pelo, el pallar de la oreja izquierda de menos, polaca plomo mezclilla, pantalon de cuadros oscuros; su padrino vive en la calle Judios, tienda de papeles publicos n°111, conocida por el Dorado, á quien se le entregara.",AVISO.,Antonio,M,,,casta indijena,,,cari-redondo,,,,ñato,,,,,,,,,mucho pelo,,,,,,,polaca plomo mezclilla,pantalon de cuadros oscuros,,,,,,pallar de la oreja izquierda de menos,,,,Desconocido,Desconocido,Desconocido,Desconocido,Desconocido,Ñata,Desconocido,Desconocido,Desconocido,Cantidad de pelo,Desconocido,Rayado / Listado / Cuadros,Indígena,2,1,0,0,11,0,3,3,0,4,10,4
162,1851-08-20,"En la noche del 17 á las nueve y media de ella ha fugado de la calle del Cabrito un cholito llamado Jacinto: sus señas cara redonda, ojos encapotados chicos, nariz ñato, color peruano prieto, labios abultados, está con un panatalon de casimir color rojo, chaqueton de bayetón gris cuello y bota celeste y gorra de paño azul grande; se dá este aviso para que ninguna persona lo admita en su servicio por ser menor de edad y esta bajo tutoria del que lo tiene; ya se ha dado parte a la policia y aun mas se ha robado algunos pesos y cualquiera persona que lo tenga lo puede entregar en la intendencia ó en la casa de las Albadas y al que de aviso de su paradero se le gratificara. En esta imprenta daran razon de su patrón.",FUGA DE UN CHOLITO.,Jacinto,M,,,"cholito, color peruano prieto",,,cara redonda,ojos encapotados chicos,,,nariz ñato,,labios abultados,,,,,,,,,,,,,,,panatalon de casimir color rojo,bota celeste,,gorra de paño azul grande,,chaqueton de bayetón gris cuello,,,,,Desconocido,Desconocido,Desconocido,Forma geométrica / estructura,pequeños,Desconocido,Desconocido,Desconocido,Desconocido,Desconocido,Desconocido,Desconocido,Desconocido,2,1,2,8,5,0,3,3,2,4,6,3
163,1851-09-11,"Anoche á las 8 […] se ha salido de la casa de doña Andrea Rivera, calle de Pateoncito num 164, un cholito llamado Eujenio de 9 á 10 años, pelado á navaja con un pañuelito de seda azul en la cabeza, con una chaquetilla y un pantaloncito de cuadros todo de lana, recien traido de Huaras: la persona que lo tenga la entregara y sera gratificado y de lo contrario sufrira las penas del Reglamento de Policia. Se repite en El Comercio, n. 3649, 12 de septiembre de 1851, p.1, El Comercio, n. 3650, 13 de septiembre de 1851, p.1.",PERIDIDA DE UN MUCHACHO.,Eujenio,M,9 a 10,recien traido de Huaras,cholito,,,,,,,,,,,,,,,,pelado á navaja,,,,,,,,pantaloncito de cuadros todo de lana,,,,pañuelito de seda azul en la cabeza,chaquetilla,,,,,9.5,Desconocido,Desconocido,Desconocido,Desconocido,Desconocido,Desconocido,Desconocido,Desconocido,Desconocido,Desconocido,Desconocido,Cholos/Chinas,2,1,0,0,5,0,3,3,2,4,6,2
164,1851-09-26,"En la noche del dia de ayer como á las nueve y media se ha huido del poder de doña Rudecinda Carabajal, Facundo Carabajal, de diez años, color trigueño, su vestido es chaqueta azul, pantalon cenizo con rayitas cabretillas, camisa de color blanca, con rayas moráditas: la persona que supiese de su paradero ó lo encontrase en alguna parte, lo presentará en la tienda esquina de Comeseho ó plazuela de Nazarenas que se le dará su gratificacion, con encargo que el lo tuviese y no lo entregase como se indica, sufrira la pena que previene el Reglamento de Policia.",AVISO.,Facundo Carabajal,M,10,,trigueño,,,,,,,,,,,,,,,,,,,,,,,"camisa de color blanca, con rayas moráditas",pantalon cenizo con rayitas cabretillas,,,,,chaqueta azul,,,,,10.0,Desconocido,Desconocido,Desconocido,Desconocido,Desconocido,Desconocido,Desconocido,Desconocido,Desconocido,Desconocido,Desconocido,Trigueños/Tostados,2,1,0,0,5,0,3,3,2,4,6,9
165,1851-09-30,"El Sabado 27 del presente se ha huido del poder de su patron un cholito nombrado Carlos cuyas señales son las siguientes: gordo, chiquitito de cuerpo, caranton, frente calzada y ojos pequeños: va vestido con camisa color morada con rosado y pantalon de genero con listitas azules y blancas y como de 12 años de edad. La persona que la tenga oculto ó lo admita en su servicio respondera por los cargos que se le hagan ante la Intendencia de Policia si antes no lo presenta en esta imprenta, ofreciendose una gratificacion al que dé razon de su paradero.",AVISO.,Carlos,M,12,,cholito,chiquitito de cuerpo,"gordo, chiquitito de cuerpo",caranton,ojos pequeños,,,,,,,frente calzada,,,,,,,,,,,,camisa color morada con rosado,pantalon de genero con listitas azules y blancas,,,,,,,,,,12.0,Bajo / Pequeño,Desconocido,Tamaño / proporción,pequeños,Desconocido,Desconocido,Calzada,Desconocido,Desconocido,Camisa,Rayado / Listado / Cuadros,Cholos/Chinas,1,1,5,8,5,0,0,3,2,0,10,2
166,1851-09-30,"El dia 19 de Septiembre se ha perdido en el callejon de Petateros una muchachita de edad de tres años, llamada Jertrudis; vá vestida con trajecito verde, color mestiza. La persona que dé aviso se dará una gratificacion en esta imprenta.",AVISO.,Jertrudis,F,3,,color mestiza,,,,,,,,,,,,,,,,,,,,,,,trajecito verde,,,,,,,,,,,3.0,Desconocido,Desconocido,Desconocido,Desconocido,Desconocido,Desconocido,Desconocido,Desconocido,Desconocido,Traje,Desconocido,Desconocido,2,1,0,0,5,0,3,3,2,8,6,3
167,1851-10-21,"El Domingo 19 ha desaparecido de la casa numero 125, calle de Belzunce, un muchacho llamado Ramon; sus señales son las siguientes: cara grande, ojos chicos y con un orzuelo en el izquierdo, boca grande, nariz afilada, pelo negro muy corto, cuatro pies y medio de alto, es de las montañas de Je.., habla mal castellano: se ha ido llevando unas dormilonas de brillantes; la persona que lo oculte será responsable del valor de dicha especie si no lo entrega en el momento para lo que se ha dado parte á la Intendencia. Va vestido con chamarron de paño verde claro, pantalon azul de listas, camisa de color y corbata de seda negra. La persona que lo entregue en l momento recibirá una gratificacion en dicha casa. Se repite en El Comercio, n. 3683, 22 de octubre de 1851, p.1.",AVISO.,Ramon,M,,es de las montañas de Je..,,cuatro pies y medio de alto,,cara grande,ojos chicos y con un orzuelo en el izquierdo,,,nariz afilada,boca grande,,,,,negro,,,pelo muy corto,,,,,,,camisa de color,pantalon azul de listas,,,,chamarron de paño verde claro,corbata de seda negra,,,,,Desconocido,Especial / Numérica,Desconocido,Tamaño / proporción,Mixta,Afilada,Grande / Bocona / Jetona / Hocicona,Desconocido,Desconocido,Corto / Muy corto / Más corto que largo,Camisa,Rayado / Listado / Cuadros,Desconocido,3,1,5,1,0,1,3,3,1,0,10,3
168,1851-10-23,"El dia de ayer 21 a las 3 de la tarde se ha perdido una criatura, de la plazuela de Nazarenas llamada Mauricia Ortiz, de edad de 7 años, color trigueño, con un trajecito de […] cabritilla. La persona que la encontrase ó diere razon será gratificada y avise á don Faustino Ortiz en la plazuela de Nazarenas.",AVISO.,Mauricia Ortiz,F,7,,color trigueño,,,,,,,,,,,,,,,,,,,,,,,trajecito de […] cabritilla,,,,,,,,,,,7.0,Desconocido,Desconocido,Desconocido,Desconocido,Desconocido,Desconocido,Desconocido,Desconocido,Desconocido,Desconocido,Desconocido,Trigueños/Tostados,2,1,0,0,5,0,3,3,2,4,6,9
169,1851-10-23,"Se ha fugado de la casa del que suscribe un muchacho indijena de edad de catorce años, que se halla bajo mi servicio y tutela. Ninguna persona pue-recibirlo legalmente en su servicio, lleva el nombre de Manuel Cunales, y esta vestido con pantalon negro con listas blancas y chaqueton azul. La persona que lo presente o diese razon de su paradero recibirá una gratificacion de Pablo Tirado. Se repite en El Comercio, n. 3690, 24 de octubre de 1851, p.1",AVISO.,Manuel Cunales,M,14,,indijena,,,,,,,,,,,,,,,,,,,,,,,,pantalon negro con listas blancas ,,,,,chaqueton azul,,,,,14.0,Desconocido,Desconocido,Desconocido,Desconocido,Desconocido,Desconocido,Desconocido,Desconocido,Desconocido,Desconocido,Desconocido,Indígena,2,1,0,0,5,0,3,3,2,4,6,4
170,1851-10-23,"Veinte pesos de gratificacion á la persona que entregue en la calle Mercaderes num. 263, una chola de trece años de edad, que salió huida de casa de sus patrones hace tres semanas, al poder de los cuales fue entregada á la edad de siete años, se llama Isidora, es gorda, pequeña, un poco borrada, sus ojos tienen semejanza en el cor[..], a los de los chinos. Se advierte que se hace responsable á cualesquiera persona que la haya tomado a su servicio, o que la haya hecho salir de casa de sus patrones, pues dicha chola se ha llevado algunas especies y entre ellas, una de oro y plata.",AVISO IMPORTANTE.,Isidora,F,13,,chola,pequeña,"gorda, pequeña, un poco borrada",,"ojos tienen semejanza en el cor[..], a los de los chinos",,,,,,,,,,,,,,,,,,,,,,,,,,,,,,13.0,Bajo / Pequeño,Desconocido,Desconocido,Desconocido,Desconocido,Desconocido,Desconocido,Desconocido,Desconocido,Desconocido,Desconocido,Cholos/Chinas,1,1,0,0,5,0,3,3,2,4,6,2
171,1851-12-05,"El Martes 2 del corriente ha fugado de la calle de Carrera num. 77 un cholito de ocho o nueve se previene a la persona que lo tenga que sino lo entrega se le harán los debidos cargos. Se repite en El Comercio, n. 3723, 10 de diciembre de 1851, p.1.",AVISO.,,M,8 o 9,,cholito,,,,,,,,,,,,,,,,,,,,,,,,,,,,,,,,,,8.5,Desconocido,Desconocido,Desconocido,Desconocido,Desconocido,Desconocido,Desconocido,Desconocido,Desconocido,Desconocido,Desconocido,Cholos/Chinas,2,1,0,0,5,0,3,3,2,4,6,2
172,1851-12-10,"El 9 del corriente se ha fugado una cholita llamada Martina O. Marta, de once años de edad, sus señales son cara aguileña, picada de viruelas y unas berrugas en las manos; á la persona que la entregue en la cuadra de Bejarano casa núm. 147 se le dará una gratificacion: previniendo que quien la oculte será responsable de las prendas que se ha sustraido, para cuyo efecto se ha dado aviso á la Intendencia de Policia. Se repite en El Comercio, n. 3724, 11 de diciembre de 1851, p.1, El Comercio, n. 3725, 12 de diciembre de 1851, p.4.",AVISO.,Martina O. Marta,F,11,,cholita,,,cara aguileña,,,,,,,,,,,,,,,picada de viruelas,,berrugas en las manos,,,,,,,,,,,,,,11.0,Desconocido,Desconocido,Forma geométrica / estructura,Desconocido,Desconocido,Desconocido,Desconocido,Desconocido,Desconocido,Desconocido,Desconocido,Cholos/Chinas,2,1,2,0,5,0,3,3,2,4,6,2
173,1851-12-24,"El 12 del presente á las doce del día se ha fugado un cholito de edad de 11 años llevandose un borrico; sus señales son las siguientes: cuerpo delgado, nariz afilada, cara aguileña, tiene cerca del ojo derecho dos cicatrices de viruelas, apegadas a las sienes: lleva por vestido chaqueta de paño plomo, pantalon de los mismo, sombrero de paja con zapatos. El borrico que lleva es azulado. Se previene á las personas que lo oculten que tendrán que pasar por la pena que impone el reglamento de Policia y ademas pagar los fletes del borrico; y los que dieren aviso de él en casa num. 74 calle de la Encarnacion serán bien gratificados. Se repite en El Comercio, n. 3736, 27 de diciembre de 1851, p.1, El Comercio, n. 3737, 29 de diciembre de 1851, p.1, El Comercio, n. 3738, 30 de diciembre de 1851, p.1.",AVISO.,,M,11,,cholito,,cuerpo delgado,cara aguileña,,,,nariz afilada,,,,,,,,,,,"tiene cerca del ojo derecho dos cicatrices de viruelas, apegadas a las sienes",,,,,,pantalon de los mismo,zapatos,,sombrero de paja,,chaqueta de paño plomo,,,,,11.0,Desconocido,Delgado / Flaco,Forma geométrica / estructura,Desconocido,Afilada,Desconocido,Desconocido,Desconocido,Desconocido,Desconocido,Desconocido,Cholos/Chinas,2,0,2,0,0,0,3,3,2,4,6,2
174,1851-12-29,"José Modesto Sanchez, natural de Patcho, provincia de Chancay; ha fugado ayer de la casa de sus patrones á la una del dia; vá vestido con un pantalon de cuadros, gorra de paño y camisa de tis.., zapatos de tacón; filiacion 12 años, ojos chicos, boca idem, color mestizo con peluquita, en la botica del portal de San Agustin ó en la calle de Nazarenas, n°142. Lima, 20 de diciembre de 1851. Se repite en El Comercio, n. 3739, 31 de diciembre de 1851, p.1.",OJO A LA GRATIFICACION SIRVIENTE PROFUGO.,José Modesto Sanchez,M,12,"natural de Patcho, provincia de Chancay",color mestizo,,,,ojos chicos,,,,boca idem,,,,,,,,peluquita,,,,,,,camisa de tis..,pantalon de cuadros,zapatos de tacón,,gorra de paño,,,,,,,12.0,Desconocido,Desconocido,Desconocido,pequeños,Desconocido,Grande / Bocona / Jetona / Hocicona,Desconocido,Desconocido,Otros / Con señas o detalles,Desconocido,Rayado / Listado / Cuadros,Mestizos,2,1,0,8,5,1,3,3,5,4,10,5
175,1852-01-02,"Ha desaparecido un muchacho Fructuoso Zavala, como de 20 años de edad, pequeño de cuerpo y grueso, color de mate, frente calzada ó con cabellos y picado de viruelas. Fué sirviente del señor Seoane y últimamente se hallaba de mercachifle. En el Callao paraba en la calle del Sosiego, tienda de un oficial retirado, en la plaza, y en una tienda inmediata á la casa del señor Caffari. Se dá una gratificacion al Agente de Policia ó persona particular que lo presente en esta imprenta en donde darán razon de todo.",AVISO.,Fructuoso Zavala,M,20,,color de mate,pequeño,pequeño de cuerpo y grueso,,,,,,,,,frente calzada ó con cabellos,,,,,,,picado de viruelas,,,,,,,,,,,,,,,,20.0,Bajo / Pequeño,Pequeño / Retaco,Desconocido,Desconocido,Desconocido,Desconocido,Desconocido,Desconocido,Desconocido,Desconocido,Desconocido,Trigueños/Tostados,1,4,0,0,5,0,3,3,2,4,6,9
176,1852-01-05,"El dia de ayer Sabado, se ha fugado una cholita de la casa del Dr. D. Santiago Campos de Romero de la edad de siete á ocho años, ojos desiguales, nariz afilada, frente hundida, patona, la persona que la tenga puede entregársela al referido señor que vive en la calle de la vireina, numero 18 y si no lo verifica así será responsable de las cosas que se haya llevado.",AVISO.,,F,7 a 8,,cholita,,patona,,ojos desiguales,,,nariz afilada,,,,frente hundida,,,,,,,,,,,,,,,,,,,,,,,7.5,Desconocido,Especial / Descriptivo,Desconocido,defecto ocular,Afilada,Desconocido,Estrecha / Hundida / Chata,Desconocido,Desconocido,Desconocido,Desconocido,Cholos/Chinas,2,2,0,3,0,0,4,3,2,4,6,2
177,1852-02-05,"A la persona que dé noticia de una cholita de 12 años, nombrada Maria, que en la madrugada de hoy se ha fugado de casa de sus patrones: pelona, color prieto, ñata, jetona, gorda, con muchos granos en la cabeza: la persona que supiere de su paradero, puede dar aviso en calle de Hormeno, casa num. 7. Se repite en El Comercio, n. 3769, 6 de febrero de 1852, p.1.",CUATRO PESOS DE GRATIFICACION.,Maria,F,12,,"cholita, color prieto",,gorda,,,,,ñata,jetona,,,,,,,,pelona,,,con muchos granos en la cabeza,,,,,,,,,,,,,,,12.0,Desconocido,Grueso / Gordo / Robusto,Desconocido,Desconocido,Ñata,Grande / Bocona / Jetona / Hocicona,Desconocido,Desconocido,Desconocido,Desconocido,Desconocido,Desconocido,2,3,0,0,11,1,3,3,2,4,6,3
178,1852-02-07,"En la mañana de hoy 6 del presente un muchacho cholo llamado Antonio, natural de Bolivia y como de 18 á 19 años de edad ha decerrajado una caja en la que había 616 pesos; 806 en onzas de oro y 310 en plata; y despues de robar toda la cantidad se ha fugado. La recompensa arriba ofrecida se dara por el recobro del dinero y arresto del ladron. Arturo Terry, Retratista. N°11 portal de San Agustín. Febrero 6 de 1852.",50 PESOS DE GRATIFICACION. ,Antonio,M,18 a 19,natural de Bolivia,cholo,,,,,,,,,,,,,,,,,,,,,,,,,,,,,,,,,,18.5,Desconocido,Desconocido,Desconocido,Desconocido,Desconocido,Desconocido,Desconocido,Desconocido,Desconocido,Desconocido,Desconocido,Cholos/Chinas,2,1,0,0,5,0,3,3,2,4,6,2
179,1852-02-10,"Esta mañana de 6 á 7 de la mañana se ha perdido una cholita recien llegada de la sierra, de edad de 10 años: sus señales son las siguientes borada, con un lobanillo en la mano y vestida con su mismo ropaje. La persona que la haya encontrado ocurra a la casa num. 300, calle de la Palma donde se le dara una gratificacion.",AVISO.,,F,10,recien llegada de la sierra,cholita,,borada,,,,,,,,,,,,,,,,,,,,,,,,,,,con un lobanillo en la mano y vestida con su mismo ropaje,,,,,10.0,Desconocido,Especial / Descriptivo,Desconocido,Desconocido,Desconocido,Desconocido,Desconocido,Desconocido,Desconocido,Desconocido,Desconocido,Cholos/Chinas,2,2,0,0,5,0,3,3,2,4,6,2
180,1852-02-11,"Ha fugado el dia de ayer 10 á las seis de la mañana una cholita llamada Manuela Ainas de la casa de patron. Su fisonomia es la siguiente: cara chata, ñata, pequeña de cuerpo, vestida con traje rosado con blanco, pañuelon negro de listas: la persona que diese razon de su paradero ocurra al almacen del ferrocarril en Sto. Tomas que se le dará una buena gratificacion. Se repite en El Comercio, n. 3774, 12 de febrero de 1852, p.1, El Comercio, n. 3776, 14 de febrero de 1852, p.1.",AVISO.,Manuela Ainas,F,,,cholita,,pequeña de cuerpo,cara chata,,,,ñata,,,,,,,,,,,,,,,,traje rosado con blanco,,,,,pañuelon negro de listas,,,,,,Desconocido,Desconocido,Pequeño / Retaco,Forma geométrica / estructura,Desconocido,Ñata,Desconocido,Desconocido,Desconocido,Desconocido,Traje,Desconocido,Cholos/Chinas,2,4,2,0,11,0,3,3,2,8,6,2
181,1852-02-13,"El dia de ayer se ha huido un cholito nombrado Calixto del Hotel de la Bola de Oro en el Callao, cuyas señales están bajos espresadas. Quien diere aviso de su paradero, o lo trajese á esta establecimiento recibirá su correspondiente gratificacion. Señales: Cara redonda, Boca pequeña y gruesa, Un lunar grande en el carillo derecho, Edad diez á once años, Color trigueño, Nariz chata. Se repite en El Comercio, n. 3778, 17 de febrero de 1852, p.1, El Comercio, n. 3779, 18 de febrero de 1852, p.4.",AVISO.,Calixto,M,10 a 11,,"cholito, color trigueño",,,cara redonda,,,,nariz chata,boca pequeña y gruesa,,,,,,,,,,,Un lunar grande en el carillo derecho,,,,,,,,,,,,,,,10.5,Desconocido,Desconocido,Forma geométrica / estructura,Desconocido,Chata,Pequeña / Chica,Desconocido,Desconocido,Desconocido,Desconocido,Desconocido,Desconocido,2,1,2,0,2,2,3,3,2,4,6,3
182,1852-02-16,"Ayer se ha huido de su casa una cholita de edad de diez á once años tiene un diente delantero roto y la cabeza como pelona por delante, se llama Fernanda. La persona que de noticia se le dará una onza de gratificacion. En esta imprenta darán razon. Se repite en El Comercio, n. 3782, 21 de febrero de 1852, p.1, El Comercio, n. 3783, 25 de febrero de 1852, p.1.",AVISO.,Fernanda,F,10 a 11,,cholita,,,,,,,,,,diente delantero roto,,,,,,cabeza como pelona por delante,,,,,,,,,,,,,,,,,,10.5,Desconocido,Desconocido,Desconocido,Desconocido,Desconocido,Desconocido,Desconocido,Desconocido,Pelona / Rapada / Pelado,Desconocido,Desconocido,Cholos/Chinas,2,1,0,0,5,0,3,3,6,4,6,2
183,1852-02-18,"Hoy dia Miercoles á las siete de la mañana ha fugado un cholito nombrado Espiritu de casa del señor […] cuyas señales estan abajo espresadas. Quien diere razon de su paradero ó la trajese al establecimiento de madera, calle de Ayacucho, recibira su correspondiente gratificacion; Advirtiendo, que quien la tuviese se le hará cargo de la multa según el Reglamento de Policia. Cara redonda, Boca grande gruesa y dientes grandes, Edad 12 años, Color india prieta, Nariz regular. Va vestida con un traje morado de olan con unos tronquitos negros, pañuelo negro de lana viejo: su contextura es gorda. Se repite en El Comercio, n. 3782, 21 de febrero de 1852, p.1, El Comercio, n. 3783, 25 de febrero de 1852, p.1.",AVISO.,Espiritu ,M,12,,"cholito, color india prieta",,gorda,cara redonda,,,,nariz regular,boca grande gruesa,,dientes grandes,,,,,,,,,,,,,traje morado de olan con unos tronquitos negros,,,,,pañuelo negro de lana viejo,,,,,,12.0,Desconocido,Grueso / Gordo / Robusto,Forma geométrica / estructura,Desconocido,Regular / Normal,Grande / Bocona / Jetona / Hocicona,Desconocido,Desconocido,Desconocido,Traje,Desconocido,Desconocido,2,3,2,0,9,1,3,3,2,8,6,3
184,1852-02-25,"A la persona que dé noticia ó entregue á un muchacho que fugó ayer 19 á las seis de la mañana, nombrado Gregorio Macharí, natural de Puno y de doce á catorce años de edad. En esta imprenta darán razon de su patron.",SE DA UNA GRATIFIACION.,Gregorio Macharí,M,12 a 14,natural de Puno,,,,,,,,,,,,,,,,,,,,,,,,,,,,,,,,,,,13.0,Desconocido,Desconocido,Desconocido,Desconocido,Desconocido,Desconocido,Desconocido,Desconocido,Desconocido,Desconocido,Desconocido,Desconocido,2,1,0,0,5,0,3,3,2,4,6,3
632,1852-02-25,"Una criatura de un año y diez meses, cuyas señales son: ñata, cabello colorado, casta indijena, gordita, tiene por vestido una camisa de cuello volado, y lleva alrededor de él un bobo. A la persona que la entregue ó dé razon de su paradero se le dará una gratificacion. En esta imprenta darán razon. ",SE HA PERDIDO.,,,1 año y 10 meses,,casta indijena,,gordita,,,,,ñata,,,,,,cabello colorado,,,,,,,,,,camisa de cuello volado,,,,,,lleva alrededor de él un bobo,,,,,1.83,Desconocido,Grueso / Gordo / Robusto,Desconocido,Desconocido,Ñata,Desconocido,Desconocido,Desconocido,Desconocido,Camisa,Desconocido,Indígena,2,3,0,0,11,0,3,3,2,0,6,4
185,1852-03-05,"El Sábado un muchacho de 12 á 13 años de edad, se llama Manuel, sus señales particulares, es muy gordo. La persona en cuyo poder se halle y no lo presente en esta imprenta ó en la Intendencia de Policia esta hara efectiva la multa que señala el Reglamento. Se repite en El Comercio, n. 3796, 11 de marzo de 1852, p.1.",SE HA FUGADO. ,Manuel,M,12 a 13,,,,muy gordo,,,,,,,,,,,,,,,,,,,,,,,,,,,,,,,,12.5,Desconocido,Grueso / Gordo / Robusto,Desconocido,Desconocido,Desconocido,Desconocido,Desconocido,Desconocido,Desconocido,Desconocido,Desconocido,Desconocido,2,3,0,0,5,0,3,3,2,4,6,3
186,1852-04-22,"De la casa num. 26 portada del Callao se ha fugado el 8 del corriente un muchacho nombrado Manuel Carrasco de diez años poco mas ó menos, llevandose varias especies de algun valor. Y como hasta la fecha no ha aparecido á pesar de las dilijencias que se han practicado, se pone este aviso para que la persona que lo tenga lo entregue sin demorar, pues de lo contrario sera responsable á pagar las especies que se ha llevado y gastos que se hagan en este orden. Sus señales son: ojos negros, cara redonda, nariz roma, pelo negro, color mestizo, vestido de bayetón azul, sombrero de lana. Lima, Abril 21 de 1852.",AVISO.,Manuel Carrasco,M,7 años poco mas o menos,,color mestizo,,,cara redonda,ojos negros,,,nariz roma,,,,,,negro,,,,,,,,,,bayetón azul,,,,sombrero de lana,,,,,,,7.0,Desconocido,Desconocido,Forma geométrica / estructura,negros,Roma,Desconocido,Desconocido,Desconocido,Desconocido,Desconocido,Desconocido,Mestizos,2,1,2,6,10,0,3,3,2,4,6,5
187,1852-04-27,"El Lunes 26 de diez á once del dia ha fugado de casa de sus patronas una sirvienta llamada Manuela: cuyas señales son las siguientes: cuerpo pequeño y delgado, mestiza, de 14 á 15 años de edad, de ojos grandes y espresivos, nariz aguileña y las demas facciones delicadas. Esta vestida con un traje de car.. color rosado y verde, lleva un pañuelon de vapor blanco floreado. Se dará una buena gratificacion á la persona que indique su paradero en la casa num. 58 de la calle Chacarilla.",AVISO.,Manuela,F,14 a 15,,mestiza,cuerpo pequeño,cuerpo pequeño y delgado,facciones delicadas,ojos grandes y expresivos,,,nariz aguileña,,,,,,,,,,,,,,,,traje de car.. color rosado y verde,,,,,pañuelon de vapor blanco floreado,,,,,,14.5,Bajo / Pequeño,Delgado / Flaco,Valoración estética,Mixta,Aguileña,Desconocido,Desconocido,Desconocido,Desconocido,Desconocido,Desconocido,Mestizos,1,0,6,1,1,0,3,3,2,4,6,5
188,1852-05-10,"Hace ocho dias poco mas o menos que se ha perdido de la casa dulceria de Plateros num. 28 y 9 una cholita de siete años de edad llamada Antonia que estaba recien llegada del Cerro de Pisco. El vestido que tiene es un traje de cambray morado y un pañuelito de algodon de cuadros, […] y no habla bien el castellano sino el idioma quechua. Se suplica á la persona que la tenga ó que la encuentre la presente en la casa mencionada en la que recibirá una gratificacion. Se repite en El Comercio, n. 3845, 12 de mayo de 1852, p.1.",AVISO.,Antonia,F,7,recien llegada del Cerro de Pisco,cholita,,,,,,,,,,,,,,,,,,,,,,,traje de cambray morado,,,,,pañuelito de algodon de cuadros,,,,,,7.0,Desconocido,Desconocido,Desconocido,Desconocido,Desconocido,Desconocido,Desconocido,Desconocido,Desconocido,Traje,Desconocido,Cholos/Chinas,2,1,0,0,5,0,3,3,2,8,6,2
189,1852-05-18,"El Jueves 13 del presente á las cinco de la tarde ha fugado un cholito de la casa num. 238, calle de Rufas nombrado Manuel Dioniso, de edad de seis á ocho años, su vestido es un pantalon de sierra, cabritilla oscuro y el chaleco idem y camisa blanca. La persona que lo tenga puede ocurrir á dicha casa que será gratificada. Se repite en El Comercio, n. 3851, 19 de mayo de 1852, p.1.",AVISO.,Manuel Dioniso,M,6 a 8,,cholito,,,,,,,,,,,,,,,,,,,,,,,camisa blanca,"pantalon de sierra, cabritilla oscuro ",,,,,chaleco cabritilla oscuro ,,,,,7.0,Desconocido,Desconocido,Desconocido,Desconocido,Desconocido,Desconocido,Desconocido,Desconocido,Desconocido,Camisa,Desconocido,Cholos/Chinas,2,1,0,0,5,0,3,3,2,0,6,2
190,1852-06-01,"El que hubiese hallado una cholita nombrada Lorenza como de ocho años de edad y con las manos llenas de berrugas que se ha perdido la noche de ayer, puede ocurrir con ella á la cuadra de las Nazarenas casa n°132 en donde se le dará su correspondiente hallazgo. Lima, Junio 1° de 1852. Se repite en El Comercio, n. 3861, 2 de junio de 1852, p.1, El Comercio, n. 3862, 3 de junio de 1852, p.1. ",,Lorenza,F,8,,cholita,,,,,,,,,,,,,,,,,,,,manos llenas de berrugas,,,,,,,,,,,,,,8.0,Desconocido,Desconocido,Desconocido,Desconocido,Desconocido,Desconocido,Desconocido,Desconocido,Desconocido,Desconocido,Desconocido,Cholos/Chinas,2,1,0,0,5,0,3,3,2,4,6,2
191,1852-06-11,"A la persona que entregue ó dé razo del paradero de un cholito nombrado Alfonso, de 4 á 5 años de edad, de ojos muy pequeños, vestido con un saquito de merino y un pantalon de paño. Pueden dirijirse á la casa que esta imprenta se lo designe.",SE OFRECE UNA GRATIFICACION.,Alfonso,M,4 a 5,,cholito,,,,ojos muy pequeños,,,,,,,,,,,,,,,,,,,saquito de merino,pantalon de paño,,,,,,,,,,4.5,Desconocido,Desconocido,Desconocido,pequeños,Desconocido,Desconocido,Desconocido,Desconocido,Desconocido,Chaqueta,Casimir / Paño / Lana / Seda / Cordellate,Cholos/Chinas,2,1,0,8,5,0,3,3,2,3,5,2
192,1852-06-23,"Se dá una gratificacion á la persona que dé razon de un muchacho llamado Santos, que desapareció del Callao el Viernes 11 del corriente. Su edad es de 11 á 12 años, color mestizo, tres manchas en la cara del lunar, y pelo […]. E aviso se dará en Lima á D. Manuel Fernandez en los altos del Sr. Balega bajada del Puente, y en el Callao al escribano D. José Manuel Castro. Se repite en El Comercio, n. 3879, 25 de junio de 1852, p.1.",,Santos,M,11 a 12,,mestizo,,,,,,,,,,,,,,,,pelo […],,,tres manchas en la cara del lunar,,,,,,,,,,,,,,,11.5,Desconocido,Desconocido,Desconocido,Desconocido,Desconocido,Desconocido,Desconocido,Desconocido,Desconocido,Desconocido,Desconocido,Mestizos,2,1,0,0,5,0,3,3,2,4,6,5
193,1852-07-06,"El Jueves 1°se ha perdido de casa de sus patrones, un cholito de edad de 14 años, vestido con un pantalon de casimir á cuadros, y un saquito aurora; su nombre es Pedro Canelay. La persona que lo entregue ó dé razon sera bien gratificada. En esta imprenta se dará razon de sus patrones.",OJO AL AVISO.,Pedro Canelay,M,14,,cholito,,,,,,,,,,,,,,,,,,,,,,,saquito aurora,pantalon de casimir á cuadros,,,,,,,,,,14.0,Desconocido,Desconocido,Desconocido,Desconocido,Desconocido,Desconocido,Desconocido,Desconocido,Desconocido,Chaqueta,Desconocido,Cholos/Chinas,2,1,0,0,5,0,3,3,2,3,6,2
194,1852-07-15,"A la persona que dé razon de un cholito nombrado Juan, natural del departamento de Puno, que se ha perdido el Jueves 14 del presente, cuyas señales son -Cara redonda, ojos negros encapotados, nariz chata redonda, boca grande pronunciada, lábios gruesos, cierra la boca con dificultad, pelo negro lacio y corto, de edad de diez á once años. Está vestido de un pantalon azul rayado ya viejo, chaqueta azul de algodon, chaleco blanco sucio con botonadura blanca de porcelana ó composicion, sombrero de paja amarilla ó palma del Norte, camisa blanca y zapatos negros del pais -advirtiendose que dicho cholito se encontrase en alguna casa seducido por alguna paersona ésta tendrá que sufrir el castigo que señala el Reglamento de Policia en estos casos, y á mas pagar todos los gastos que se ocasionen. En esta imprenta ó en la Policia darán razon de su patron. Se repite en El Comercio, n. 3896, 16 de julio de 1852, p.1, El Comercio, n. 3897, 17 de julio de 1852, p.1, El Comercio, n. 3898, 19 de julio de 1852, p.1, El Comercio, n. 3899, 20 de julio de 1852, p.1, El Comercio, n. 3900, 21 de julio de 1852, p.1, El Comercio, n. 3902, 23 de julio de 1852, p.1, El Comercio, n. 3903, 24 de julio de 1852, p.1, El Comercio, n. 3904, 26 de julio de 1852, p.1, El Comercio, n. 3905, 27 de julio de 1852, p.1, El Comercio, n. 3906, 29 de julio de 1852, p.1, El Comercio, n. 3907, 30 de julio de 1852, p.1, El Comercio, n. 3909, 2 de agosto de 1852, p.1.",SE DA UNA GRATIFICACION.,Juan,M,10 a 11,natural del departamento de Puno,cholito,,,cara redonda,ojos negros encapotados,,,nariz chata redonda,boca grande pronunciada,lábios gruesos,,,,negro,corto,lacio,pelo negro lacio y corto,,,,,,,camisa blanca,pantalon azul rayado ya viejo,zapatos negros del pais,,sombrero de paja amarilla ó palma del Norte,,"chaqueta azul de algodon, chaleco blanco sucio con botonadura blanca de porcelana ó composicion",,,,,10.5,Desconocido,Desconocido,Forma geométrica / estructura,Mixta,Chata,Grande / Bocona / Jetona / Hocicona,Desconocido,Corto / Cortado / Recortado,Corto / Muy corto / Más corto que largo,Camisa,Roto / Viejo / Usado,Cholos/Chinas,2,1,2,1,2,1,3,2,1,0,11,2
195,1852-07-19,"Se ha fugado en la mañana de hoy un cholito de edad de seis años, calzoncito azul, camisita morada desteñida, tiene una cicatriz en el carillo izquierdo, tres berrugas en la mano izquierda quemadas con piedra infernal que actualmente se está curando; es ñatito. La persona que lo tenga será responsable á entregarlo que se le gratificará. En esta imprenta darán razon de su patron. Se repite en El Comercio, n. 3899, 20 de julio de 1852, p.1, El Comercio, n. 3900, 21 de julio de 1852, p.1.",,,M,6,,cholito,,,,,,,ñatito,,,,,,,,,,cicatriz en el carillo izquierdo,,,tres berrugas en la mano izquierda quemadas con piedra infernal que actualmente se esta curando,,,camisita morada desteñida,calzoncito azul,,,,,,,,,,6.0,Desconocido,Desconocido,Desconocido,Desconocido,Ñata,Desconocido,Desconocido,Desconocido,Desconocido,Camisita,Azul,Cholos/Chinas,2,1,0,0,11,0,3,3,2,1,2,2
196,1852-08-12,"Se ofrece una buena gratificacion á la persona que dé razon ó entregue en la sacristia de los Desamparados, un cholito prófugo, de siete años de edad, vestido azul. La persona que lo retenga tendrá que abonar conforme al Reglamento de Policia. Tambien se suplica por dos capas negras nuevas que ha substraido, dar una gratificacion á la persona que dé razon en la misma sacristía.",,,M,7,,cholito,,,,,,,,,,,,,,,,,,,,,,,vestido azul,,,,,,,,,,,7.0,Desconocido,Desconocido,Desconocido,Desconocido,Desconocido,Desconocido,Desconocido,Desconocido,Desconocido,Vestido,Desconocido,Cholos/Chinas,2,1,0,0,5,0,3,3,2,10,6,2
197,1852-09-04,"En la noche del 31 de Agosto se ha perdido una cholita nombrada Manuela Seguil, de edad de 10 años, como el pelo cortado, vestida con un traje de m.. plomo labrado; la persona que la entregue á sus padres en la calle de San Cristoval, n°123 se le dará una gratificacion.",,Manuela Seguil,F,10,,cholita,,,,,,,,,,,,,,,,pelo cortado,,,,,,,traje de m.. plomo labrado,,,,,,,,,,,10.0,Desconocido,Desconocido,Desconocido,Desconocido,Desconocido,Desconocido,Desconocido,Desconocido,Desconocido,Desconocido,Desconocido,Cholos/Chinas,2,1,0,0,5,0,3,3,2,4,6,2
198,1852-09-10,"El dos del presente á las ocho de la noche se ha fugado de casa de su patrona una cholita llamada Barbara Cano, de edad de 12 á 13 años. De este establecimiento se ha dado parte á la Intendencia de Policia para que tan luego que sea hallada, esta autoridad imponga la pena que señala el reglamento á la persona por quien sea patrocinada; para evitar, pues, las malas consecuencias de la ocultacion, se suplica á la persona en cuyo poder se encuentre dé el aviso en la segunda casa frente á la panaderia de las Nazarenas.",OJO AL AVISO OJO.,Barbara Cano,F,12 a 13,,cholita,,,,,,,,,,,,,,,,,,,,,,,,,,,,,,,,,,12.5,Desconocido,Desconocido,Desconocido,Desconocido,Desconocido,Desconocido,Desconocido,Desconocido,Desconocido,Desconocido,Desconocido,Cholos/Chinas,2,1,0,0,5,0,3,3,2,4,6,2
199,1852-09-13,"El Lunes 5 del corriente ha fugado de casa de su patron un muchacho llamado José Felix de edad de 12 años, llevandose algunas especies sus señales son las siguientes color indio, ñato y una cicatriz grande en medio de la frente, camisa de color rosado, pantalon y chaqueta de genero azul. La persona que lo tenga oculto, lo entregará en la casa de su patron, calle de A.., n°73  y no verificarlo quedará sujeta á indemnizar los perjuicios y á mas la multa que señala el Reglamento de Policia. Lima, Septiembre 13 de 1852. Se repite en El Comercio, n. 3944, 14 de septiembre de 1852, p.1, El Comercio, n. 3945, 15 de septiembre de 1852, p.1.",,José Felix,M,12,,color indio,,,,,,,ñato,,,,,,,,,,cicatriz grande en medio de la frente,,,,,,camisa de color rosado,pantalon de genero azul,,,,,chaqueta de genero azul,,,,,12.0,Desconocido,Desconocido,Desconocido,Desconocido,Ñata,Desconocido,Desconocido,Desconocido,Desconocido,Camisa,Azul,Indígena,2,1,0,0,11,0,3,3,2,0,2,4
200,1852-09-21,"El Domingo 5 del presente á las cuatro de la tarde se ha fugado de la calle de la Amargura casa n°200 una chola nombrada Cecilia de 15 á 16 años baja de cuerpo, gruesa de boca grande con un colmillo sobre la encia superior la persona que la tubiese puede avisar en dicha casa ó en esta imprenta. Se repite en El Comercio, n. 3951, 22 de septiembre de 1852, p.1",,Cecilia,F,15 a 16,,chola,baja de cuerpo,gruesa,,,,,,boca grande,,colmillo sobre la encia superior,,,,,,,,,,,,,,,,,,,,,,,,15.5,Bajo / Pequeño,Grueso / Gordo / Robusto,Desconocido,Desconocido,Desconocido,Grande / Bocona / Jetona / Hocicona,Desconocido,Desconocido,Desconocido,Desconocido,Desconocido,Cholos/Chinas,1,3,0,0,5,1,3,3,2,4,6,2
201,1852-09-29,"La noche del 23 del presente ha fugado de la casa n°188, calle de Piedra, una cholita llamada Natividad, pequeña de cuerpo, edad como de quince años, y tiene un empeine ó mancha en el cogote. La persona que la tenga la entregara, quedando responsable en caso contrario; y la que indique su paradero será perfectamente recompensada en la misma casa.",PERDIDA O FUGA,Natividad,F,15,,cholita,pequeña de cuerpo,,,,,,,,,,,,,,,,,,empeine ó mancha en el cogote,,,,,,,,,,,,,,,15.0,Desconocido,Desconocido,Desconocido,Desconocido,Desconocido,Desconocido,Desconocido,Desconocido,Desconocido,Desconocido,Desconocido,Cholos/Chinas,2,1,0,0,5,0,3,3,2,4,6,2
202,1852-10-06,"Se ha fugado de casa del Coronel Caravedo un cholito nombrado José de edad de catorce años [mas ó menos] sus señales son las siguientes: cara ancha, voz gruesa, lleva puesta camisa de olan rosado con […]: la persona en cuyo poder esté debe tener presente el articulo del Reglamento de Policia que trata sobre el particular. Se repite en El Comercio, n. 3963, 7 de octubre de 1852, p.1, El Comercio, n. 3964, 8 de octubre de 1852, p.1.",,José,M,14,,cholito,,,cara ancha,,,,,,,,,,,,,,,,,,,,camisa de olan rosado con […]: ,,,,,,,,,,,14.0,Desconocido,Desconocido,Forma geométrica / estructura,Desconocido,Desconocido,Desconocido,Desconocido,Desconocido,Desconocido,Desconocido,Desconocido,Cholos/Chinas,2,1,2,0,5,0,3,3,2,4,6,2
203,1852-10-27,"Se dará una gratificacion á la persona que dé aviso del paradero de una cholita, que se ha salido el Sabado 23 á las diez de la mañana, de la casa á donde su madre le habia depositado, esta vestida con un traje verde de barragan de cuadritos, un delantal del mismo jenero […] con una tira de merino azul, sin zapatos, tiene cuatro trencesitas en cada lado de la cara y lo demas del pelo suelto y sin taparse, sus facciones son las siguientes: cara redonda, ojos grandes como de zamba, frente pequeña y cortados […] de ella, cachetona, gorda, barrigona, y de 8 á 9 años, tiene una mano con berrugas. Quien la traiga á la calle del Mascaron frente á la casa del señor Jeneral D. Manuel Mendi.. ó bien diere aviso de su paradero recibirá la gratificacion advirtiendo que la persona que la tenga en su poder, tendrá que pagar la multa designada en un articulo del reglamento de Policia teniendo este aviso de la huida de dicha cholita.",UNA BUENA GRATIFICACION.,,F,8 a 9,,cholita,,"cachetona, gorda, barrigona",cara redonda,ojos grandes como de zamba,,,,,,,frente pequeña y cortados […] de ella,,,,,pelo suelto y sin taparse,,,,mano con berrugas,,,"traje verde de barragan de cuadritos, un delantal del mismo jenero […] con una tira de merino azul",,sin zapatos,,,,cuatro trencesitas en cada lado de la cara,,,,,8.5,Desconocido,Desconocido,Forma geométrica / estructura,grandes,Desconocido,Desconocido,Desconocido,Desconocido,Largo / Suelto,Desconocido,Desconocido,Cholos/Chinas,2,1,2,5,5,0,3,3,4,4,6,2
204,1852-10-29,"Un muchacho de once á doce años mestizo con algunas señales de viruelas muy pequeñas, de ceja junta, un lunar en un lado de la cara, algo […]: su vestido un chaqueton carmelo de merino, pantalon de casimir de cuadros, color verde […], gorra de paño verde oscura, se ha perdido el 26 de octubre. La persona que de razon donde se halla se le dará gratificacion en la casa numero […] calle de […]. Se llama Leon Garcia natural de Cerro de Pasco.",,Leon Garcia ,M,11 a 12,natural de Cerro de Pasco,mestizo,,,,,ceja junta,,,,,,,,,,,,,algunas señales de viruelas muy pequeñas,lunar en un lado de la cara,,,,,"pantalon de casimir de cuadros, color verde […]",,,gorra de paño verde oscura,,chaqueton carmelo de merino,,,,,11.5,Desconocido,Desconocido,Desconocido,Desconocido,Desconocido,Desconocido,Desconocido,Desconocido,Desconocido,Desconocido,Desconocido,Mestizos,2,1,0,0,5,0,3,3,2,4,6,5
205,1852-10-30,"El 28 á las 9 de la mañana se ha fugado un cholito de doce años de edad, se llama Silverio, sus señales son, cara redonda, narigon, ojos grandes, boca pequeña, en la encia inferior le falta un diente, vestido con un pantalon de paño negro, chaqueta de jenero de algodon azul, sin zapatos, con una cachucha. La persona que lo tenga ó sepa su paradero en esta imprenta darán razon. Se repite en El Comercio, n. 3986, 2 de noviembre de 1852, p.1.",,Silverio,M,12,,cholito,,,cara redonda,ojos grandes,,,narigon,boca pequeña,,encia inferior le falta un diente,,,,,,,,,,,,,chaqueta de jenero de algodon azul,pantalon de paño negro,sin zapatos,,,,cachucha,,,,,12.0,Desconocido,Desconocido,Forma geométrica / estructura,grandes,Grande / Narigona,Pequeña / Chica,Desconocido,Desconocido,Desconocido,Chaqueta,Casimir / Paño / Lana / Seda / Cordellate,Cholos/Chinas,2,1,2,5,6,2,3,3,2,3,5,2
206,1852-11-06,"Ayer 5 del corriente á las ocho de la noche, se han salido de la casa del Sr. Jeneral Medina una muchacha doméstica, llamada Tomasa, sus señales son las siguientes: estatura baja, de cinco pies á lo mas regordete, trigueña, carantona, con el cabello en dos trenzas largas; calzada, traje de merino negro con listadillos blanco; pañuelon de lo mismo con listas azules, edad como de 13 á 14 años. Tambien se ha ido tras ella un muchacho como de nueve á diez años llamado Vicente y cuyas señales son carigordo, narigon, recien llegado de la sierra. 
	La persona que los tenga, ó en cuya casa se hallen puede participarlo á la Policia que anoche mismo tuvo conocimiento de la desaparición, pues de lo contrario se espone á una responsabilidad. Se repite en El Comercio, n. 3991, 8 de noviembre de 1852, p.1, El Comercio, n. 3993, 10 de noviembre de 1852, p.1.",,Tomasa,F,13 a 14,,trigueña,"estatura baja, de cinco pies á lo mas",regordete,carantona,,,,,,,,,,,,,cabello en dos trenzas largas,,,,,,,traje de merino negro con listadillos blanco,,calzada,,,pañuelon de lo mismo con listas azules,,,,,,13.5,Desconocido,Grueso / Gordo / Robusto,Desconocido,Desconocido,Desconocido,Desconocido,Desconocido,Desconocido,Trenzas,Traje,Desconocido,Trigueños/Tostados,2,3,0,0,5,0,3,3,7,8,6,9
206,1852-11-06,"Ayer 5 del corriente á las ocho de la noche, se han salido de la casa del Sr. Jeneral Medina una muchacha doméstica, llamada Tomasa, sus señales son las siguientes: estatura baja, de cinco pies á lo mas regordete, trigueña, carantona, con el cabello en dos trenzas largas; calzada, traje de merino negro con listadillos blanco; pañuelon de lo mismo con listas azules, edad como de 13 á 14 años. Tambien se ha ido tras ella un muchacho como de nueve á diez años llamado Vicente y cuyas señales son carigordo, narigon, recien llegado de la sierra. 
	La persona que los tenga, ó en cuya casa se hallen puede participarlo á la Policia que anoche mismo tuvo conocimiento de la desaparición, pues de lo contrario se espone á una responsabilidad. Se repite en El Comercio, n. 3991, 8 de noviembre de 1852, p.1, El Comercio, n. 3993, 10 de noviembre de 1852, p.1.",,Vicente,M,9 a 10,recien llegado de la sierra,,,,carigordo,,,,narigon,,,,,,,,,,,,,,,,,,,,,,,,,,,9.5,Desconocido,Desconocido,Tamaño / proporción,Desconocido,Grande / Narigona,Desconocido,Desconocido,Desconocido,Desconocido,Desconocido,Desconocido,Desconocido,2,1,5,0,6,0,3,3,2,4,6,3
207,1852-12-06,"El Miercoles 1° de Diciembre de nueve y media á diez de la noche se ha salido de su casa Melchora Guerrero, china chola, blanca, estatura y grueso regular, cabeza y cara larga, y muy ceñida, muy […], nariz muy abultada, pelo lacio y prieto, vá vestida con un traje de carlacan á cuadros. Se ofrece una gratificacion al que dé razon de su paradero. Ocurráse a esta imprenta.",,Melchora Guerrero,F,,,"china chola, blanca",estatura regular,grueso regular,"cabeza y cara larga, y muy ceñida, muy […]",,,,nariz muy abultada,,,,,,,,lacio y prieto,pelo lacio y prieto,,,,,,,traje de carlacan á cuadros,,,,,,,,,,,Desconocido,Mediano / Regular,Regular / Normal / Proporcionado,Desconocido,Desconocido,Grande / Narigona,Desconocido,Desconocido,Desconocido,Lacio / Crespo,Desconocido,Desconocido,Desconocido,4,5,0,0,6,0,3,3,3,4,6,3
208,1852-12-21,"En la mañana del Sabado 18 del presente se ha fugado de casa de sus patrones un cholito llamado Mariano Rojas de edad de 12 años mas ó menos, tiene una cicatriz en la cara, la persona que lo oculte queda responsable á los cargos que resulten contra dicho muchacho como igualmente prejuicios. La persona que lo entregue en la calle del Arzobispo almacen n°35 ó dé razon de su paradero, recibira una gratificacion.  Se repite en El Comercio, n. 4027, 22 de diciembre de 1852, p.1.",,Mariano Rojas,M,12,,cholito,,,,,,,,,,,,,,,,,cicatriz en la cara,,,,,,,,,,,,,,,,,12.0,Desconocido,Desconocido,Desconocido,Desconocido,Desconocido,Desconocido,Desconocido,Desconocido,Desconocido,Desconocido,Desconocido,Cholos/Chinas,2,1,0,0,5,0,3,3,2,4,6,2
209,1853-01-05,"El 2 de este mes á las 9 de la noche ha fugado una cholita serrana, llamada Maria, de once años de edad, trigueña, petisa, retacona, algo picada de viruelas, con el labio superior partido y cicatrizado en el lado izquierdo. La persona que la presente ó al menos dé aviso de su paradero, en la casa N°111 calle de Paudo tendrá una buena gratificacion. Se tiene antecedentes que haber sido seducida: asi que, la persona que la retuviere sufrirá la multa que en estos casos dispone el Reglamento de Policia. Lima, 5 de enero de 1853. Se repite en El Comercio, n. 4045, 15 de enero de 1853, p.1, El Comercio, n. 4046, 17 de enero de 1853, p.1.",GRATIFICACION.,Maria,F,11,,"cholita serrana, trigueña",petisa,retacona,,,,,,,labio superior partido y cicatrizado en el lado izquierdo,,,,,,,,,algo picada de viruelas,,,,,,,,,,,,,,,,11.0,Bajo / Pequeño,Pequeño / Retaco,Desconocido,Desconocido,Desconocido,Desconocido,Desconocido,Desconocido,Desconocido,Desconocido,Desconocido,Desconocido,1,4,0,0,5,0,3,3,2,4,6,3
210,1853-01-13,"Se ha fugado á las seis y media de la mañana del dia doce de la casa de sus patrones núm. 87 y 88 calle de Arzobispo, un cholito de diez á doce años, regordete, cabezon, vestido claro, su nombre Valentin, quien lo hubiese recojido ó recibido en casa servirá remitirlo al sitio indicado que se le dará una gratificacion. Se repite en El Comercio, n. 4045, 15 de enero de 1853, p.1.",,Valentin,M,10 a 12,,cholito,,regordete,cabezon,,,,,,,,,,,,,,,,,,,,vestido claro,,,,,,,,,,,11.0,Desconocido,Grueso / Gordo / Robusto,Tamaño / proporción,Desconocido,Desconocido,Desconocido,Desconocido,Desconocido,Desconocido,Vestido,Desconocido,Cholos/Chinas,2,3,5,0,5,0,3,3,2,10,6,2
211,1853-03-10,"El Viernes á las doce del dia se ha ido de poder de sus patrones sustrayendose varias especies, el cholo nombrado Romualdo de edad de doce á trece años, sus señales son las siguientes: ojos grandes negros, nariz grande, cara redonda, su vestuario es pantalon verde oscuro, chaqueta de verano de listas y su gorra de paño; la persona que lo entregue se le gratificará y si acaso alguna persona que lo tuviese no lo entregase, se le hará los cargos correspondientes. En esta imprenta darán razon. ",,Romualdo,M,12 a 13,,cholo,,,cara redonda,ojos grandes negros,,,nariz grande,,,,,,,,,,,,,,,,,pantalon verde oscuro,,,gorra de paño,,chaqueta de verano de listas ,,,,,12.5,Desconocido,Desconocido,Forma geométrica / estructura,Desconocido,Grande / Narigona,Desconocido,Desconocido,Desconocido,Desconocido,Desconocido,Verde,Cholos/Chinas,2,1,2,0,6,0,3,3,2,4,13,2
212,1853-04-07,"Hace diez dias que se ha fugado un cholito de trece á catorce años, sus señales son las siguientes: gordo, cara ancha, ojos grandes, nariz aguileña, boca regular, pelo corto, pies muy anchos y cortos, su vestido pantalon de casimir azul, y en mangas de camisa, se llama Claudio; hay noticias que anda en la calle con una S: la persona que se este sirviendo de el, y no lo entregue en los altos de la casa del Sr. Aparicio plazuela de Santa Ana, será responsable á los gastos y perjuicios y á mas la multa que por reglamento de policia lo tope. ",,Claudio,M,13 a 14,,cholito,,gordo,cara ancha,ojos grandes,,,nariz aguileña,,,,,,,corto,,pelo corto,,,,,,,mangas de camisa,pantalon de casimir azul,pies muy anchos y cortos,,,,S,,,,,13.5,Desconocido,Grueso / Gordo / Robusto,Forma geométrica / estructura,grandes,Aguileña,Desconocido,Desconocido,Corto / Cortado / Recortado,Corto / Muy corto / Más corto que largo,Mangas de camisa,Azul,Cholos/Chinas,2,3,2,5,1,0,3,2,1,6,2,2
213,1853-05-12,"ANOCHE se ha fugado de la casa de sus patrones una muchacha nombrada Santos, de edad de 12 á 13 años, natural del Departamento de Huancavelica: la persona que supiese de ella podrá ocurrir á la calle de Calonje numero 77 donde se le dará una gratificacion; en la intelijencia que por la ley es menor de edad y la persona que la oculte sufrirá la pena que designa el reglamento de policia. Tambien se ha fugado un joven menor de edad, nombrado Manuel Ca..; y previene las mismas condiciones de arriba y darán razon de la misma casa.",,Santos,F,12 a 13,natural del Departamento de Huancavelica,,,,,,,,,,,,,,,,,,,,,,,,,,,,,,,,,,,12.5,Desconocido,Desconocido,Desconocido,Desconocido,Desconocido,Desconocido,Desconocido,Desconocido,Desconocido,Desconocido,Desconocido,Desconocido,2,1,0,0,5,0,3,3,2,4,6,3
214,1853-05-30,"De las diez á las once del dia de hoy Viernes 27 de Mayo, ha salido de la casa de su patron un cholito de 7 á 8 años, recien llegado de la sierra, nombrado Leocadio Cosme, tenia un sombrero filtro negro, un ponchito y un pantalon de bayeta de color café. Se suplica á la persona que lo tenga en su poder ó sepa su paradero, de avisar á la Libreria Central portal de Botoneros n°17.",,Leocadio Cosme,M,7 a 8,recien llegado de la sierra,cholito,,,,,,,,,,,,,,,,,,,,,,,,pantalon de bayeta de color café,,ponchito,sombrero filtro negro,,,,,,,7.5,Desconocido,Desconocido,Desconocido,Desconocido,Desconocido,Desconocido,Desconocido,Desconocido,Desconocido,Desconocido,Desconocido,Cholos/Chinas,2,1,0,0,5,0,3,3,2,4,6,2
215,1853-06-21,"Se previene á la persona que tenga en su poder á un cholito que se ha perdido de la Universidad el dia de ayer de edad de 9 años, nombrado Venancio: sus señales, borrado, pantalon de paño negro y camisa de listadillo azul, y está ya en casi en estado de […] que tal vez no se le conozca de una glandula en el pescuezo: quien lo tuviere y no lo manifestase; será responsable, á mas de una multa, á pagar todos los perjuicios que le ocasionan á sus padres. Se repite en El Comercio, n. 4170, 22 de junio de 1853, p.1.",,Venancio,M,9,,cholito,,borrado,,,,,,,,,,,,,,,,,,,,,camisa de listadillo azul,pantalon de paño negro ,,,,,,,,,,9.0,Desconocido,Especial / Descriptivo,Desconocido,Desconocido,Desconocido,Desconocido,Desconocido,Desconocido,Desconocido,Camisa,Desconocido,Cholos/Chinas,2,2,0,0,5,0,3,3,2,0,6,2
216,1853-07-05,"El dia de ayer á las 9 de la noche se ha fugado una cholita nombrada Dominga como de 12 años, pequeña de cuerpo; la persona que tuviese noticia de la casa donde la han ocultado puede ocurrir á la calle de Gremios casa número 177 donde se le dará una gratificacion.",,Dominga,F,12,,cholita,pequeña,pequeña de cuerpo,,,,,,,,,,,,,,,,,,,,,,,,,,,,,,,,12.0,Bajo / Pequeño,Pequeño / Retaco,Desconocido,Desconocido,Desconocido,Desconocido,Desconocido,Desconocido,Desconocido,Desconocido,Desconocido,Cholos/Chinas,1,4,0,0,5,0,3,3,2,4,6,2
217,1853-07-14,"Se ha fugado de casa de sus patrones calle de Filipinas número 102, un cholito llamado Mariano, de edad como de once años, muy ñato y con el cutis medio manchado. La persona que lo entregue en su casa tendrá una gratificacion.",,Mariano,M,11,,cholito,,,,,,,muy ñato,,,,,,,,,,,,cutis medio manchado,,,,,,,,,,,,,,,11.0,Desconocido,Desconocido,Desconocido,Desconocido,Ñata,Desconocido,Desconocido,Desconocido,Desconocido,Desconocido,Desconocido,Cholos/Chinas,2,1,0,0,11,0,3,3,2,4,6,2
218,1853-07-18,"El Sabado 16 á las 5 de la tarde se ha fugado un muchacho de la casa de su familia, sus señales son: edad de 8 á 9 años, color mestizo, […] ñato, pelo lacio, un ojo tuerto, cara redonda, vestido pantalon de jénero de listas, chamarra azul, guerra de paño, se llama Manuel. 
	La persona que lo tenga ú oculte será responsable á los cargos que se le haga.",,Manuel,M,8 a 9,,color mestizo,,,cara redonda,un ojo tuerto,,,ñato,,,,,,,,lacio,pelo lacio,,,,,,,chamarra azul,pantalon de jénero de listas,,,guerra de paño,,,,,,,8.5,Desconocido,Desconocido,Forma geométrica / estructura,defecto ocular,Ñata,Desconocido,Desconocido,Desconocido,Lacio / Crespo,Chaqueta,Desconocido,Mestizos,2,1,2,3,11,0,3,3,3,3,6,5
219,1853-07-20,"El dia 21 de Junio, se ha perdido un cholito nombrado Feliciano, de edad al parecer de seis años, con un diente menos de abajo, cara redonda, ojos grandes medios abobados, que ya sabe hablar un poco el castellano, el que lo tenga ó sepa de él ocurra á la cuadra de la panaderia del Espiritu Santo á la derecha la primera casa en los altos; que se le dará su gratificacion.",,Feliciano,M,6,,cholito,,,cara redonda,ojos grandes medios abobados,,,,,,un diente menos de abajo,,,,,,,,,,,,,,,,,,,,,,,,6.0,Desconocido,Desconocido,Forma geométrica / estructura,grandes,Desconocido,Desconocido,Desconocido,Desconocido,Desconocido,Desconocido,Desconocido,Cholos/Chinas,2,1,2,5,5,0,3,3,2,4,6,2
220,1853-08-19,"Ayer á las ocho de la noche, pocas horas despues de su llegada de la provincia de Jauja, fugó una cholita llamada Maria, de la casa n°306, calle de la Palma. Tendrá diez años de edad y para salirse á la calle se vistió con una camisa larga y un traje, grande tambien, de cambrai con flores verdes. Desde esa hora solo se ha podido […] que tomo la direccion de la esquina de la calle de Concha, chocolateria del Sr. Le.. Despues del parte que de esta ocurrencia se ha dado á la Intendencia, se suplica á la persona que la tuviese ó supiera de su paradero, de aviso a la casa indicada.",PERDIDA DE UNA CHOLITA.,Maria,F,10,,cholita,,,,,,,,,,,,,,,,,,,,,,,"camisa larga y un traje, grande tambien, de cambrai con flores verdes",,,,,,,,,,,10.0,Desconocido,Desconocido,Desconocido,Desconocido,Desconocido,Desconocido,Desconocido,Desconocido,Desconocido,Desconocido,Desconocido,Cholos/Chinas,2,1,0,0,5,0,3,3,2,4,6,2
221,1853-09-19,"El Domingo 11 ha fugado de los altos casa n°26 de la calle de Judios un cholito nombrado Rufino como de catorce años y se pone en conocimiento del público para que […] ignorancia la persona que lo oculte, ó lo admita en su servicio, pues se le hará efectiva la responsabilidad como lo previene el Reglamento de Policia. Se repite en El Comercio, n. 4243, 20 de septiembre de 1853, p.1.",,Rufino,M,14,,cholito,,,,,,,,,,,,,,,,,,,,,,,,,,,,,,,,,,14.0,Desconocido,Desconocido,Desconocido,Desconocido,Desconocido,Desconocido,Desconocido,Desconocido,Desconocido,Desconocido,Desconocido,Cholos/Chinas,2,1,0,0,5,0,3,3,2,4,6,2
222,1853-09-21,"A las once de esta mañana se ha fugado de la casa n°88 calle de Carrera, un cholito nombrado Mariano edad de catorce años, está vestido con chaqueton de paño negro y pantalon de casimir rayado, el hallarse comprendido en un robo de onzas de oro selladas ha dado lugar á su fuga. La persona que lo admita á su servicio será responsable á los cargos y perjuicios que resalten contra á asi mismo la persona que lo entregue ó dé noticia de su paradero será gratificado por el patron que habita la espresada casa. Lima, Setiembre 20 de 1853.",,Mariano,M,14,,cholito,,,,,,,,,,,,,,,,,,,,,,,,pantalon de casimir rayado,,,,,chaqueton de paño negro ,,,,,14.0,Desconocido,Desconocido,Desconocido,Desconocido,Desconocido,Desconocido,Desconocido,Desconocido,Desconocido,Desconocido,Rayado / Listado / Cuadros,Cholos/Chinas,2,1,0,0,5,0,3,3,2,4,10,2
223,1853-09-21,"El Lunes 10 á las diez del dia se ha huido del poder de su patron un cholito nombrado Sebastian Culchu.., su edad de ocho á nueve años, pequeño de cuerpo, cara redonda y bien trigueña, ojos medio encapotados. La persona que lo tenga en su poder será responsable, segun el Reglamento de Policia, á los perjuicios que ha ocasionado con su fuga; y quien lo entregase ó diere noticia de él, sera gratificado. En esta imprenta darán razon. Se repite en El Comercio, n. 4245, 22 de septiembre de 1853, p.1.",,Sebastian Culchu..,M,8 a 9,,cholito,pequeño,pequeño de cuerpo,cara redonda y bien trigueña,ojos medio encapotados,,,,,,,,,,,,,,,,,,,,,,,,,,,,,,8.5,Bajo / Pequeño,Desconocido,Rasgos especiales,expresivos / forma especial,Desconocido,Desconocido,Desconocido,Desconocido,Desconocido,Desconocido,Desconocido,Cholos/Chinas,1,1,3,4,5,0,3,3,2,4,6,2
224,1853-10-20,"SE GRATIFICA á la persona que dé noticia del paradero de un niño que se ha perdido. Sus señales son: edad 14 años, nombre Pedro Elías Morales, cara aguileña, ojo rasgados, ceja arqueada; boca chica; color trigueño rosado, pelo corto crespo, vestido levita de cúbica negra, chaleco aurora, pantalon de […], delgado. En esta imprenta darán razon. ",SE GRATIFICA,Pedro Elías Morales,M,14,,color trigueño rosado,,delgado,cara aguileña,ojos rasgados,ceja arqueada,,,boca chica,,,,,,corto,crespo,pelo corto crespo,,,,,,,levita de cúbica negra,pantalon de […],,,,,chaleco aurora,,,,,14.0,Desconocido,Delgado / Flaco,Forma geométrica / estructura,expresivos / forma especial,Desconocido,Pequeña / Chica,Desconocido,Corto / Cortado / Recortado,Corto / Muy corto / Más corto que largo,Desconocido,Desconocido,Trigueños/Tostados,2,0,2,4,5,2,3,2,1,4,6,9
225,1853-11-07,"A la persona que dé razon del paradero ó la presenta en la tintoreria de San Pedro n°92, una cholita llamada Santos Ju.. de edad de 10 á 11 años, sus señales son las siguientes: pelo corto, color trigueño, cara redonda, metida en carnes, habla bien el castellano: se ha fugado el Jueves 30 del vencido mes de Octubre á las oraciones; la persona que la patrocine ó la oculte sufrirá la pena que designa el Reglamento de Policia, á mas de quedar sujeta á los gastos y perjuicios, segun es responsable su patrona, por el poder que obtiene de sus padres. Lima, Noviembre 5 de 1858. ",SE DA UNA GRATIFICACION.,Santos Ju..,F,10 a 11,,"cholita, color trigueño",,metida en carnes,cara redonda,,,,,,,,,,,corto,,pelo corto,,,,,,,,,,,,,,,,,,10.5,Desconocido,Desconocido,Forma geométrica / estructura,Desconocido,Desconocido,Desconocido,Desconocido,Corto / Cortado / Recortado,Corto / Muy corto / Más corto que largo,Desconocido,Desconocido,Desconocido,2,1,2,0,5,0,3,2,1,4,6,3
226,1853-11-09,"En la tarde de ayer 7 se ha fugado de su casa un cholito que representa cinco á seis años; cara chata, pantalon azul, camisa rosada, […] al hablar, nombrado Encarnacion. La persona que lo entregue ó dé razon de su paradero puede ocurrir á la encomenderia del Pozuelo de Sto. Domingo n°212 que se le dará una buena gratificacion. ",OJO AL AVISO.,Encarnacion,M,5 a 6,,cholito,,,cara chata,,,,,,,,,,,,,,,,,,,,camisa rosada,pantalon azul,,,,,,,,,,5.5,Desconocido,Desconocido,Forma geométrica / estructura,Desconocido,Desconocido,Desconocido,Desconocido,Desconocido,Desconocido,Camisa,Azul,Cholos/Chinas,2,1,2,0,5,0,3,3,2,0,2,2
227,1853-11-09,"En la mañana de este dia se ha desaparecido un muchacho de edad de 18 años de la casa de su patron, nombrado Manuel Portilla, sus señales son las siguientes: pequeño de cuerpo, metido en carnes, color trigueño, picado de viruelas, y se pone el presente aviso para que no […] o tomen á su servicio al tiempo de que se le reclamen por las especies que se ha llevado, las que son de valor y ofrece gratificar al que dé razon del paradero de este muchacho con seguridad de ser tomado una onza de oro que será entregada inmediatamente en la cabeza del que […] en la esquina de la plaza del mercado -Tomas Portilla.",CALLAO,Manuel Portilla,M,18,,color trigueño,pequeño de cuerpo,metido en carnes,,,,,,,,,,,,,,,,picado de viruelas,,,,,,,,,,,,,,,,18.0,Bajo / Pequeño,Grueso / Gordo / Robusto,Desconocido,Desconocido,Desconocido,Desconocido,Desconocido,Desconocido,Desconocido,Desconocido,Desconocido,Trigueños/Tostados,1,3,0,0,5,0,3,3,2,4,6,9
228,1853-11-22,"A la persona que dé aviso ó entregue á un cholito de edad de diez años, vestido de ropa de panilla […], camisa blanca con pintas moradas, llamado Cornello, en la calle del Molino Quebrado.",SE OFRECE UNA GRATIFICACION.,Cornello,M,10,,cholito,,,,,,,,,,,,,,,,,,,,,,,"ropa de panilla […], camisa blanca con pintas moradas",,,,,,,,,,,10.0,Desconocido,Desconocido,Desconocido,Desconocido,Desconocido,Desconocido,Desconocido,Desconocido,Desconocido,Desconocido,Desconocido,Cholos/Chinas,2,1,0,0,5,0,3,3,2,4,6,2
229,1853-12-10,"En la noche del 8 de este mes ha desaparecido de la casa 197 calle de Lescano, un cholito de diez á doce años llamado Tomas, sustraido por un oficial de ejército, cuyo nombre se emite por ahora. Las señales del muchacho son: nariz afilada, cara bonita y colorada, pelo […], habla muy mal el castellano; la persona que dé aviso de su paradero recibirá una buena gratificacion en la indicada casa. Lima, Diciembre 10 de 1853. Se repite en El Comercio, n. 4311, 12 de diciembre de 1853, p.1.",,Tomasa,M,10 a 12,,cholito,,,cara bonita y colorada,,,,nariz afilada,,,,,,,,,pelo […],,,,,,,,,,,,,,,,,,11.0,Desconocido,Desconocido,Valoración estética,Desconocido,Afilada,Desconocido,Desconocido,Desconocido,Desconocido,Desconocido,Desconocido,Cholos/Chinas,2,1,6,0,0,0,3,3,2,4,6,2
231,1853-12-23,"Se dará á la persona que dé aviso del paradero de un cholito mestizo que se perdió ayer 21 del corriente entre Mercaderes y la Plaza; cuyas señales son las siguientes: edad 7 á 8 años, cara blanca y redonda, ojos negros, tiene una diente roto y la cara pecosa, llevaba pantalon de casimir fondo azul con cabritilla y cuadros verdes, blusa saco de casimir fondo azul con cordones negros y gorra de paño azul obscuro con S.. de seda negra, se llama Francisco de Asis. Inutil es prevenir que se hacen dilijencias activas para descubrirlo, y que la persona que indebidamente lo retenga […] á sufrir las penas en el reglamento de policia señala para las faltas de esta naturaleza. La persona que pueda dar razon de su paradero, tendrá la bondad de dirijirse á la calle del Corcobado (anterior á la del Mascaron) n°19 donde se dará la gratificacion ofrecida. Lima, Diciembre 22 de 1853. Se repite en El Comercio, n. 4323, 27 de diciembre de 1853, p.1, El Comercio, 4325, 29 de diciembre de 1853, p.1.",UNA GRATIFICACION PECUNIARIA.,Francisco de Asis,M,7 a 8,,cholito mestizo,,,"cara blanca y redonda, pecosa",ojos negros,,,,,,una diente roto,,,,,,,,,,,,,blusa saco de casimir fondo azul con cordones negros ,pantalon de casimir fondo azul con cabritilla y cuadros verdes,,,gorra de paño azul obscuro con S.. de seda negra,,,,,,,7.5,Desconocido,Desconocido,Desconocido,negros,Desconocido,Desconocido,Desconocido,Desconocido,Desconocido,Desconocido,Casimir / Paño / Lana / Seda / Cordellate,Mestizos,2,1,0,6,5,0,3,3,2,4,5,5
232,1853-12-27,"En la noche del 18 ha fugado de la Botica Española calle de Melchor-Malo un cholito llamado Mateo de edad de 9 á 10 años recien llegado de Huancayo, sus señales son las siguientes: cara redonda, picado de viruelas y estatura delgada, lleva gorra de hule, chaqueta y pantalon azul. La persona que diera razon de su paradero será bien gratificada.",,Mateo,M,9 a 10,recien llegado de Huancayo,cholito,estatura delgada,,cara redonda,,,,,,,,,,,,,,,picado de viruelas,,,,,,pantalon azul,,,gorra de hule,,chaqueta,,,,,9.5,Mediano / Regular,Desconocido,Forma geométrica / estructura,Desconocido,Desconocido,Desconocido,Desconocido,Desconocido,Desconocido,Desconocido,Azul,Cholos/Chinas,4,1,2,0,5,0,3,3,2,4,2,2
233,1853-12-29,"Antes de ayer Lunes se ha fugado á las siete de la mañana de la calle de Espiritu Santo casa n°46 un cholito recien llegado de Huancayo llamado Julian, cara redonda, color indijena […], robusto, pelon y de estura pequeña, lleva un chaqueton grande y un pantalon de genero de cuadro oscuro, la persona que dé razon de él sera gratificada, teniendo presente que la Policia será encargada de hacer de hacer las diligencias necesarias, para imponerle la multa correspondiente á la que tratase de ocultarlo. Se repite en El Comercio, n. 4326, 30 de diciembre de 1853, p.1.",,Julian,M,,recien llegado de Huancayo,color indijena […],estatura pequeña,robusto,cara redonda,,,,,,,,,,,,,pelon,,,,,,,,pantalon de genero de cuadro oscuro,,,,,chaqueton grande ,,,,,Desconocido,Bajo / Pequeño,Grueso / Gordo / Robusto,Forma geométrica / estructura,Desconocido,Desconocido,Desconocido,Desconocido,Desconocido,Pelona / Rapada / Pelado,Desconocido,Rayado / Listado / Cuadros,Desconocido,1,3,2,0,5,0,3,3,6,4,10,3
234,1853-12-30,"Se ofrece á la persona que dé razon del lugar donde se encuentren dos cholitos nombrados Ramona y Pedro Salas, de edad de diez á doce años, y que se han huido de la casa de su patron en la noche del Martes 28 del corriente; previniendose al mismo tiempo que la persona que lo ocultase contestará ante la Intendencia de Policia de los resultados de dicha fuga segun se le ha instruido oportunamente. Pueden ocurrir a la calle de Boza n°19. Se repite en El Comercio, n. 4327, 31 de diciembre de 1853, p.1.",UNA GRATIFICACION.,Ramona y Pedro Salas,F y M,10 a 12,,cholitos,,,,,,,,,,,,,,,,,,,,,,,,,,,,,,,,,,11.0,Desconocido,Desconocido,Desconocido,Desconocido,Desconocido,Desconocido,Desconocido,Desconocido,Desconocido,Desconocido,Desconocido,Desconocido,2,1,0,0,5,0,3,3,2,4,6,3
235,1854-01-18,"En la noche del 16 del presente mes, fugó de casa de la Sra. Da. Magdalena Benavente un cholito nombrado Feliciano, cuyas señales son las siguientes: edad de 13 á 14 años, color cholo claro, cara aguileña, ojos […], nariz y boca […], en mangas de camisa de olan morado. La persona que lo entregue en dicha casa ó dé aviso de su paradero recibirá una gratificacion: asi como la tenga oculto sufrirá la pena que designa el Reglamento de Policia. Se repite en El Comercio, n. 4342, 19 de enero de 1854, p.1. ",,Feliciano,M,13 a 14,,color cholo claro,,,cara aguileña,ojos […],,,nariz y boca […],nariz y boca […],,,,,,,,,,,,,,,en mangas de camisa de olan morado,,,,,,,,,,,13.5,Desconocido,Desconocido,Forma geométrica / estructura,Desconocido,Desconocido,Desconocido,Desconocido,Desconocido,Desconocido,Mangas de camisa,Desconocido,Cholos/Chinas,2,1,2,0,5,0,3,3,2,6,6,2
236,1854-01-20,"Anoche de 7 á 8 de la noche, se ha perdido de la casa de la señoras Rodriguez calle de Villalta, una cholita, nombrada Espiritu Santo, de ocho á nueve años, vestida de negro y pañuelon de vapor bordado tambien negro -zapatos de cordoban y en uno de sus dedos, una sortija de […], con dos corazones, cara redonda, ojos grandes, pelo corto, ñata, y bocona, las manos despellajadas, una señal en la frente: la persona que la entregue será gratificada en casa de dichas señoras Rodriguez. Se repite en El Comercio, n. 4344, 21 de enero de 1854, p.1, El Comercio, n. 4346, 24 de enero de 1854, p.1. ",PERDIDA.,Espiritu Santo,F,8 a 9,,cholita,,,cara redonda,ojos grandes,,,ñata,bocona,,,señal en la frente,,,corto,,pelo corto,,,manos despellajadas,,,,vestida de negro y pañuelon de vapor bordado ,,zapatos de cordoban ,,,pañuelon de vapor bordado tambien negro,"en uno de sus dedos, una sortija de […], con dos corazones",,,,,8.5,Desconocido,Desconocido,Forma geométrica / estructura,grandes,Ñata,Grande / Bocona / Jetona / Hocicona,Con señas o detalles,Corto / Cortado / Recortado,Corto / Muy corto / Más corto que largo,Desconocido,Desconocido,Cholos/Chinas,2,1,2,5,11,1,2,2,1,4,6,2
237,1854-01-27,"Ha fugado de la casa de su patron una cholita como de doce años, llamada An.., metida en carnes, de estatura regular, no habla bien castellano, y es natural de Huaráz. La persona que la entregue recibirá una gratificacion, y la que la oculte responderá los cargos que se le hagan. Se repite en El Comercio, n. 4350, 28 de enero de 1854, p.1. ",,An…,F,12,natural de Huaráz,cholita,estatura regular,metida en carnes,,,,,,,,,,,,,,,,,,,,,,,,,,,,,,,,12.0,Mediano / Regular,Desconocido,Desconocido,Desconocido,Desconocido,Desconocido,Desconocido,Desconocido,Desconocido,Desconocido,Desconocido,Cholos/Chinas,4,1,0,0,5,0,3,3,2,4,6,2
238,1854-02-08,"La persona que dé razon de un cholito nombrado Luis Ramirez que se fugó el dia de ayer ‘a las 9 de la mañana, llevandose una sortija; de edad de ocho años, lleva puesto una camisa de color, y pantalon de listas. Puede ocurrir á esta imprenta en la que darán razon de la casa á que pertenece, se le dará una buena gratificacion, y si lo ocultasen sera pasado por la multa que previene el reglamento de policia, pues la Intendencia ya tiene conocimientos de ellos. Se repite en El Comercio, n. 4359, 9 de febrero de 1854, p.1.",,Luis Ramirez,M,8,,cholito,,,,,,,,,,,,,,,,,,,,,,,camisa de color,pantalon de listas,,,,,sortija,,,,,8.0,Desconocido,Desconocido,Desconocido,Desconocido,Desconocido,Desconocido,Desconocido,Desconocido,Desconocido,Camisa,Rayado / Listado / Cuadros,Cholos/Chinas,2,1,0,0,5,0,3,3,2,0,10,2
239,1854-02-15,"El Miercoles 8 del presente mes ha desaparecido un cholito llamado Alejo de edad de 12 años, ñato, ojos grandes y cara redonda. La persona que lo tuviese acojido, ó que supiera de su paradero tendrá la bondad de entregarlo en la casa n°32 calle del Capon que se pagará una gratificacion. Lima, Febrero 13 de 1854.",,Alejo,M,12,,cholito,,,cara redonda,ojos grandes,,,ñato,,,,,,,,,,,,,,,,,,,,,,,,,,,12.0,Desconocido,Desconocido,Forma geométrica / estructura,grandes,Ñata,Desconocido,Desconocido,Desconocido,Desconocido,Desconocido,Desconocido,Cholos/Chinas,2,1,2,5,11,0,3,3,2,4,6,2
240,1854-03-17,"Ha fugado ayer á las 4 de la tarde de la casa del Sr. Daniel Williams, calle de Juan de la Coba n°1.., y robandose las especies de valor y 50$ en dinero, una sirvienta llamada Petronila Martinez, natural de la provincia de Jauja, de 19 años de edad poco mas ó menos, cuerpo regular, cara redonda y color algo claro. La persona que la entregue, ó dé razon segura de ella tendrá su gratificacion.",,Petronila Martinez,F,19,natural de la provincia de Jauja,color algo claro,,cuerpo regular,cara redonda,,,,,,,,,,,,,,,,,,,,,,,,,,,,,,,19.0,Desconocido,Regular / Normal / Proporcionado,Forma geométrica / estructura,Desconocido,Desconocido,Desconocido,Desconocido,Desconocido,Desconocido,Desconocido,Desconocido,Blancos/Claros,2,5,2,0,5,0,3,3,2,4,6,1
241,1854-03-21,"[…] se ha fugado un muchacho de la cuadra de las […] de 9 años de edad, se llama Francisco Lopez, cholito, esta en manga de camisa, con pantalon azul, sombrero de paja, tiene una manchita en la muz.. en la cara; la persona que lo entregue se le dará una gratificacion; que ocurra á la tienda […] n°83.",,Francisco Lopez,M,9,,cholito,,,,,,,,,,,,,,,,,,,manchita en la muz.. en la cara,,,,en manga de camisa,pantalon azul,,,sombrero de paja,,,,,,,9.0,Desconocido,Desconocido,Desconocido,Desconocido,Desconocido,Desconocido,Desconocido,Desconocido,Desconocido,Desconocido,Azul,Cholos/Chinas,2,1,0,0,5,0,3,3,2,4,2,2
242,1854-03-22,"El dia de ayer como á las tres de la tarde se ha perdido una cholita de nueve años, nombrada Simona Alcocer. La persona en cuyo poder se halla ó diere razon de en el cajon de Rivera n°12 recibirá una gratificacion.",,Simona Alcocer,F,9,,cholita,,,,,,,,,,,,,,,,,,,,,,,,,,,,,,,,,,9.0,Desconocido,Desconocido,Desconocido,Desconocido,Desconocido,Desconocido,Desconocido,Desconocido,Desconocido,Desconocido,Desconocido,Cholos/Chinas,2,1,0,0,5,0,3,3,2,4,6,2
243,1854-04-01,"A la persona que me diere razon del paradero de una cholita de edad de diez años, llamada Trinidad que fugó el Jueves de la semana pasada á las dos de la tarde de Miraflores, suplica encarecidamente al público Petricia Morga que acaba de llegar de Huancayo tengan la claridad de darle aviso en el establecimiento de maderas calle de Ayacucho. Señales: cara redonda, pelo lacio negro y las puntas cortadas, ojos grandes. Se repite en El Comercio, n. 4401, 3 de abril de 1854, p.1, El Comercio, n. 4402, 4 de abril de 1854, p.1, El Comercio, n. 4406, 8 de abril de 1854, p.1, El Comercio, n. 4407, 10 de abril de 1854, p.4, El Comercio, n. 4408, 11 de abril de 1854, p.1, El Comercio, n. 4409, 12 de abril de 1854, p.1.",GRATIFICACION.,Trinidad,F,10,,cholita,,,cara redonda,ojos grandes,,,,,,,,,negro,,lacio,pelo lacio negro y las puntas cortadas,,,,,,,,,,,,,,,,,,10.0,Desconocido,Desconocido,Forma geométrica / estructura,grandes,Desconocido,Desconocido,Desconocido,Desconocido,Lacio / Crespo,Desconocido,Desconocido,Cholos/Chinas,2,1,2,5,5,0,3,3,3,4,6,2
244,1854-04-03,"El Domingo 2 del presente á las cinco de la tarde, ha desaparecido de casa de su patron un cholito llamado Gregorio Nuevo, natural de Chilque de 10 á 12 años de edad, tiene por señales: picado de viruelas, medio narigon, su vetsido es de genero de listas y un chaqueton de cuadros. Se suplica á la persona adonde hubiese ido ó se hallase, se digne ocurrir á esta imprenta á donde se le dará razon de la casa á que pertenece y se le dará una gratificacion: mas si lo ocultaren, quedará sugeta a la multa que ordena el Reglamento de Policia, con cuyo fin se ha dado parte a la Intendencia.",ADVERTENCIA.,Gregorio Nuevo,M,10 a 12,natural de Chilque,cholito,,,,,,,medio narigon,,,,,,,,,,,picado de viruelas,,,,,su vetsido es de genero de listas ,,,,,,chaqueton de cuadros,,,,,11.0,Desconocido,Desconocido,Desconocido,Desconocido,Grande / Narigona,Desconocido,Desconocido,Desconocido,Desconocido,Desconocido,Desconocido,Cholos/Chinas,2,1,0,0,6,0,3,3,2,4,6,2
245,1854-04-04,"En la tarde del Viernes 31 de Marzo se ha fugado de la calle del Espiritu Santo n°46 un cholito nombrado Julian de 9 á 10 años que hace cinco meses llegó de Huancayo, cuyas señas son las siguientes: pequeño de cuerpo, robusto, cara muy redonda y […] y pelon; va vestido con camisa de color; una chama.. de cuadritos y descalzo. La persona que dé razon de él será gratificada, teniendo entendido que la policia está encargada de hacer las indagaciones necesarias y aplicar la pena correspondiente á la persona que trate de ocultarlo. Se repite en El Comercio, n. 4403, 3 de abril de 1854, p.1, El Comercio, n. 4405, 7 de abril de 1854, p.1, El Comercio, n. 4406, 8 de abril de 1854, p.4, El Comercio, n. 4407, 10 de abril de 1854, p.4.",FUGA.,Julian,M,9 a 10,hace cinco meses llegó de Huancayo,cholito,pequeño de cuerpo,robusto,cara muy redonda,,,,,,,,,,,,,pelon,,,,,,,camisa de color,,descalzo,,,,chama.. de cuadritos ,,,,,9.5,Bajo / Pequeño,Grueso / Gordo / Robusto,Forma geométrica / estructura,Desconocido,Desconocido,Desconocido,Desconocido,Desconocido,Pelona / Rapada / Pelado,Camisa,Desconocido,Cholos/Chinas,1,3,2,0,5,0,3,3,6,0,6,2
246,1854-04-26,"Se ha perdido un cholito de edad de ocho años llamado Ambrosio Sambrano, vestido de una camisita de color, pantalon, chaleco y chaqueta de género de algodon de cuadros todo igual, sombrero de la Sierra color plomo y zapatitos de la Sierra, poco pelo tiene; bajo de cuerpo, nariz ñata. La persona que lo tenga en su poder avisará á la casa de Mendoza, 48, calle de la Pelota de donde se ha salido ayer á las cuatro de la tarde. Este cholito no entiende castellano bien. Se dará una gratificacion.",,Ambrosio Sambrano,M,8,,cholito,bajo de cuerpo,,,,,,nariz ñata,,,,,,,poco pelo,,,,,,,,,camisita de color,pantalon,zapatitos de la Sierra,,sombrero de la Sierra color plomo ,,chaleco y chaqueta de género de algodon de cuadros todo igual,,,,,8.0,Bajo / Pequeño,Desconocido,Desconocido,Desconocido,Ñata,Desconocido,Desconocido,Cantidad de pelo,Desconocido,Desconocido,Desconocido,Cholos/Chinas,1,1,0,0,11,0,3,0,2,4,6,2
247,1854-04-27,"Se dá al que presente en esta oficina un cholito como de diez años de edad, natural de Jauja, bien parecido, pelo mas corto que largo, lleno de cara, pequeño de cuerpo, estaba vestido de pantalon y chaqueta azul, camisa azul; el Lunes por la mañana despareció de su casa de la cuadra de la Virreyna, calle de Zerrate. Si la persona que lo tuviese oculte no lo entrega sufrirá las penas que señala el Reglamento de Policia. Se repite en El Comercio, n. 4420, 28 de abril de 1854, p.1. ",GRATIFICACION.,,M,10,natural de Jauja,cholito,pequeño de cuerpo,bien parecido,lleno de cara,,,,,,,,,,,pelo mas corto que largo,,pelo mas corto que largo,,,,,,,camisa azul,pantalon azul,,,,,chaqueta azul,,,,,10.0,Bajo / Pequeño,Especial / Descriptivo,Forma geométrica / estructura,Desconocido,Desconocido,Desconocido,Desconocido,Corto / Cortado / Recortado,Corto / Muy corto / Más corto que largo,Camisa,Azul,Cholos/Chinas,1,2,2,0,5,0,3,2,1,0,2,2
248,1854-05-20,"El Lunes 1.. del presente, ha desaparecido de casa de sus patrones, una chola llamada Francisca, de edad como de doce años, ñata, de habla gangosa, tiene el pelo largo y un mechon cortado en la […]; la persona que la entregue se le dará una gratificacion, y la que lo oculte sufrirá una pena que señala el reglamento de policia, para lo que se ha dado el respectivo aviso á la Intendencia. En está imprenta darán razon.",,Francisca,F,12,,chola,,,,,,,ñata,de habla gangosa,,,,,,largo,,pelo largo y un mechon cortado en la […],,,,,,,,,,,,,,,,,,12.0,Desconocido,Desconocido,Desconocido,Desconocido,Ñata,Desconocido,Desconocido,Largo / Trenzas largas,Desconocido,Desconocido,Desconocido,Cholos/Chinas,2,1,0,0,11,0,3,4,2,4,6,2
249,1854-05-24,"El Lunes 21 del corriente á las seis de la tarde una muchachita con las siguientes señales: su color mestiza, cara redonda, el traje que llevaba es de barragan cabritilla, se llama Fernanda Patro.. La persona en cuyo poder esté ó dé razon de su paradero ocurra á esta imprenta que se le dará una gratificacion.",SE HA PERDIDO.,Fernanda Patro..,F,,,color mestiza,,,cara redonda,,,,,,,,,,,,,,,,,,,,traje que llevaba es de barragan cabritilla,,,,,,,,,,,Desconocido,Desconocido,Desconocido,Forma geométrica / estructura,Desconocido,Desconocido,Desconocido,Desconocido,Desconocido,Desconocido,Traje,Desconocido,Desconocido,2,1,2,0,5,0,3,3,2,8,6,3
250,1854-06-08,"Se dará una gratificacion á la persona que entregue á la casa del señor Don Manuel L.., un cholito llamado, Bernardo Zevallos, de 15 á 16 años, de estatura baja, gordo que se fugó de ella el 25 del pasado; advirtiendo que el que lo retuviese mas de un dia sera perseguido, el cual tendrá que abonar la multa que señala el Reglamento de Policia por petenercer á esta casa de sus padrinos. Se repite en El Comercio, n. 4455, 9 de junio de 1854, p.1, El Comercio, n. 4457, 12 de junio de 1854, p.1.",,Bernardo Zevallos,M,15 a 16,,cholito,estatura baja,gordo,,,,,,,,,,,,,,,,,,,,,,,,,,,,,,,,15.5,Bajo / Pequeño,Grueso / Gordo / Robusto,Desconocido,Desconocido,Desconocido,Desconocido,Desconocido,Desconocido,Desconocido,Desconocido,Desconocido,Cholos/Chinas,1,3,0,0,5,0,3,3,2,4,6,2
251,1854-06-10,"El dia 7 del presente mes ha fugado de casa de sus patrones un cholito llamandose Lorenzo, de nueve á diez años, tiene una cicatriz redonda del tamaño de un real en el carillo derecho y otra mas pequeña en la cara. La persona que lo tenga y no dé aviso sufrirá la multa que en otros casos ordena la intendencia de policia, y al que lo entregue se le dará una buena gratificiacion, y avisará en la casa calle del Melchor Malo numero 210 en los altos frente a la panaderia. Se repite en El Comercio, n. 4458, 13 de junio de 1854, p.1.",,Lorenzo,M,9 a 10,,cholito,,,,,,,,,,,,,,,,,cicatriz redonda del tamaño de un real en el carillo derecho y otra mas pequeña en la cara,,,,,,,,,,,,,,,,,9.5,Desconocido,Desconocido,Desconocido,Desconocido,Desconocido,Desconocido,Desconocido,Desconocido,Desconocido,Desconocido,Desconocido,Cholos/Chinas,2,1,0,0,5,0,3,3,2,4,6,2
252,1854-06-10,"Se ha fugado una cholita denominada Rosa, natural de Arequipa, de edad de doce á trece años, cara redonda, pelo largo, color algo claro, con pañuelon azul, trage amarillo oscuro y zapatos de cabritilla. La persona que la presente en la Intendencia de Policia será gratificada. Se repite en El Comercio, n. 4460, 18 de junio de 1854, p.1; EC 4461, 17 de junio de 1854, p. 1 y en EC 4464, 21 de junio de 1854, p. 4.",,Rosa,F,12 a 13,natural de Arequipa,"cholita, color algo claro",,,cara redonda,,,,,,,,,,algo claro,largo,,pelo largo,,,,,,,trage amarillo oscuro,,zapatos de cabritilla,,,pañuelon azul,,,,,,12.5,Desconocido,Desconocido,Forma geométrica / estructura,Desconocido,Desconocido,Desconocido,Desconocido,Largo / Trenzas largas,Largo / Suelto,Traje,Desconocido,Desconocido,2,1,2,0,5,0,3,4,4,8,6,3
253,1854-06-21,"El Martes 13 del presente como a las nueve de la noche se ha huido de casa de su patron un muchacho nombrado Inocencio Arias, robándose cien pesos en dinero. Su filiacion es la siguiente: edad, 14 á 15 años, estatura regular, metido en carnes, color mestizo claro, hijo de Husmanga, va vestido con un tuin de color á cuadros pequeños, pantalon de algodon azul, camisa de color, con chinclas negras de cordoban. La persona que dice noticia de su paradero recibirá media onza de gratificacion, dando parte á la Intendencia de Policia, la cual tiene ya conocimiento de este suceso, ó en la panaderia de la Palma. Asi mismo, la persona que lo tenga oculto y no lo presente como se ha indicado, abonará todos los daños y prejuicios que se originen á mas de sufrir la multa como lo previene el Reglamento de Policia.",,Inocencio Arias,M,14 a 15,hijo de Husmanga,color mestizo claro,estatura regular,metido en carnes,,,,,,,,,,,,,,,,,,,,,camisa de color,pantalon de algodon azul,chinclas negras de cordoban,,,,tuin de color á cuadros pequeños,,,,,14.5,Mediano / Regular,Grueso / Gordo / Robusto,Desconocido,Desconocido,Desconocido,Desconocido,Desconocido,Desconocido,Desconocido,Camisa,Azul,Mestizos,4,3,0,0,5,0,3,3,2,0,2,5
254,1854-06-21,"El dia que […] a la calle, un cholito de 10 á 11 años llamado Blas, gordo retaco, cara redonda y manchado, la cabeza muy pelona, sombrero de paja de Italia y tuin de […]. La persona que lo oculte y no dé aviso sufrirá la multa que fija el reglamento, y al que lo entregue se le dara una gratificacion, avisando en la primera casa calle de Baquijano frente á la botica.   ",PERDIDA,Blas ,M,10 a 11 años,,cholito,,gordo retaco,cara redonda ,,,,,,,,,,,la cabeza muy pelona,,,,,manchado,,,,tuin de […],,,,sombrero de paja de Italia,,,,,,,10.5,Desconocido,Grueso / Gordo / Robusto,Desconocido,Desconocido,Desconocido,Desconocido,Desconocido,Pelona / Rapada / Sin pelo,Desconocido,Desconocido,Desconocido,Cholos/Chinas,2,3,0,0,5,0,3,5,2,4,6,2
255,1854-07-17,"El Viernes ultimo se perdió de su casa un muchacho cholito, como de siete años de edad, bajo de estatura, falto de los dientes de arriba que está mudando; se llama Jacinto y vá vestido con camisa de tocuyo, pantalon azul y zapatos serranos. Llevandolo al callejon de San Francisco, casa de Tagle, en el principal se dará una buena gratificacion. Se repite en El Comercio, n. 4487, 18 de julio de 1854, p.1.  ",,Jacinto,M,7 años,,,bajo de estatura,,,,,,,,,falto de los dientes de arriba que está mudando,,,,,,,,,,,,,camisa de tocuyo,pantalon azul,zapatos serranos,,,,,,,,,7.0,Bajo / Pequeño,Desconocido,Desconocido,Desconocido,Desconocido,Desconocido,Desconocido,Desconocido,Desconocido,Camisa,Azul,Desconocido,1,1,0,0,5,0,3,3,2,0,2,3
256,1854-07-17,"El Domingo de las once á las doce del dia, se ha perdido una cholita de la calle de Aflijidos conocida por los Santiago, con las señales siguientes: traje cabritilla con estrellas blancas, con una pañoletita verde con fleco blanco, peloncito de cuatro años. La persona que la tuviere puede entregarla en la calle nombrada casa n°2.. donde se le dará su gratificacion. Advirtiendo que se ha dado parte á la Intendencia.  ",,n/t,F,14 años,,,,,,,,,,,,,,,,peloncito,,,,,,,,,,,,,,pañoletita verde con fleco blanco,,,,,traje cabritilla con estrellas blancas,14.0,Desconocido,Desconocido,Desconocido,Desconocido,Desconocido,Desconocido,Desconocido,Pelona / Rapada / Sin pelo,Desconocido,Desconocido,Desconocido,Desconocido,2,1,0,0,5,0,3,5,2,4,6,3
257,1854-07-19,"Se ofrece á la persona que entregue ó dé noticia de una cholita pequeña de cuerpo, cara redonda y de 13 á 14 años de edad, nombrada Juliana, que se ha salido en la noche del 18 del presente de la casa de sus patrones calle de la Virreina altos n° [:..]. Esta vestida con un traje de olan morado con pintas blancas. Se repite en El Comercio, n. 4489, 20 de julio de 1854, p.1, El Comercio, n. 4490, 21 de julio de 1854, p.1, El Comercio, n. 4491, 22 de julio de 1854, p.1.  ",MEDIA ONZA DE GRATIFICACION,Juliana,F,13 a 14 años,,cholita,pequeña de cuerpo,,cara redonda ,,,,,,,,,,,,,,,,,,,,,,,,,,,,,,traje de olan morado con pintas blancas,13.5,Desconocido,Desconocido,Desconocido,Desconocido,Desconocido,Desconocido,Desconocido,Desconocido,Desconocido,Desconocido,Desconocido,Cholos/Chinas,2,1,0,0,5,0,3,3,2,4,6,2
258,1854-07-19,"Se ha fugado una cholita el dia seis del presente de nombrada Juana, natural de Moyobamba, de edad de nueve á diez años, cara redonda, color indio, pelo corto y negro, pañuelon negro con cabritilla y trage negro de lana. La persona que la presente en la calle de los Naranjos casa n°240 sera gratificada.",,Juana,F,9 a 10 años,Moyobamba,color indio,,,cara redonda ,,,,,,,,,,negro,pelo corto,,,,,,,,,,,,,,pañuelon negro con cabritilla,,,,,trage negro de lana.,9.5,Desconocido,Desconocido,Desconocido,Desconocido,Desconocido,Desconocido,Desconocido,Corto / Cortado / Recortado,Desconocido,Desconocido,Desconocido,Indígena,2,1,0,0,5,0,3,2,2,4,6,4
259,1854-07-25,"Ayer 23 de Julio á las cuatro de la tarde, se perdió un cholito de edad de diez á once años, de las especies siguientes: indio blanco, cara redonda, ojos pardos alegres, poca ceja, medio ñato, llamao Alejo Romaní; va vestido con una camisa colorada, pantaloncito de jénero medio negro, sombrero de paja ordinario, […], con un ponchito de […] se ha tomado una onza de escudos. La persona que lo tomase dará parte en la cuadra del Padre Jerónimo número 107, que se le gratificará.  ",,Alejo Romaní,M,10 a 11 años,,indio blanco,,,cara redonda ,ojos pardos alegres,poca ceja,,medio ñato,,,,,,,,,,,,,,,,camisa colorada,pantaloncito de jénero medio negro,,ponchito,sombrero de paja ordinario,,,,,,,10.5,Desconocido,Desconocido,Desconocido,Mixta,Ñata,Desconocido,Desconocido,Desconocido,Desconocido,Camisa,Desconocido,Indígena,2,1,0,1,11,0,3,3,2,0,6,4
260,1854-08-03,"Se ofrece á la persona que entregue ó de noticia del paradero de una cholita pequeña de cuerpo, cara medio redonda, de 11 á 13 años de edad, nombrada Dominga que se ha salido en la noche del Lunes 24 del pasado Julio de la habitacion de su patrona en el tambo de Polvos-Azules. Está vestida con un traje de lana a cuadros y un pañuelo de lana estampado. Ademas se ha llevado un atado de ropa. Habiendose puesto en conocimiento de la Intendencia, la persona en cuyo poder se encuentre será responsable de los perjuicios á que haya lugar. Quien sepa de su paradero se dignará avisar en la casa del Sr. Calero, calle del Padre Geronimo. Se repite en El Comercio, n. 4502, 4 de agosto de 1854, p.1, El Comercio, n. 4503, 5 de agosto de 1854, p.1.  ",MEDIA ONZA DE GRATIFICACION,Dominga,F,12 a 13 años,,cholita,pequeña de cuerpo,,cara medio redonda,,,,,,,,,,,,,,,,,,,,,,,,,pañuelo de lana estampado,,,,,traje de lana a cuadros,12.5,Desconocido,Desconocido,Forma geométrica / estructura,Desconocido,Desconocido,Desconocido,Desconocido,Desconocido,Desconocido,Desconocido,Desconocido,Cholos/Chinas,2,1,2,0,5,0,3,3,2,4,6,2
261,1854-08-19,"Anoche á las ocho de la noche ha salido de la casa del Sr. Obispo Ofelan, una cholita, de edad de 8 años, llamada Asu.., las señales pelo corto, va vestido con un trajecito morado, sin zapatos. La persona que la entregue tendrá la gratificacion correspondiente, pero si la ocultase cualquiera persona pagará la multa que […] el Reglamento de Policia. ",OJO OJO,Asu..,F,8 años,,cholita,,,,,,,,,,,,,,pelo corto,,,,,,,,,,,sin zapatos,,,,,,,,trajecito morado,8.0,Desconocido,Desconocido,Desconocido,Desconocido,Desconocido,Desconocido,Desconocido,Corto / Cortado / Recortado,Desconocido,Desconocido,Desconocido,Cholos/Chinas,2,1,0,0,5,0,3,2,2,4,6,2
262,1854-08-20,"El Viernes 18 del corriente ha fugado un cholito Manuel, de edad de ocho años, la persona que lo tenga puede entregarlo en los altos de Zavala en la letra Y que sera gratificada.  ",,Manuel,M,8 años,,cholito,,,,,,,,,,,,,,,,,,,,,,,,,,,,,,,,,,8.0,Desconocido,Desconocido,Desconocido,Desconocido,Desconocido,Desconocido,Desconocido,Desconocido,Desconocido,Desconocido,Desconocido,Cholos/Chinas,2,1,0,0,5,0,3,3,2,4,6,2
263,1854-08-22,"El Sabado 19 del presente, como á las doce del dia, se ha fugado de la calle del Carmen bajo, casa n° 102, un cholito nombrado Julian como de nueve ó diez años de edad, sustrayendose dos pares de cubiertos de plata con las iniciales J.C. Dicho muchacho es natural de Huancayo, y aun no pronuncia bien el castellano; va vestido de pantalon azul, camisa rosado y blanco y un tuin de listas menudas: todo es de algodon y no lleva zapatos. La persona que lo entregue en la casa arriba de la mencionada, ó en la Intendencia, reiirá una gratificacion; asi mismo, la que lo oculte será responsable á los daños y perjuicios que ocasione hasta su aprehension y ademas la multa que señala uno de los articulos del Reglamento de Policia. Se repite en El Comercio, n. 4517, 23 de agosto de 1854, p.1, El Comercio, n. 4518, 24 de agosto de 1854, p.1.  ",OJO AL AVISO,Julian,M,9 a 10 años,Huancayo,cholito,,,,,,,,,,,,,,,,,,,,,,,camisa rosado y blanco,pantalon azul,no lleva zapatos,,,,,,,,,9.5,Desconocido,Desconocido,Desconocido,Desconocido,Desconocido,Desconocido,Desconocido,Desconocido,Desconocido,Camisa,Azul,Cholos/Chinas,2,1,0,0,5,0,3,3,2,0,2,2
264,1854-09-02,"El Jueves á las cinco de la tarde ha fugado de sus patrones, un cholito serrano de edad de diez años nombrado Marcelo Pallarco, sus señales son las siguientes: una nuve en el ojo izquierdo, picado de viruelas, apenas habla el idioma español; anda vestido con un pantalon color plomo, chaqueta azul, zapatos negros y un poncho color cabritilla con listas azules. La persona que sepa donde se halla puede ocurrir á la calle de Granados n°78 en donde se le dará una gratificacion.  ",,Marcelo Pllarco,M,10 años,,cholito,,,,una nuve en el ojo izquierdo,,,,,,,,,,,,,,picado de viruelas,,,,,,pantalon color plomo,zapatos negros,poncho color cabritilla con listas azules,,,,,,,chaqueta azul,10.0,Desconocido,Desconocido,Desconocido,defecto ocular,Desconocido,Desconocido,Desconocido,Desconocido,Desconocido,Desconocido,Plomo / Gris,Cholos/Chinas,2,1,0,3,5,0,3,3,2,4,9,2
265,1854-09-05,"Se gratifica á la persona que dé razon exacta ó entregue un cholito que está cimarron desde la víspera de Santa Rosa á las doce del dia, se llama Felix Segundo, él es mestizo tiene nueve á diez años para diez, tiene cara aguileña, en la nariz tiene una cicatriz pegada al labio en la mano derecha, tiene un dedo gacho junto al dedo pulgar, con camisa de color olan morado de pla.. menudas, tiene camiseta de lustrin cabritilla, saco de olan de listas cabritilla blanca y colorada, pantalon de genero de algodon color oscuro, pertenece á la pasteleria de la Comedia. Se repite en El Comercio, n. 4528, 6 de septiembre de 1854, p.1.  ",,Felix Segundo,M,9 a 10 años,,mestizo,,,cara aguileña,,,,,,,,,,,,,,"en la nariz tiene una cicatriz pegada al labio, en la mano derecha, tiene un dedo gacho junto al dedo pulgar",,,,,,"camisa de color olan morado de pla.. menudas, camiseta de lustrin cabritilla",pantalon de genero de algodon color oscuro,,,,,,,,,saco de olan de listas cabritilla blanca y colorada,9.5,Desconocido,Desconocido,Forma geométrica / estructura,Desconocido,Desconocido,Desconocido,Desconocido,Desconocido,Desconocido,Desconocido,Desconocido,Mestizos,2,1,2,0,5,0,3,3,2,4,6,5
266,1854-09-07,"En la casa n°157 calle de San Agustin se gratifica á la persona persona que dé razon exacta, ó entregue una cholita huida, el Miercoles 6 del presente, por la mañana. Se llama Maria, como de 12 años de edad. Señales, frente y ojos chicos, nariz chata, boca grande y labios remangados, una oreja con candado de oro con una perla. Vestida de traje de olan fondo negro con guarda blanca. Se repite en El Comercio, n. 4530, 9 de septiembre de 1854, p.1, El Comercio, n. 4532, 11 de septiembre de 1854, p.1, El Comercio, n. 4534, 13 de septiembre de 1854, p.1, El Comercio, n. 4535, 14 de septiembre de 1854, p.1, El Comercio, n. 4536, 15 de septiembre de 1854, p.1.  ",,Maria,F,12 años,,cholita,,,,ojos chicos,,,nariz chata,boca grande,labios remangados,,frente chica,,,,,,,,,,,,,,,,,,una oreja con candado de oro con una perla,,,,traje de olan fondo negro con guarda blanca,12.0,Desconocido,Desconocido,Desconocido,pequeños,Chata,Grande / Bocona / Jetona / Hocicona,Chica / Pequeña,Desconocido,Desconocido,Desconocido,Desconocido,Cholos/Chinas,2,1,0,8,2,1,1,3,2,4,6,2
267,1854-09-28,"En la noche del Martes se ha perdido un cholito nombrado Mariano, que vino de Huancayo la semana pasada debiendo haber regresado hoy -Como es de chacra, absolutamente ignorante y no entiende castellano, se presume que lo hayan ocultado, por esto se pone este aviso para que no se alegue la ignorancia al sufrir la pena por el Reglamento, debiendo al contrario recibir una gratificacion; la persona que lo entregue á su patron, calle de la Buenamuerte n°156 -Sus señales son: ñato, cara redonda, vestido de calzon roto y poncho; y como de doce años. Se repite en El Comercio, n. 4548, 29 de septiembre de 1854, p.1, El Comercio, n. 4549, 30 de septiembre de 1854, p.1.  ",,Mariano,M,12 años,Huancayo,cholito,,,cara redonda ,,,,ñato,,,,,,,,,,,,,,,,,calzon roto,,poncho,,,,,,,,12.0,Desconocido,Desconocido,Desconocido,Desconocido,Ñata,Desconocido,Desconocido,Desconocido,Desconocido,Desconocido,Roto / Viejo / Usado,Cholos/Chinas,2,1,0,0,11,0,3,3,2,4,11,2
268,1854-09-28,El dia 24 del presente se ha marchado un cholito como de diez años llamado Ricardo Alfaro. La persona que lo tenga á su servicio puede avisar á la calle de Ca.. casa n°95 […] que el reglamento de Policia lo señala á donde se tiene puesta la queja en caso de encontrarlo sirviendo á otro.  ,FUGA,Ricardo Alfaro,M,10 años,,cholito,,,,,,,,,,,,,,,,,,,,,,,,,,,,,,,,,,10.0,Desconocido,Desconocido,Desconocido,Desconocido,Desconocido,Desconocido,Desconocido,Desconocido,Desconocido,Desconocido,Desconocido,Cholos/Chinas,2,1,0,0,5,0,3,3,2,4,6,2
269,1854-09-30,"El dia 28 del presente se perdió de la plaza del mercado una cholita como de diez años de edad, que se llama Isabel Solía, su cara es redonda, baja de cuerpo, va con un traje negro con balnco de cambray delantal azul claro, camisa morada de cuello y manga larga, el que la haya encontrado ó la tenga en su poder, la entregará en la calle Sto. Toribio, tienda n°96 se le dará una buena gratificacion y si no verificase se le aplicarán las penas que designa el Reglamento de Policia.  ",,Isabel Solía,F,10 años,,cholita,baja de cuerpo,,cara redonda ,,,,,,,,,,,,,,,,,,,,camisa morada de cuello y manga larga,,,,,,,,,,traje negro con balnco de cambray delantal azul claro,10.0,Bajo / Pequeño,Desconocido,Desconocido,Desconocido,Desconocido,Desconocido,Desconocido,Desconocido,Desconocido,Camisa,Desconocido,Cholos/Chinas,1,1,0,0,5,0,3,3,2,0,6,2
270,1854-10-09,"Se dará una gratificacion á la persona que entregue ó dé razon del paradero de un cholito serrano como de doce á trece años llamado Pablo, que se perdió el jueves del corriente de la casa nueva del señor Chacon, en la cuadra de las Ma.. Sus señales son, color prieto, pelo cortado, gordo, pantalon azul viejo de pavo, camisa con pintas rosadas, chaleco blanco, y sombrero negro […]. El aviso se dará a la casa mencionada en los altos. Se repite en El Comercio, n. 4557, 10 de octubre de 1854, p.1.  ",,Pablo,M,12 a 13 años,,color prieto,,gordo,,,,,,,,,,,,,,pelo cortado,,,,,,,camisa con pintas rosadas,pantalon azul viejo de pavo,sombrero negro,,,,,,,,chaleco blanco,12.5,Desconocido,Grueso / Gordo / Robusto,Desconocido,Desconocido,Desconocido,Desconocido,Desconocido,Desconocido,Desconocido,Camisa,Roto / Viejo / Usado,Pardos/Prietos/Mulatos,2,3,0,0,5,0,3,3,2,0,11,6
271,1854-10-12,"Una buena gratificacion á la persona que dé noticia de un cholito que se han robado de San Francisco el dia 3, llamado Segundo, de edad de 5 á 6 años recien llegado de la sierra, las señales son: cara redonda, mechoncito en la frente, chaqueton de paño de color […] de vino con cuello de terciopelo negro, corbata negra, pantalon de casimir color piedra con listas negras y zapatos dobles de la sierra, y gorra de casimir de algodon ya viejo, no da razon de donde es; porque no sabe el nombre de su pa.., y solo contesta que es cata.., apenas entiende tal cual […] y la habla tan bien castellano, metido en carnes, con una cicatriz sobre los dos dedos […], al tiempo de saludar muy amigo de darle la mano á toda clase de persona, la persona que tenga noticia podrá ocurrir por su gratificacion á esta imprenta ó a la porteria de San Francisco.  ",SE OFRECE,Segundo,M,15 a 16 años,,cholito,,metido en carnes,cara redonda ,,,,,,,,,,,peloncito en la frente,,,una cicatriz sobre los dos dedos,,,,,,,pantalon de casimir color piedra con listas negras,zapatos dobles de la sierra,,gorra de casimir de algodon ya viejo,,corbata negra,,,,chaqueton de paño de color […] de vino con cuello de terciopelo negro,15.5,Desconocido,Grueso / Gordo / Robusto,Desconocido,Desconocido,Desconocido,Desconocido,Desconocido,Pelona / Rapada / Sin pelo,Desconocido,Desconocido,Desconocido,Cholos/Chinas,2,3,0,0,5,0,3,5,2,4,6,2
272,1854-10-28,"Se ha fugado el 26 del presente de la casa de su patrona de los altos […] la pasteleria de la Concepcion, una cholita nombrada Natividad Ca.., de la edad de 14 á 15 años, sus señales son, cara redonda, color mestiza, bocona, tiene una cicatriz en la frente, de un tamaño regular. Quien dé noticia del paradero de ella se le dará una buena gratificacion.  ",,Natividad Ca..,F,14 a 15 años,,color mestiza,tamaño regular,,cara redonda ,,,,,bocona,,,,,,,,,cicatriz en la frente,,,,,,,,,,,,,,,,,14.5,Mediano / Regular,Desconocido,Desconocido,Desconocido,Desconocido,Grande / Bocona / Jetona / Hocicona,Desconocido,Desconocido,Desconocido,Desconocido,Desconocido,Desconocido,4,1,0,0,5,1,3,3,2,4,6,3
273,1854-11-03,"El dia 1° del presente desaparecieron de casa de sus patronas dos cholitas recien llegadas de Huancayo, la una tendrá ocho años de edad, y la otra siete mas ó menos, ambas están vestidas con traje azul y listas blancas en el ruedo y tapadas con pañueloncitos negros. En esta imprenta se darán razon de sus patronas, los que ofrecen una onza de gratificacion á la persona que las entregue ó avise de su paradero. Se necesita de una cocinera. Se repite en El Comercio, n. 4578, 4 de noviembre de 1854, p.1.  ",,,F,7 a 8 años,,cholitas,,,,,,,,,,,,,,,,,,,,,,,,,,,,pañueloncitos negros,,,,,traje azul y listas blancas en el ruedo,7.5,Desconocido,Desconocido,Desconocido,Desconocido,Desconocido,Desconocido,Desconocido,Desconocido,Desconocido,Desconocido,Desconocido,Desconocido,2,1,0,0,5,0,3,3,2,4,6,3
274,1854-11-17,"Se gratificará á la persona que entregue ó dé razon de un cholito, que en la tarde del Jueves 9 del corriente ha desaparecido; se llama Manuel Ramos, lleva pantalon y chaqueta azul, tiene en la cabeza pelada y está recien llegado de Huancayo; previniendose que la persona que la ocultase quedará sujeta á multa que á este respecto señala el Reglamento de Policia. En esta imprenta darán razon de sus patrones.  ",,Manuel Ramos,M,,Huancayo,cholito,,,,,,,,,,,,,,cabeza pelada,,,,,,,,,,pantalón azul,,,,,,,,,chaqueta azul,Desconocido,Desconocido,Desconocido,Desconocido,Desconocido,Desconocido,Desconocido,Desconocido,Pelona / Rapada / Sin pelo,Desconocido,Desconocido,Desconocido,Cholos/Chinas,2,1,0,0,5,0,3,5,2,4,6,2
276,1854-11-23,"En la noche del veinte del presente se ha ido de una casa, sin motivo alguno; un muchacho de edad de once años; casta indio y su filiacion es: […], cara grande, ojos idem, barrigon y vestido solo con camisas y pantalon el que lo […] encargado de criarlo por su padre viendo tambien el padrino: la persona que lo entregue será gratificada: y lo puede verificar en la casa número 176 calle de Gremios ó en esta imprenta.  ",,,M,11 años,,casta indio,,barrigon,cara grande,ojos grandes,,,,,,,,,,,,,,,,,,,camisas,pantalon,,,,,,,,,,11.0,Desconocido,Grueso / Gordo / Robusto,Tamaño / proporción,grandes,Desconocido,Desconocido,Desconocido,Desconocido,Desconocido,Desconocido,Desconocido,Indígena,2,3,5,5,5,0,3,3,2,4,6,4
277,1854-12-06,"Han fugado de casa de sus patrones dos cholitos el uno de edad de 10 á 11 años, nombrado Juan, tiene un ojo medio gacho, vá vestido con calzon de […] azules y chamarra negra y el otro nombrado Máximo de 9 á 10 años, vestido de jenero de color: la persona que los tenga puede ocurrir á la plazuela de Cha.. en la casa que está al frente á la puerta de la Iglesia: donde se le dará una buena gratificacion y si alguna persona los retiene se hará acreedora á las penas que señala el Reglamento de Policia. Se repite en El Comercio, n. 4606, 7 de diciembre de 1854, p.1, El Comercio, n. 4607, 9 de diciembre de 1854, p.1, El Comercio, n. 4608, 11 de diciembre de 1854, p.1, El Comercio, n. 4609, 12 de diciembre de 1854, p.1.  ",,Juan y Máximo,M,10 a 11 y 9 a 10 años,,,,,,ojo medio gacho,,,,,,,,,,,,,,,,,,,,"calzon de […] azules, y jenero de color",,,,,,,,,,10.25,Desconocido,Desconocido,Desconocido,defecto ocular,Desconocido,Desconocido,Desconocido,Desconocido,Desconocido,Desconocido,Desconocido,Desconocido,2,1,0,3,5,0,3,3,2,4,6,3
278,1855-01-10,"En la mañana del dia 5 del presente, se ha fugado de la casa n°6 calle de Zarate, un cholito de once á doce años de edad nombrado Diego Quispe: la persona que lo haya seducido, tenga presente, que dicho muchacho está entregado á su patron por sus padres y con documento en toda forma, desde sus tiernos años, y de consiguiente autorizado para sacarlo de cualquiera casa donde se encuentre, á cuyo efecto ya se ha dado el aviso respectivo á la Intendencia: y la que dé razon de su paradero recibirá en la mencionada casa una gratificacion.  ",PREVENCION,Diego Quispe,M,11 a 12 años,,cholito,,,,,,,,,,,,,,,,,,,,,,,,,,,,,,,,,,11.5,Desconocido,Desconocido,Desconocido,Desconocido,Desconocido,Desconocido,Desconocido,Desconocido,Desconocido,Desconocido,Desconocido,Cholos/Chinas,2,1,0,0,5,0,3,3,2,4,6,2
279,1855-01-12,"La persona que haya encontrado por la calle del Carmen, un cholito, de edad de doce años, que se halla enfermo, con el pantalon rayado, la chaqueta azul grande y el sombrero de paja grueso; la persona que lo haya encontrado se sirva de entregarlo á la casa del Sr. Valle calle del Carmen que se abonará una gratificacion y si lo ocultasen seran responsables al articulo del reglamento de policia.  ",AL PUBLICO,,M,12 años,,,,,,,,,,,,,,,,,,,,,,,,,,pantalon rayado,,,sombrero de paja grueso,,,,,,chaqueta azul grande,12.0,Desconocido,Desconocido,Desconocido,Desconocido,Desconocido,Desconocido,Desconocido,Desconocido,Desconocido,Desconocido,Desconocido,Desconocido,2,1,0,0,5,0,3,3,2,4,6,3
280,1855-01-16,"Se ha perdido ayer á las doce del dia un cholito de edad de tres años que habla muy poco, pelo largo, los pies lastimados de picaduras de mosquitos vestido de una camisa de tocuyo y que contesta al nombre de Martin. Quien supiese de él dando noticia en la plaza de Santo Tomas […] ó en esta imprenta será gratificarlo. ",,Martin,M,13 años,,,,,,,,,,,,,,,,pelo largo,,,pies lastimados de picaduras de mosquitos,,,,,,camisa de tocuyo,,,,,,,,,,,13.0,Desconocido,Desconocido,Desconocido,Desconocido,Desconocido,Desconocido,Desconocido,Largo / Trenzas largas,Desconocido,Camisa,Desconocido,Desconocido,2,1,0,0,5,0,3,4,2,0,6,3
281,1855-01-18,"En la mañana de hoy ha desaparecido de los altos de la panaderia del Puente una cholita de nueve años mas o menos nombrada Romualda, se halla vestida con un traje colorado. La persona que la entregue ó dé razon de su paradero recibirá una gratificacion. Lima y Enero 14 de 1855.  ",,Romualda,F,9 años,,cholita,,,,,,,,,,,,,,,,,,,,,,,,,,,,,,,,,traje colorado,9.0,Desconocido,Desconocido,Desconocido,Desconocido,Desconocido,Desconocido,Desconocido,Desconocido,Desconocido,Desconocido,Desconocido,Cholos/Chinas,2,1,0,0,5,0,3,3,2,4,6,2
282,1855-01-22,"El dia de ayer á las oraciones se perdió un muchachito de la plaza nueva del mercado, color cholito, de dos años de edad, nombrado Cecilio Er.., tiene un lunarcito en la mano derecha y vá vestido con un pantaloncito de listas y camisa blanca. Su madre suplica á la persona que lo haya tomado ó a la que tenga noticia de él lo lleve a la dicha plaza nueva en una de las tiendas ultima puerta que lo agradecerá infinito y tambien dará una gratificacion.  ",PERDIDA,Cecilio Er..,M,2 años,,color cholito,,,,,,,,,,,,,,,,,,,lunarcito en la mano derecha,,,,camisa blanca,pantaloncito de listas,,,,,,,,,,2.0,Desconocido,Desconocido,Desconocido,Desconocido,Desconocido,Desconocido,Desconocido,Desconocido,Desconocido,Camisa,Desconocido,Cholos/Chinas,2,1,0,0,5,0,3,3,2,0,6,2
283,1855-01-22,"Se ofrece á la persona que entregue ó dé razon del paradero de una cholita nombrada Ventura, de ocho á nueve años de edad, pelo corto, vestida con un traje de fondo cabritilla y sin zapatos, que se salió el sábado á las cinco de la tarde de la casa n°282 sita en la plazuela de Santo Domingo. Su patrona vive en el principal bajo de dicha casa. Se repite en El Comercio, n. 4643, 23 de enero de 1855, p.1, El Comercio, n. 4644, 24 de enero de 1855, p.1.  ",GRATIFICACION,Ventura,F,8 a 9 años,,cholita,,,,,,,,,,,,,,pelo corto,,,,,,,,,,,sin zapatos,,,,,,,,traje de fondo cabritilla,8.5,Desconocido,Desconocido,Desconocido,Desconocido,Desconocido,Desconocido,Desconocido,Corto / Cortado / Recortado,Desconocido,Desconocido,Desconocido,Cholos/Chinas,2,1,0,0,5,0,3,2,2,4,6,2
284,1855-02-07,"El Sabado 3 del corriente ha fugado un cholito serrano como de diez á doce años llamado Pablo: sus señales son gordo de cara y cuerpo, prieto, el pelo cortado, pantalon azul de cuadritos, camisa con listas azules, y chaqueta de genero negro y blanco en cuadritos. La persona que avise de su paradero ó lo entregue a su patron en la calle de las Mariquitas, casa nueva del Sr. Chacon n°98 en los altos recibirá una gratificacion. Se repite en El Comercio, n. 4656, 8 de febrero de 1855, p.1.  ",,Pablo,M,11 a 12 años,,prieto,,gordo de cuerpo,gordo de cara,,,,,,,,,,,pelo cortado,,,,,,,,,camisa con listas azules,pantalon azul de cuadritos,,,,,,,,,chaqueta de genero negro y blanco en cuadritos,11.5,Desconocido,Desconocido,Tamaño / proporción,Desconocido,Desconocido,Desconocido,Desconocido,Corto / Cortado / Recortado,Desconocido,Camisa,Rayado / Listado / Cuadros,Pardos/Prietos/Mulatos,2,1,5,0,5,0,3,2,2,0,10,6
285,1855-02-07,"El Domingo á las 8 de la noche ha sido sustraido un cholito nombrado José Cas.. de edad 9 á 10 años vestido al presente con un pantalon plomo con listas, un tuin de cuadritos y un sombrerito viejo de junco inmediatamente se dio parte á la intendencia y se dará una buena gratificacion á la persona que lo entregue ó dé razon de su paradero en la calle de Con.. n°18.  ",OJO AL AVISO,José Cas..,M,9 a 10 años,,cholito,,,,,,,,,,,,,,,,,,,,,,,,pantalon plomo con listas,,,sombrerito viejo de junco,,,,,,tuin de cuadritos,9.5,Desconocido,Desconocido,Desconocido,Desconocido,Desconocido,Desconocido,Desconocido,Desconocido,Desconocido,Desconocido,Rayado / Listado / Cuadros,Cholos/Chinas,2,1,0,0,5,0,3,3,2,4,10,2
286,1855-02-14,"Ayer Lunes 12 del que jira a las 8 de la mañana se ha fugado de la casa de sus patrones de los altos de la de […] n°2 un cholito llamado Aniceto Osorio de trece á 14 años de edad, lleva de ropa un chaqueton de casimir color verduoso oscuro y pantalon de choleta blanco de hilo, el es medio ñato, bocon, y […], al que dé razon de su paradero se le gratificará en los altos de Bal.. n°2 y si no obstante este aviso alguno lo tuviese, estará sujeto á las leyes de Policia y gastos y perjuicios pagará. Se repite en El Comercio, n. 4663, 15 de febrero de 1855, p.1, El Comercio, n. 4664, 16 de febrero de 1855, p.1, El Comercio, n. 4665, 17 de febrero de 1855, p.1.  ",,Aniceto Osorio,M,13 a 14 años,,cholito,,,,,,,medio ñato,bocon,,,,,,,,,,,,,,,,pantalon de choleta blanco de hilo,,,,,,,,,chaqueton de casimir color verduoso oscuro,13.5,Desconocido,Desconocido,Desconocido,Desconocido,Ñata,Desconocido,Desconocido,Desconocido,Desconocido,Desconocido,Amotape / Chohe / Choleta / Macedonia,Cholos/Chinas,2,1,0,0,11,0,3,3,2,4,1,2
287,1855-03-06,"Una cholita de doce á trece años, serranita, bien pa.., de pelo largo medio rubio, nariz aguileña, traje de olan morado, nombrada Luisa, ha desaparecido á las 7 de la noche del dia 3 del corriente de la casa de la señora que la crió desde su mas tierna edad. La persona que la entregue, ó avise de su paradero en la casa nueva de altos del Sr. Chacon, cuadra de las Mari.., recibirá una gratificacion, y la que la oculte, será penada por la Policia. Se repite en El Comercio, n. 4679, 7 de marzo de 1855, p.1.  ",,Luisa,F,12 a 13 años,,cholita,,,,,,,nariz aguileña,,,,,,medio rubio,pelo largo,,,,,,,,,,,,,,,,,,,traje de olan morado,12.5,Desconocido,Desconocido,Desconocido,Desconocido,Aguileña,Desconocido,Desconocido,Largo / Trenzas largas,Desconocido,Desconocido,Desconocido,Cholos/Chinas,2,1,0,0,1,0,3,4,2,4,6,2
288,1855-03-26,"Se dara una gratificacion á la persona que entregue en la casa n°5 calle del Hospital de San Lázaro, á la cholita Eulalia Torres, de edad de doce años, que fugó del lado de su patrona el dia 16 del presente; advirtiendose, que la persona que la oculte sufrirá la pena que señala el Reglamento de Policia. Lima, Marzo 24 de 1855. Se repite en El Comercio, n. 4696, 27 de marzo de 1855, p.1, El Comercio, n. 4697, 28 de marzo de 1855, p.1.  ",,Eulalia Torres,F,12 años,,cholita,,,,,,,,,,,,,,,,,,,,,,,,,,,,,,,,,,12.0,Desconocido,Desconocido,Desconocido,Desconocido,Desconocido,Desconocido,Desconocido,Desconocido,Desconocido,Desconocido,Desconocido,Cholos/Chinas,2,1,0,0,5,0,3,3,2,4,6,2
289,1855-03-26,"El Domingo 18 del presente en el Callao, un cholito llamado N.. cuyas señales son las siguientes, edad 8 años, tiene al medio de la frente una cicatriz, otra en un brazo junto a la muñeca, lleva puesto un panatalon […], una camisa blanca, el que lo tenga ó sepa su paradero dé razon  en la casa n°152 cuadra Nuñez donde se gratificará.  ",SE HA PERDIDO,N..,M,8 años,,cholito,,,,,,,,,,,,,,,,,"al medio de la frente una cicatriz, otra en un brazo junto a la muñeca",,,,,,camisa blanca,panatalon,,,,,,,,,,8.0,Desconocido,Desconocido,Desconocido,Desconocido,Desconocido,Desconocido,Desconocido,Desconocido,Desconocido,Camisa,Desconocido,Cholos/Chinas,2,1,0,0,5,0,3,3,2,0,6,2
290,1855-03-28,"Llamada Josefa, de diez a doce años de edad, se ha perdido de la nueva plaza de mercado de esta ciudad, hace como un mes; es gorda, baja de cuerpo, color claro, pelona y poco pelo tiene es crespo, tuvo puesto camisa blanca y trage de lana. La persona que dé razon de su paradero recibirá una buena gratificacion de su tutora y la que la oculte será castigado con toda la severidad de las leyes. El portero de la misma plaza nueva dará razon. Se repite en El Comercio, n. 4699, 30 de marzo de 1855, p.1, El Comercio, n. 4700, 31 de marzo de 1855, p.1.  ",UNA CHOLITA,Josefa,F,11 a 12 años,,color claro,baja de cuerpo,gorda,,,,,,,,,,,,pelona,crespo,,,,,,,,camisa blanca,,,,,,,,,,trage de lana,11.5,Bajo / Pequeño,Grueso / Gordo / Robusto,Desconocido,Desconocido,Desconocido,Desconocido,Desconocido,Pelona / Rapada / Sin pelo,Desconocido,Camisa,Desconocido,Blancos/Claros,1,3,0,0,5,0,3,5,2,0,6,1
291,1855-05-09,"Se dá una graificacion a la persona qué razon de un cholito que se ha ido hoy á las ocho de la mañana de la casa n°2.. calle de […], tiene las señales siguientes edad de 6 á 7 años, pantalon azul de listas, chaqueton de paño negro, camisa de color, […] y en sombrero.  ",OJO,,M,6 a 7 años,,cholito,,,,,,,,,,,,,,,,,,,,,,,camisa de color,pantalon azul de listas,,,en sombrero,,,,,,chaqueton de paño negro,6.5,Desconocido,Desconocido,Desconocido,Desconocido,Desconocido,Desconocido,Desconocido,Desconocido,Desconocido,Camisa,Rayado / Listado / Cuadros,Cholos/Chinas,2,1,0,0,5,0,3,3,2,0,10,2
292,1855-05-21,"El Lunes á las siete y media de la mañana se ha perdido un cholito de nueve á diez años, llamado Pedro P.., cara redonda, ojos regulares, ñato no mucho, boca regular, tiene los p.. de las orejas levantaditos, camisa de olan rosado con blanco, calzon oscuro. Al que dé razon de él se le dará una onza de gratificacion calle de Santo Toribio n°58.  ",,Pedro P..,M,9 a 10 años,,cholito,,,cara redonda ,ojos regulares,,,ñato no mucho,boca regular,,,,,,,,,,,,,,,camisa de olan rosado con blanco,calzon oscuro,,,,,,,,los p.. de las orejas levantaditos,,9.5,Desconocido,Desconocido,Desconocido,regulares,Ñata,Regular / Normal,Desconocido,Desconocido,Desconocido,Desconocido,Oscuro (genérico),Cholos/Chinas,2,1,0,9,11,3,3,3,2,4,8,2
293,1855-06-02,"Se dará una gratificacion a la persona que dé razon de un cholito de once á doce años, que se ha fugado el Domingo último a las nueve de la noche, lleva una camisa de olan […], pantalon de casimir doble, chaqueta de jénero azul, zapatos de bece..., y está recien peinado, se llama Cornelio Ma...; advirtiendo que la persona que lo oculte espondrá á pagar la multa, pues dicho muchacho ha sido entregado por sus padres. En la casa n°19 casa del Molino Quebrado. Se repite en El Comercio, n. 4752, 4 de junio de 1855, p.1.  ",,Cornelio Ma..,M,11 a 12 años,,cholito,,,,,,,,,,,,,,,,recien peinado,,,,,,,camisa de olan […],pantalon de casimir doble,zapatos de bece...,,,,,,,,chaqueta de jénero azul,11.5,Desconocido,Desconocido,Desconocido,Desconocido,Desconocido,Desconocido,Desconocido,Desconocido,Otros / Con señas o detalles,Desconocido,Casimir / Paño / Lana / Seda / Cordellate,Cholos/Chinas,2,1,0,0,5,0,3,3,5,4,5,2
294,1855-06-09,"A las 10 del dia Miercoles 6 del que rije se ha fugado de casa de sus patrones un cholito Segundo Ro.. de edad de 8 años; sus señales son: retaco y con una cicatriz […] debajo de la nariz […] al labio superior. Este muchacho se ha ido llevando 25$ en oro y unas al.. del valor de 40$. La persona que lo entregue ó dé razon la que lo ocultare quedará sujeta á las penas que le señala el reglamento de policia. Avisarán en el Callao en la calle Peligro n°160. Se repite en El Comercio, n. 4759, 13 de junio de 1855, p.1.  ",FUGA,Segundo Ro..,M,8 años,,cholito,retaco,,,,,,,,,,,,,,,,cicatriz […] debajo de la nariz […] al labio superior,,,,,,,,,,,,,,,,,8.0,Bajo / Pequeño,Desconocido,Desconocido,Desconocido,Desconocido,Desconocido,Desconocido,Desconocido,Desconocido,Desconocido,Desconocido,Cholos/Chinas,1,1,0,0,5,0,3,3,2,4,6,2
295,1855-06-14,"Al que dé noticia en esta imprenta del paradero de un cholito natural de Huaraz, nombrado Maximiliano, de 9 años de edad, pequeño de cuerpo, ojos pardos, buena cara, y tiene una señal infalible que es la de los […] de dientes de arriba. La persona que […] de este aviso, lo retenga en su poder y no lo entregue, sufrirá las penas que para estos casos señala en Reglamento de Policía. Se repite en El Comercio, n. 4761, 15 de junio de 1855, p.1, El Comercio, n. 4762, 16 de junio de 1855, p.1. ",SE OFRECE UNA GRATIFICACION,Maximiliano,M,9 años,Huaraz,cholito,pequeño de cuerpo,,buena cara,ojos pardos,,,,,,tiene una señal infalible que es la de los […] de dientes de arriba,,,,,,,,,,,,,,,,,,,,,,,,9.0,Bajo / Pequeño,Desconocido,Valoración estética,pardos,Desconocido,Desconocido,Desconocido,Desconocido,Desconocido,Desconocido,Desconocido,Cholos/Chinas,1,1,6,7,5,0,3,3,2,4,6,2
296,1855-07-11,"Se dara una buena gratificacion, a la persona que entregue ó dé razon del paradero de un cholito nombrado Vicente Zapata, de edad de 12 años, camisa de olan colorado, pantalon de casimir azul, sombrero de vicuña, que dado el viernes del presente se ha desaparecido cuya casa de patrones que es en la primera calle del Pe.. junto á la […]. De esto […] parte á la Policia y la persona que la oculte sera castigada según el Reglamento de Policia.  ",CALLAO OJO,Vicente Zapata,M,12 años,,cholito,,,,,,,,,,,,,,,,,,,,,,,camisa de olan colorado,pantalon de casimir azul,,,sombrero de vicuña,,,,,,,12.0,Desconocido,Desconocido,Desconocido,Desconocido,Desconocido,Desconocido,Desconocido,Desconocido,Desconocido,Camisa,Azul,Cholos/Chinas,2,1,0,0,5,0,3,3,2,0,2,2
297,1855-07-12,"El Miercoles 27 ha desaparecido de su casa en la E.. de Santa Clara n°1.., una cholita de edad de siete años, nombrada Andrea, recien traida dde Huancayo; se suplica á la que la tenga la entregue, pues hay […], advirtiendose que se ha dado parte a la Policia para que la persona que la re.. oculta […] dandose una gratificacion á quien la entregue. Se repite en El Comercio, n. 4785, 13 de julio de 1855, p.1.  ",,Andrea,F,7 años,Huancayo,cholita,,,,,,,,,,,,,,,,,,,,,,,,,,,,,,,,,,7.0,Desconocido,Desconocido,Desconocido,Desconocido,Desconocido,Desconocido,Desconocido,Desconocido,Desconocido,Desconocido,Desconocido,Cholos/Chinas,2,1,0,0,5,0,3,3,2,4,6,2
298,1855-09-01,"El Domingo 26 á las siete de la mañana se ha fugado una cholita de edad de ocho a nueve años de la tienda som.. frente á los C.. de Santo Tomas n°105, tiene las señales siguientes la cara llena de cicatrices, con un traje color morado, pañuelon de algodon de cuadros, la persona que diese razon será bien gratificado; advirtiendo a la persona que la tuviese oculta sera juzgado bajo el Reglamento de Policia.  ",,,F,8 a 9 años,,cholita,,,,,,,,,,,,,,,,,cara llena de cicatrices,,,,,,,,,,,pañuelon de algodon de cuadros,,,,,traje color morado,8.5,Desconocido,Desconocido,Desconocido,Desconocido,Desconocido,Desconocido,Desconocido,Desconocido,Desconocido,Desconocido,Desconocido,Cholos/Chinas,2,1,0,0,5,0,3,3,2,4,6,2
299,1855-09-18,"Se ha fugado de casa de sus patrona el dia 2 del presente mes, una cholita de edad de doce años nombrada Pascuala Espinosa: cuyas señales son las siguientes -Cara redonda, ojos grandes, nariz ñata, picada de viruelas; la cual va vestida con un traje de olan ..britilla con blanco, pañuelon de algodon […] con listas cabritillas, y zapatos de cordoban. Se suplica á la persona en cuyo poder se encuentre se sirva entregarla en la calle del Molino Quebrado casa n°20 en el principal, pues […] no lo hace quedará sujeta á las penas que señala el Reglamento de Policia. ",,Pascuala Espinosa,F,12 años,,cholita,,,cara redonda ,ojos grandes,,,nariz ñata,,,,,,,,,,,picada de viruelas,,,,,,,zapatos de cordoban,,,pañuelon de algodon […] con listas cabritillas,,,,,traje de olan ..britilla con blanco,12.0,Desconocido,Desconocido,Desconocido,grandes,Ñata,Desconocido,Desconocido,Desconocido,Desconocido,Desconocido,Desconocido,Cholos/Chinas,2,1,0,5,11,0,3,3,2,4,6,2
300,1855-10-31,"Ayer al medio dia se ha huido de la casa de su patrona una cholita como de nueve á diez años de edad nombrada Carlota Valentina, sus señales son las siguientes: traje amarillo con florecitas blancas y pañuelon aurora desteñido, media jibada, cara aguileña; la persona que la retenga en su poder se sujetará á las penas que previese el Reglamento de Policia y que la entregue ó dé razon de su paradero en esta imprenta se le dará una gratificacion.  ",,Carlota Valentina,F,9 a 10 años,,cholita,,media jibada,cara aguileña,,,,,,,,,,,,,,,,,,,,,,,,,pañuelon aurora desteñido,,,,,traje amarillo con florecitas blancas,9.5,Desconocido,Especial / Descriptivo,Forma geométrica / estructura,Desconocido,Desconocido,Desconocido,Desconocido,Desconocido,Desconocido,Desconocido,Desconocido,Cholos/Chinas,2,2,2,0,5,0,3,3,2,4,6,2
301,1856-01-02,"El dia 25 del pasado de las 6 á las 7 de la […], se ha perdido una cholita acabada de llegar de […], ocho á nueve años de edad, llamada Manuela, […]: boca grande, ojos muy vivos, y […] trage de olan blanco con flores moradas; […] una pañuelito […] sin zapatos, y no hablar castellano. Se previene á la persona que la hallado, la entregue en la dulcería calle de Espa.. dará una buena gratificacion. En caso contrario obligada á cagar todos los gastos que ocasione y […] sujerta á las penas que designa el reglamento de policia -Lima, Enero 2 de 1856. Se repite en El Comercio, n. 4928, 3 de enero de 1856, p.1, El Comercio, n. 4929, 4 de enero de 1856, p.1, El Comercio, n. 4930, 5 de enero de 1856, p.1, El Comercio, n. 4933l, 9 de enero de 1856, p.1.  ",PERDIDA,Manuela,F,8 a 9 años,,cholita,,,,ojos muy vivos,,,,boca grande,,,,,,,,,,,,,,,,,sin zapatos,,,una pañuelito […],,,,,trage de olan blanco con flores moradas,8.5,Desconocido,Desconocido,Desconocido,expresivos / forma especial,Desconocido,Grande / Bocona / Jetona / Hocicona,Desconocido,Desconocido,Desconocido,Desconocido,Desconocido,Cholos/Chinas,2,1,0,4,5,1,3,3,2,4,6,2
302,1856-04-04,"Una gratificacion á la persona que de razon del paradero de una muchacha de nueve años de edad nombrada Pata, natural de Huancayo tiene unas […] negras bajo los ojos y esta vestida con traje de olan morado con f.. […] y un pañuelo de los mismos colores, […] altos del Sr. […] Dávila n°2.  ",SE OFRECE,Pata,F,9 años,Huancayo,,,,,tiene unas […] negras bajo los ojos,,,,,,,,,,,,,,,,,,,,,,,,pañuelo de los mismos colores,,,,,traje de olan morado con f.. […],9.0,Desconocido,Desconocido,Desconocido,Desconocido,Desconocido,Desconocido,Desconocido,Desconocido,Desconocido,Desconocido,Desconocido,Desconocido,2,1,0,0,5,0,3,3,2,4,6,3
303,1856-05-24,A las personas que tengan en su poder á una cholita Felipa Merino de edad de trece años con un trage de […] morados que se ha huido el Domingo diez y ocho de éste; y no dé parte á su patrona que viven en la calle de la […] n°11.. será responsable á los perjuicios y á mas tendrá que sufrir las penas que la Intendencia impone en estos casos.  ,INTERESANTE,Felipa Merino,F,13 años,,cholita,,,,,,,,,,,,,,,,,,,,,,,,,,,,,,,,,trage de […] morados,13.0,Desconocido,Desconocido,Desconocido,Desconocido,Desconocido,Desconocido,Desconocido,Desconocido,Desconocido,Desconocido,Desconocido,Cholos/Chinas,2,1,0,0,5,0,3,3,2,4,6,2
304,1856-06-06,"El dos del presente se ha fugado de la casa de su patron un cholito llamándose Domingo, natural del Norte: las señales son revejido, ñato, cuando se rie se le hacen ollos en el carillo. La persona que lo tenga lo presentará en la calle de Zira.. n°123 y de no verificarlo así se le aplicará la multa segun el Reglamento de Policia. Junio 2 de 1856.  ",AVISO A LOS QUE SE OCULTAN,Domingo,M,,del Norte,cholito,,,"revejido, cuando se rie se le hacen ollos en el carillo",,,,ñato,,,,,,,,,,,,,,,,,,,,,,,,,,,Desconocido,Desconocido,Desconocido,Desconocido,Desconocido,Ñata,Desconocido,Desconocido,Desconocido,Desconocido,Desconocido,Desconocido,Cholos/Chinas,2,1,0,0,11,0,3,3,2,4,6,2
305,1856-06-06,"Ayer por la tarde se ha huido de casa de sus patrones un cholito nombrado Tiburcio. Su filiacion es esta: 13 años de edad, frente estrecha, ojos […], jeton y robusto. Se asegura haberse visto á un caballero, si asi merece llamarse el que […] á un domestico: á este tal ó cualquiera que sea el que lo tenga y no lo presente á la Policia […] de los gastos que se verifican para hablar dicho muchacho, fuera de la pena á que se hace acreedor por la transgresion de uno de los articulos del reglamento de policia. Ofrece una buena gratificacion á la persona que de noticia de él en la calle de San Juan de Dios n°4. ",AVISO,Tiburcio,M,13 años,,cholito,,robusto,,ojos […],,,,jeton,,,frente estrecha,,,,,,,,,,,,,,,,,,,,,,,13.0,Desconocido,Grueso / Gordo / Robusto,Desconocido,Desconocido,Desconocido,Desconocido,Estrecha / Hundida / Chata,Desconocido,Desconocido,Desconocido,Desconocido,Cholos/Chinas,2,3,0,0,5,0,4,3,2,4,6,2
306,1856-06-28,"Se ofrece una gratificacion a quien dé noticias de un cholito nombrado Juan M. Céspedes que se ha fugado de su casa el Jueves 26 del que rije á las ocho de la mañana: en la intelijencia que la persona que lo detuviese en su poder no diese aviso a sus patrones que viven en la cuadra de las Cabezas casa n°547 tendrá que subsanar los gastos que se ocasionen segun lo preser.. el Reglamento de Policia. Lima, á 27 de Junio de 1856.  ",,Juan M. Céspedes,M,,,cholito,,,,,,,,,,,,,,,,,,,,,,,,,,,,,,,,,,Desconocido,Desconocido,Desconocido,Desconocido,Desconocido,Desconocido,Desconocido,Desconocido,Desconocido,Desconocido,Desconocido,Desconocido,Cholos/Chinas,2,1,0,0,5,0,3,3,2,4,6,2
307,1856-07-29,"Se dá una onza de gratificacion á la persona que dé parte del paradero de una cholita que se ha perdido ahora cuatro dias llamada Tomasa, está vestida con traje café floreado y un manton azul, ella es pequeña, como de edad de once años. En esta imprenta se da á el aviso. Asi mismo se necesita una ama de leche que sea sana, á la cual se le pagará bien.   ",OJO,Tomasa,F,11 años,,cholita,,,,,,,,,,,,,,,,,,,,,,,,,,,,,manton azul,,,,traje café floreado,11.0,Desconocido,Desconocido,Desconocido,Desconocido,Desconocido,Desconocido,Desconocido,Desconocido,Desconocido,Desconocido,Desconocido,Cholos/Chinas,2,1,0,0,5,0,3,3,2,4,6,2
308,1856-08-13,"A la persona que dé razon en la casa número 2 calle de Marquén de Casa Boza, del paradero de una cholita llamada Santos, de 10 años de edad, tuerta del ojo izquierdo, gordita, pelona, con cicatriz en la cabeza, traje azul de género, que se ha desaparecido de su casa ayer pero por lo tarde. Se repite en El Comercio, n. 5112, 14 de agosto de 1856, p.1, El Comercio, n. 5115, 18 de agosto de 1856, p.1. ",SE OFRECE UNA GRATIFICACION,Santos,F,10 años,,cholita,,gordita,,tuerta del ojo izquierdo,,,,,,,,,,pelona,,,cicatriz en la cabeza,,,,,,,,,,,,,,,,traje azul de género,10.0,Desconocido,Grueso / Gordo / Robusto,Desconocido,defecto ocular,Desconocido,Desconocido,Desconocido,Pelona / Rapada / Sin pelo,Desconocido,Desconocido,Desconocido,Cholos/Chinas,2,3,0,3,5,0,3,5,2,4,6,2
309,1856-09-01,"El dia Sábado 30 del pasado ha fugado un cholito con unos reales que llevaba. La persona que lo tenga dará aviso en la calle del Cordoba número 24 en el principal y al que dé aviso de su paradero se le dará una gratificacion asi como el que lo ocultare se le impondrán las leyes que demar.. el Reglamento de Policia. Señas del muchacho natural de la provincia de Jauja, se llama Basilio, está todo pelado, lleva un pantalon de casimir gris, chaqueta de género pintado y sombrero blanco de paño, edad ocho á nueve años y entregado por sus padres.  ",,Basilio,M,8 a 9 años,Jauja,cholito,,,,,,,,,,,,,,todo pelado,,,,,,,,,,pantalon de casimir gris,,,sombrero blanco de paño,,,,,,,8.5,Desconocido,Desconocido,Desconocido,Desconocido,Desconocido,Desconocido,Desconocido,Pelona / Rapada / Sin pelo,Desconocido,Desconocido,Plomo / Gris,Cholos/Chinas,2,1,0,0,5,0,3,5,2,4,9,2
310,1856-09-01,"A las seis y media de la mañana de hoy ha desaparecido de la casa de sus patrones el muchacho Clemente Alvarez de diez ó once años de edad, color mestizo con una cicatriz en el carillo izquierdo, una argollita en la oreja derecha y varias roturas de […]; está vestido con chaqueta y pantalones de dril azul con […] blancas y sombrero de paja; se ha llevado cuatro cucharas de plata y un vestido nuevo que se le había hecho, compuesto de tuin de paño, cabri.. pantalon de casimir azul dibujado con negro y gorra de paño del […] color. La persona que lo entregue o dé noticia de su paradero en esta imprenta ó en la casa n°88 de la calle de las Mariquitas se lo gratificar; y la que lo compre en su servicio será responsable de las especies indicadas y acreedora á las personas que señala la Policia á quien el le ha avisado.  ",,Clemente Alvarez,M,10 a 11 años,,color mestizo,,,,,,,,,,,,,,,,,"cicatriz en el carillo izquierdo, varias roturas de […]",,,,,,,pantalones de dril azul con […] blancas,,,sombrero de paja,,argollita en la oreja derecha,,,,,10.5,Desconocido,Desconocido,Desconocido,Desconocido,Desconocido,Desconocido,Desconocido,Desconocido,Desconocido,Desconocido,Desconocido,Mestizos,2,1,0,0,5,0,3,3,2,4,6,5
311,1856-09-01,"Ayer Jueves 28 ha desaparecido de su casa una cholita llamada Lorenza, de edad de ocho á nueve años, del poder de su madrina, su señal infalibre es ser ñata muy ñata, pelaconcita. La persona que la tuviese podrá hacer el favor de entregarla a su madrina que actualmente la tenia: y si maliciosamente la tuviesen responderán por los cargos que se le haga; tambien la persona que diese razon de su paradero, tendrá una gratificacion. En la bo.. del Carmen darán razon. Se repite en El Comercio, n. 5127, 2 de septiembre de 1856, p.1. Lima Agosto 29 de 1856.   ",,Lorenza,F,8 a 9 años,,cholita,,,,,,,ñata muy ñata,,,,,,,pelaconcita,,,,,,,,,,,,,,,,,,,,8.5,Desconocido,Desconocido,Desconocido,Desconocido,Ñata,Desconocido,Desconocido,Pelona / Rapada / Sin pelo,Desconocido,Desconocido,Desconocido,Cholos/Chinas,2,1,0,0,11,0,3,5,2,4,6,2
312,1856-09-01,"Hoy 28 de Agosto se ha huido de la casa de la señora Doña Manuela Rodríguez del Portillo en la calle del Coreobeado n°19, un cholito de la edad de 10 años, se llama Toribio y es natural del pueblo de Lampian en la provincia de Huanuco; lleva ropa de color plomo, y un gorro de paño azul. Como este muchacho ha sido colocado en la referida casa por sus padres, se suplica á la persona en cuya casa se halle actualmente, tenga la bondad de hacerlo remitir a su patrona, pues de lo contrario incurrirá en las penas que señala el reglamento de Policia en este caso. La persona que lo entregue ó dé razon de su paradero será gratificado.   ",AVISO,Toribio,M,10 años,pueblo de Lampian en la provincia de Huanuco,cholito,,,,,,,,,,,,,,,,,,,,,,,,,,,gorro de paño azul,,,,,,,10.0,Desconocido,Desconocido,Desconocido,Desconocido,Desconocido,Desconocido,Desconocido,Desconocido,Desconocido,Desconocido,Desconocido,Cholos/Chinas,2,1,0,0,5,0,3,3,2,4,6,2
313,1856-09-02,El 27 del actual se ha perdido un cholito de edad de 8 años llamado Cecilio Romero está vestido con chaqueton pantalon negro y […] rosada la persona que lo tubiese ocurra á la calle de Judios número 103 á donde se le dará una gratificacion.  ,,Cecilio Romero,M,8 años,,cholito,,,,,,,,,,,,,,,,,,,,,,,,pantalon negro,,,,,,,,,,8.0,Desconocido,Desconocido,Desconocido,Desconocido,Desconocido,Desconocido,Desconocido,Desconocido,Desconocido,Desconocido,Negro,Cholos/Chinas,2,1,0,0,5,0,3,3,2,4,7,2
314,1856-09-03,"Se dará una buena gratificacion á la persona que dé razon de una cholita vestida de negro llamada Francisca Torres y recortado el pelo; y tambien de un cholito con una polaca de jacinto de lana con granos de vacuna llamado Feliz Torres los dos hermanos; la muger tiene 10 años, y el hombre 5 años que se desaparecieron ayer á las 6 y media de la tarde; la persona que les tenga ó dé razon ocurra á la imprenta que se le dará razon de la casa de los muchachos. Se repite en El Comercio, n. 5129, 4 de septiembre de 1856, p.1.  ",AVISO AL PUBLICO,Francisca Torres y Feliz Torres,F,10 y 5 años,,cholitos,,,,,,,,,,,,,,recortado el pelo,,,,,,,,,,,,,,,,,,,polaca de jacinto de lana con granos de vacuna,10.5,Desconocido,Desconocido,Desconocido,Desconocido,Desconocido,Desconocido,Desconocido,Corto / Cortado / Recortado,Desconocido,Desconocido,Desconocido,Desconocido,2,1,0,0,5,0,3,2,2,4,6,3
315,1856-09-23,"Se ofrece á la persona que dé razon en la casa de Boza situada en la esquina de la calle de este nombre, de una cholita de edad como de diez años, cuyas señales son las siguientes: tuerta del ojo derecho, pelo corto, un lunar entre las cejas, cara redonda, lleva su saco color amarillento y un pañuelo cabritilla con cuadros colorados. Se llama Santos, pero entiende por Santoza.  ",UNA GRATIFICACION,Santos,F,10 años,,cholita,,,cara redonda ,tuerta del ojo derecho,,,,,,,,,,pelo corto,,,,,un lunar entre las cejas,,,,,,,,,pañuelo cabritilla con cuadros colorados,,,,,,10.0,Desconocido,Desconocido,Desconocido,defecto ocular,Desconocido,Desconocido,Desconocido,Corto / Cortado / Recortado,Desconocido,Desconocido,Desconocido,Cholos/Chinas,2,1,0,3,5,0,3,2,2,4,6,2
316,1856-09-27,"En la tarde de ayer Viernes, ha fugado de casa de sus patrones una cholita llamada Maria, despues de haberse robado algunas monedas de oro y plata. Es de ocho á diez años de edad y tiene en un ojo una especie de orzuelo y es algo legañocita. Se previene á la persona que la retenga, que se le hará efectiva la responsabilidad que para tales casos designa la ley; y se ofrece á quien dé aviso de su paradero en la calle de Piedra n°129, que se le dará una gratificacion. Se repite en El Comercio, n. 5148, 29 de septiembre de 1856, p.4.  ",OJO,Maria,F,9 a 10 años,,cholita,,,,en un ojo una especie de orzuelo y es algo legañocita,,,,,,,,,,,,,,,,,,,,,,,,,,,,,,9.5,Desconocido,Desconocido,Desconocido,defecto ocular,Desconocido,Desconocido,Desconocido,Desconocido,Desconocido,Desconocido,Desconocido,Cholos/Chinas,2,1,0,3,5,0,3,3,2,4,6,2
317,1856-11-24,"Se dará á la persona que dé razon del paradero de un cholito de once á doce años nombrado Apolinario Guillermo, natural del pueblo de Concepcion de la provincia de Jauja: que se ha huido de casa de sus patrones, á cuyo cargo lo depositaron sus padres. Lleva chaqueton azul, pantalon de lo mismo y un sombrero de Alcora. Advirtiendose á la tienda de comercio de la bajada del Puente signada con el número 247 junto á la botica.  ",UNA GRATIFICACION,Apolinario Guillermo,M,11 a 12 años,pueblo de Concepcion de la provincia de Jauja,cholito,,,,,,,,,,,,,,,,,,,,,,,,pantalon azul,,,sombrero de Alcora,,,,,,,11.5,Desconocido,Desconocido,Desconocido,Desconocido,Desconocido,Desconocido,Desconocido,Desconocido,Desconocido,Desconocido,Azul,Cholos/Chinas,2,1,0,0,5,0,3,3,2,4,2,2
318,1856-11-26,"Se ha fugado de la casa n° 1..9 esquina de Valladolid, una chola como de quince años nombrada María de la Cruz, baja de cuerpo y sin pelo alguno. Se hace presente este suceso, para que nadie la oculte ni apañe, ni puede ser admitida al servicio de ninguna casa, pues de lo contrario se hará efectiva la responsabilidad y multa que designa el reglamento de Policía para tales casos.  ",,María de la Cruz,F,quince años,,,Baja de cuerpo,,,,,,,,,,,,,Sin pelo alguno,,,,,,,,,,,,,,,,,,,,15.0,Desconocido,Desconocido,Desconocido,Desconocido,Desconocido,Desconocido,Desconocido,Desconocido,Desconocido,Desconocido,Desconocido,Desconocido,2,1,0,0,5,0,3,3,2,4,6,3
319,1856-11-26,"A las siete de la noche de ayer 23, se ha fugado de casa de sus patronas una muchacha llamada Estefa, cuyas señales son las siguientes: -mestiza como de catorce años de edad, de tamaño regular, gordita, está vestida con ropa oscura, y habla bastante regular el castellano sin embargo de notarse que es de la Sierra.  
Se previene á la persona que sepa de su paradero, que dé razon en el principal de la casa del […], calle de la Pileta de Santo Domingo, donde recibirá una gratificacion.  
",AVISO,Estefa,F,catorce años,La Sierra,,Tamaño regular,Gordita,,,,,,,,,,,,,,,,,,,,,Ropa oscura,Ropa oscura,,,,,,,,,,14.0,Desconocido,Desconocido,Desconocido,Desconocido,Desconocido,Desconocido,Desconocido,Desconocido,Desconocido,Desconocido,Desconocido,Desconocido,2,1,0,0,5,0,3,3,2,4,6,3
320,1857-01-03,"Se dá una gratificacion á la persona que de noticia del paradero de un cholito que se salió ayer mañana Domingo de la casa n°285 calle de […] que hace dos dias habia llegado de Huancayo nombrado Eujenio […], habla el castellano, con […] de listas pantalon de casimir, zapatos de obra fina y sombrero plomo. Se infiere que habiendo salido á la calesin ser visto se ha estraviado por no tener conocimiento de […] no de ninguna persona.  ",,Eujenio,M,,Huancayo,,,,,,,,,,,,,,,,,,,,,,,,,Listas pantalon de casimir,Zapatos de obra fina,,Sombrero plomo,,,,,,,Desconocido,Desconocido,Desconocido,Desconocido,Desconocido,Desconocido,Desconocido,Desconocido,Desconocido,Desconocido,Desconocido,Desconocido,Desconocido,2,1,0,0,5,0,3,3,2,4,6,3
321,1857-01-28,"El 14 del presente se ha salido de su casa la chola Dominga Cruz, es jaujina de catorce años á quince años, de cuerpo baja de cuerpo mas gorda que flaca, algo […] de pescuezo, cara ancha, frente chica, dos trozos largas, nariz un poco chata, ojos grande, bocona, quien la presente ó dé razon de su paradero, se le dará una buena gratificacion. En la imprenta darán razon. ",,Dominga Cruz,F,quince a catorce años,Jauja,,Baja de cuerpo,Más gorda que flaca,Ancha,Grandes,,,Un poco chata,Bocona,,,Chica,,,,,,,,,,,,,,,,,,,,,,,14.5,Desconocido,Desconocido,Desconocido,Desconocido,Desconocido,Desconocido,Desconocido,Desconocido,Desconocido,Desconocido,Desconocido,Desconocido,2,1,0,0,5,0,3,3,2,4,6,3
322,1857-02-09,"De casa de sus patrones, el indígena Rudelindo Espinoza de 10 á 12 años de edad, y vestido con un pantalon color oscuro, y camisa de listado azul. No tiene parientes, y se previene á la persona que lo haya inquietado para que se salga de la casa en donde estaba, que de no entregarlo á la Intendencia de Policia, ó en la calle de San Jacinto n°16 casa de E. Correa, será responsable á los cargos que señala el Reglamento de Policia.  

El que diere aviso de su paradero será gratificado.  ",SE HA FUGADO,Rudelindo Espinoza,M,doce a diez años,,,,,,,,,,,,,,,,,,,,,,,,,Camisa de listado azul,Pantalón oscuro,,,,,,,,,,Desconocido,Desconocido,Desconocido,Desconocido,Desconocido,Desconocido,Desconocido,Desconocido,Desconocido,Desconocido,Desconocido,Desconocido,Desconocido,2,1,0,0,5,0,3,3,2,4,6,3
323,1857-02-27,"Se da una gratificacion á la persona que entregue ó dé razon de un cholito nombrado Patricio, que se perdió el Sabado 21 del presente en la tarde, de la calle de […] de San Pedro, sus señales son las siguientes, de edad de ocho á diez años, cabezon, cara redonda, ojos pequeños, ñato, con un sombrero de paja ordinario, pantalon y chaqueta de dril de listas […], sin zapatos, camisa de color morado, pueden ocurrir á la calle de San Pedro casa n°31en los altos.  ",,Patricio,M,diez a ocho años,,,,,Redonda,Pequeños,,,Ñato,,,,,,,,,,,,,,,,Camisa de color mmorado,Pantalon de dril de listas,Sin zapatos,,Sombrero de paja  ordinario,,Chaqueta de dril de listas,,,Cabezon,,9.0,Desconocido,Desconocido,Desconocido,Desconocido,Desconocido,Desconocido,Desconocido,Desconocido,Desconocido,Desconocido,Desconocido,Desconocido,2,1,0,0,5,0,3,3,2,4,6,3
324,1857-03-03,"Quien hubiese hallado un muchacho mestizo de seis á siete años nombrado Nicanor, que se ha perdió ayer tarde de San Juan de Dios a la […], avisará en esta Imprenta que se le indique su patron á quien hay que entregarlo. Su vestido es un tuí de cuadritos blancos y negros y panatalon de […] oscuro; sus señales ñato, piernas algo torcidas y mudando la dentadura. La intendencia esta ya avisada por lo que puede ocurrir.  ",PERDIDA,Nicanor,M,siete a seis años,,,,,,,,,Ñato,,,Mudando la dentadura,,,,,,,,,,,,,,Pantalon oscuro,,,,,Tui de cuadritos blancos y negros,,,,,6.5,Desconocido,Desconocido,Desconocido,Desconocido,Desconocido,Desconocido,Desconocido,Desconocido,Desconocido,Desconocido,Desconocido,Desconocido,2,1,0,0,5,0,3,3,2,4,6,3
325,1857-03-16,"Anoche un cholito recien llegado del Cerro Pasco, se llama Espiritu de edad de seis á siete años, vestido de un pantalon de […], chaleco negro, camisa blanca, es muy gordito, tiene […], señal de dos […], la persona que lo hubiera hallado, tendrá á bien avisar á la calle de Judios n°140 […] recibirá una gratificacion correspondiente; y las personas que lo detuvieren sufrirán los juicios señalados por los […] de Policia.  

 
 ",SE HA PERDIDO,Espiritu,M,siete a seis años,,,,Muy gordito,,,,,,,,,,,,,,,,,,,,,Camisa blanca,Pantalon de ...,,,,,Chaleco negro,,,,,6.5,Desconocido,Desconocido,Desconocido,Desconocido,Desconocido,Desconocido,Desconocido,Desconocido,Desconocido,Desconocido,Desconocido,Desconocido,2,1,0,0,5,0,3,3,2,4,6,3
326,1857-03-18,"A las doce del dia de hoy se ha fugado del establecimiento de planos de la calle de Plateros un cholito de edad de 9 á 10 años y se llama José Ñunez. Sus señales son -Ojos rasgados grandes,boca regular, labios delgados, pelo indio un poco castaño, gordito y vá vestido con calzon de paño oscuro, camisa blanca floreada de azul y sin sombrero. La persona que lo retenga y no lo entregue viendo este aviso; quedará sujeta á las penas que impone el Reglamento de Policia, estando esta encargado de buscarlo. Quien lo entregue ó dé razon de él, ocurra al indicado establecimiento que recibirá una gratificacion. ",,José Ñunez,M,diez a nueve años,,,,Gordito,,Rasgados grandes,,,,Regular,Delgados,,,,Pelo indio un poco castaño,,,,,,,,,,Camisa blanca floreada de azul,Calzon de paño oscuro,,,Sin sombrero,,,,,,,9.5,Desconocido,Desconocido,Desconocido,Desconocido,Desconocido,Desconocido,Desconocido,Desconocido,Desconocido,Desconocido,Desconocido,Desconocido,2,1,0,0,5,0,3,3,2,4,6,3
327,1857-04-08,"Se dará una gratificacion á la persona que entregue en los altos de la panaderia del Ancla á un cholito llamado Lázaro, de edad de siete años que se desapareció del lado de su patrona el dia cinco del presente; le faltan dos dientes, tiene el pelo corto y erizado y está enfermo con […]. Advirtiendose, que la persona que lo oculte sufrirá la pena que señala el Reglamento de Policia.  ",,Lázaro,M,siete años,,,,,,,,,,,,Le faltan dos dientes,,,,Corto,Erizado,,,,,,,,,,,,,,,,,,,7.0,Desconocido,Desconocido,Desconocido,Desconocido,Desconocido,Desconocido,Desconocido,Desconocido,Desconocido,Desconocido,Desconocido,Desconocido,2,1,0,0,5,0,3,3,2,4,6,3
328,1857-05-02,El 27 de Abril se ha salido un cholito llamado Cruz de edad de 12 años de mi casa calle de las Cha.. n°89 la persona que lo tenga en su poder será responsable á los cargos que se han de hacer y se sujetará al reglamento de Policía.  ,,Cruz,M,doce años,,,,,,,,,,,,,,,,,,,,,,,,,,,,,,,,,,,,12.0,Desconocido,Desconocido,Desconocido,Desconocido,Desconocido,Desconocido,Desconocido,Desconocido,Desconocido,Desconocido,Desconocido,Desconocido,2,1,0,0,5,0,3,3,2,4,6,3
329,1857-05-02,"AVISO. Desde el dia 23 del presente, se ha perdido un cholito nombrado Julian de edad de ocho á nueve años, el que salió de su casa vestido con camisa rosada, pantalon de paño azul y sombrero de paja. La persona que lo oculte pagará la multa de costumbre. Lo entregarán en la casa n°86 de la calle Urrutia.  ",,Julian,M,nueve a ocho años,,,,,,,,,,,,,,,,,,,,,,,,,Camisa rosada,Pantalón de paño azul,,,Sombrero de paja,,,,,,,8.5,Desconocido,Desconocido,Desconocido,Desconocido,Desconocido,Desconocido,Desconocido,Desconocido,Desconocido,Desconocido,Desconocido,Desconocido,2,1,0,0,5,0,3,3,2,4,6,3
330,1857-05-06,"Se ofrece una onza de gratificacion á la persona que dé razon de una cholita llamada Tomasa y por otro nombre Manonge, de edad de once años, que desapareció el dia cinco de este mes á las ocho de la mañana de la casa numero 21 calle de Mascaron á donde se dará el aviso ó a la Policia -Sus señales son- Narigona achatada, pelo corto, una lacra en la frente, un lunar en la ceja, y en medio de la frente otro lunar, en la mano derecha otra lacra, ojos pequeños, boca grande, manton de merino color tambo con flores moradas, trage de cambray desteñido, zapatos de cordoban, enferma de ter..-Se ha dado parte á la Policia, y si despues de este aviso lo ocultan faltando al decoro que se les impone las leyes del caso, serán responsables de todos los resultados, y perseguidos por la persona á quien pertenece la cholita cuzqueña.  ",OJO,Tomasa Manonge,F,once años,,,,,,Pequeños,,,Naringona achatada,Grande,,,,,,,,,"Lacra en la frente, lacra en la mano derecha",,"Lunar en la ceja, en medio de la frente otro lunar",,,,,,Zapatos de cordoban,,,,Manton de merino color tambo con flores moradas,,,,Traje de cambray desteñido,11.0,Desconocido,Desconocido,Desconocido,Desconocido,Desconocido,Desconocido,Desconocido,Desconocido,Desconocido,Desconocido,Desconocido,Desconocido,2,1,0,0,5,0,3,3,2,4,6,3
331,1857-05-13,"El Domingo 10 á las 2 de la tarde se ha perdido un muchacho de edad de 10 á 1.. años boca grande, ojos chicos, cholito con un golpe en la frente y otro en el carillo en camisa y medio sonsito el que lo encuentre ó dé razon de él se le dará una gratificacion: en la imprenta darán razon.",OJO AL AVISO,,M,diez años,,,,,,Chicos,,,,Grande,,,,,,,,,Golpe en la frente y otro en el carrillo,,,,,,Camisa,,,,,,,,,,,10.0,Desconocido,Desconocido,Desconocido,Desconocido,Desconocido,Desconocido,Desconocido,Desconocido,Desconocido,Desconocido,Desconocido,Desconocido,2,1,0,0,5,0,3,3,2,4,6,3
332,1857-05-19,"El Sábado de cinco á seis de la tarde de la esquina de San Agustin á la de Calonje y Concha, ha sido robada una capa de terciopelo que llevaba en la cabeza una chola de doce años, y se la quitó una mujer de color. Las señales de la capa son las siguientes: de terciopelo negro con vueltas de […] de cuadritos negro con blanco y forrada de felpa blanca de carton. La persona que deé noticia de dicha capa ocurra á la panaderia del Puente en los altos.",GRATIFICACION,,,,,,,,,,,,,,,,,,,,,,,,,,,,,,,,,,,,,,,Desconocido,Desconocido,Desconocido,Desconocido,Desconocido,Desconocido,Desconocido,Desconocido,Desconocido,Desconocido,Desconocido,Desconocido,Desconocido,2,1,0,0,5,0,3,3,2,4,6,3
333,1857-06-02,"El Domingo en la noche, como á las siete y media una muchacha de catorce á quince años, cholita, y vestida con pañuelon jacinta y traje viejo de cambray blanco; tiene en la cara un lunar de carne. La persona que supiese de su paradero dará razon en casa de Tagle, en los altos y recibirá gratificacion. Se repite en El Comercio, n. 5356, 3 de junio de 1857, p.1.",SE HA FUGADO,,F,quince a catorce años,,,,,,,,,,,,,,,,,,,,,Lunar de carne en la cara,,,,,,,,,Pañuelon jacinta ,,,,,Traje viejo de cambray blanco,14.5,Desconocido,Desconocido,Desconocido,Desconocido,Desconocido,Desconocido,Desconocido,Desconocido,Desconocido,Desconocido,Desconocido,Desconocido,2,1,0,0,5,0,3,3,2,4,6,3
334,1857-07-03,"Se da á la persona que presente ó dé razon en la calle de Urrutia casa n°36 ó en la Joyeria Espaderos n°186 de un cholito llamado Julian de 8 á 9 años de edad, que fugó el 29 de Junio último. Iba vestido con pantalon de casimir plomo, tuin de dril á cuadros y sombrero de paja; advirtiendose que la persona que lo retenga oculto, pagará la multa de costumbre. Se repite en El Comercio, n. 5382, 4 de julio de 1857, p.1.  ",UNA GRATIFICACION,Julian ,M,nueve a ocho años,,,,,,,,,,,,,,,,,,,,,,,,,,Pantalon de casimir plomo,,,Sombrero de paja,,Tuin de dril a cuadros,,,,,8.5,Desconocido,Desconocido,Desconocido,Desconocido,Desconocido,Desconocido,Desconocido,Desconocido,Desconocido,Desconocido,Desconocido,Desconocido,2,1,0,0,5,0,3,3,2,4,6,3
335,1857-07-04," En la pasteleria de Copacabana se ha aparecido un cholito de edad de nueve á diez años buscando acomodo. La persona que sea su patron ocurrirá á dicha pasteleria donde se le entregará inmediatamente que dén señales individuales de dicho menor pagado al mismo tiempo el importe de dicho aviso.  

 ",,,M,diez a nueve años,,,,,,,,,,,,,,,,,,,,,,,,,,,,,,,,,,,,9.5,Desconocido,Desconocido,Desconocido,Desconocido,Desconocido,Desconocido,Desconocido,Desconocido,Desconocido,Desconocido,Desconocido,Desconocido,2,1,0,0,5,0,3,3,2,4,6,3
336,1857-07-07,"Hacen […] dias que se ha desaparecido de la casa del Dr. La Puente, esta en la cuadra de la Milla n°120 un cholito doméstico de edad de nueve años, nombrado Gregorio Lopez. La persona que lo retenga […] de la multa que ha incurrido, segun el reglamento de Policia, si no hace oportuna entrega de él. Las señales particulares que tiene son dos lunares sobre salientes en las orejas. El que dé razon de su paradero será bien gratificado.  ",AVISO,Gregorio Lopez,M,nueve años,,,,,,,,,,,,,,,,,,,,,,,,,,,,,,,,,,,,9.0,Desconocido,Desconocido,Desconocido,Desconocido,Desconocido,Desconocido,Desconocido,Desconocido,Desconocido,Desconocido,Desconocido,Desconocido,2,1,0,0,5,0,3,3,2,4,6,3
337,1857-07-07,"El 12 del presente se ha huido de poder de su patron un cholito nombrado Estevan. Sus señales son las siguientes -Cara redonda, ojos negros, cejas regulares, edad de 9 á 10 años, tiene el tobillo de un pié salido, los dientes unos sobre otros y una cicatriz en la cabeza donde no se le sale pelo. La persona que lo retenga será responsable conforme al Reglamento de Policia, de los perjuicios que ocasione a su patron. En la calle del Capon n°52 se dará una gratificacion á la persona que lo entregue ó dé razon de su paradero.",,Estevan,M,diez a nueve años,,,,,Redonda ,Negros,Regulares,,,,,Dientes unos sobre otros,,,,,,,En la cabeza donde no le sale pelo,,,,,,,,,,,,,,,,,9.5,Desconocido,Desconocido,Desconocido,Desconocido,Desconocido,Desconocido,Desconocido,Desconocido,Desconocido,Desconocido,Desconocido,Desconocido,2,1,0,0,5,0,3,3,2,4,6,3
338,1857-07-15,"Ayer se ha fugado de casa de su patron un cholito de edad de doce años, nombrado Manuel Garay, llevándose una pipa pequeña de cargar agua, es de casta indígena, de cara abultada, color trigueño y se halla vestido con pantalón y de tuin de un género de cuadritos oscuro -Su patron vive en los bajos de la casa calle del Pozuelo de Santo Domingo n°180 donde lo podrá entregar la persona que lo tenga, en inteligencia que ya se ha dado á la Policia y la persona que lo oculte será responsable de los perjuicios que resultan.  ",MUCHACHO PERDIDO,Manuel Garay,M,doce años,,Trigueño,,Abultada,,,,,,,,,,,,,,,,,,,,,,Pantalon ,,,,,Tuin de género de cuadritos,,,,,12.0,Desconocido,Desconocido,Desconocido,Desconocido,Desconocido,Desconocido,Desconocido,Desconocido,Desconocido,Desconocido,Desconocido,Desconocido,2,1,0,0,5,0,3,3,2,4,6,3
339,1857-07-15,"Se ha perdido un cholito llamado Gregorio, el dia Lunes 13 del corriente, desde el […] hasta el hotel Maury calle de Bodegones; llevando […] una docena medias de algodon y media docena de camisetas de franela, hace tres dias que acaba de llegar de la Sierra. Sus señales son -Ocho años de edad, bajito de cuerpo, boca grande, vestido de un pantalon de dril plomo, un saco de merino negro con las […] de pana y una gorrita azul. Se suplica á la persona que lo tenga en su poder ó que sepa su paradero, lo entregue en el expresado hotel habitacion n°11 se le dará una gratificacion, y el que lo oculte maliciosamente se le hace responsable de los cargos que pudieren resultar. Lima y Julio catorce de mil ochocientos cincuenta y ocho.  ",AVISO,Gregorio,M,ocho años,la Sierra,,Bajito de cuerpo,,,,,,,Grande,,,,,,,,,,,,,,,,Pantalon de dril plomo,,,Gorrita azul,,Saco de merino negro,,,,,8.0,Desconocido,Desconocido,Desconocido,Desconocido,Desconocido,Desconocido,Desconocido,Desconocido,Desconocido,Desconocido,Desconocido,Desconocido,2,1,0,0,5,0,3,3,2,4,6,3
340,1857-07-29,"En la noche del 24 de esta, se ha fugado de la casa de su patrona, una muchacha llamada Andrea, llevandose algunas especies. Se previene á la persona que la hubiese ocultado, la entregue en la casa n°6 calle de Zárate, donde se le dará una gratificacion; pues de lo contrario sufrirá la multa que previene el reglamento de Policia, abonando ademas los daños y perjuicios ocasionados. Ella es india pura, pelo corto, baja y ancha de cuerpo, labios gruesos y algo borrada.  ",NOTICIA FRESCA,Andrea,F,,,,Baja de cuerpo,Ancha de cuerpo,,,,,,,Gruesos,,,,,,,,,Borrada,,,,,,,,,,,,,,,,Desconocido,Desconocido,Desconocido,Desconocido,Desconocido,Desconocido,Desconocido,Desconocido,Desconocido,Desconocido,Desconocido,Desconocido,Desconocido,2,1,0,0,5,0,3,3,2,4,6,3
341,1857-07-31,"El dia 18 de Julio actual se ha fugado el chino asiatico Acay, de la propiedad del Hospital de Guadalupe, cuya corpora.. es -alto, gordo, caricatura de indio chuncho, mayor de cuarenta años; se sabe que está en el Callao, por lo que se previene a la persona que lo haya admitido, […] acerque á la casa del señor D. Manuel Antonio Mendiola, mayordomo de dicho Hospital, con quien podrán traspasar su escritura, y en caso de encontrarlo, se suplica, den aviso de su paradero para ocurrir por él.  ",,Acay,M,mayor de cuarenta años,Chino asiático,,Alto,Gordo,,,,,,,,,,,,,,,,,,,,,,,,,,,,,,,,40.0,Desconocido,Desconocido,Desconocido,Desconocido,Desconocido,Desconocido,Desconocido,Desconocido,Desconocido,Desconocido,Desconocido,Desconocido,2,1,0,0,5,0,3,3,2,4,6,3
342,1857-07-31,"En la casa n° 1412 calle del Mar Bravo se dará una gratificacion á la persona que dé noticia ó entregue á un cholito que se ha fugado el dia 24 de Julio: es de edad de doce años, le falta la mitad del dedo pulgar de la mano izquierda y se llama Antonio Bugario.",CALLAO-AVISO,Antonio Bugario,M,doce años,,,,,,,,,,,,,,,,,,,,,,,,Le falta la mitad del dedo pulgar de la mano izquierda,,,,,,,,,,,,12.0,Desconocido,Desconocido,Desconocido,Desconocido,Desconocido,Desconocido,Desconocido,Desconocido,Desconocido,Desconocido,Desconocido,Desconocido,2,1,0,0,5,0,3,3,2,4,6,3
343,1857-08-01,"El 30 de Julio actual se ha fugado la cholita Rosa Valdes de casa de su patrona, cuyas señales son: cara redonda, ojos pequeños y vivos, nariz ñatita, boca pequeña, estatura pequeña y gorda, edad 20 años. La persona que la retenga, será responsable conforme al Reglamento de Policia, de los perjuicios que […] á su patrona. En la calle de San Diego n°251 se dará una gratificacion á la persona que la entregue ó dé razon de su paradero.",,Rosa Valdes,F,veinte años,,,Estatura pequeña,Gorda,Redonda,Pequeños y vivos,,,Ñatita,Pequeña,,,,,,,,,,,,,,,,,,,,,,,,,,20.0,Desconocido,Desconocido,Desconocido,Desconocido,Desconocido,Desconocido,Desconocido,Desconocido,Desconocido,Desconocido,Desconocido,Desconocido,2,1,0,0,5,0,3,3,2,4,6,3
344,1857-08-05,"Se ofrece una buena gratificación á la persona que dé razon de un cholito llamado Pedro Sifuentes, de edad de 8 á 9 años, que ayer en la tarde en la tarde fué desaparecido de una bodega, con una canasta con botellas, que habiendole sido robada se ha ocultado. En la calle de San Andrés n°42 puede avisar la persona que lo tuviere. Agosto 2 de 1857. ",,Pedro,M,nueve a ocho años,,,,,,,,,,,,,,,,,,,,,,,,,,,,,,,,,,,,8.5,Desconocido,Desconocido,Desconocido,Desconocido,Desconocido,Desconocido,Desconocido,Desconocido,Desconocido,Desconocido,Desconocido,Desconocido,2,1,0,0,5,0,3,3,2,4,6,3
345,1857-08-07,"El 31 el mes que aspira Julio, en la noche, se ha fugado una cholita llamada Tomasa, y por otro nombre Manonga, de edad de once años -Sus señales son- nariz chata, boca grande, ojos pequeños, cabeza pelada, lacra en la frente y otra en la mano, traje negro de olan, pañuelon color […] con negro, ha robado la cholita, y lleva consigo dos anillos y un prendedor de diamantes de rosa -Se ha dado parte á la Intendencia. La persona que encubra a la fugitiva, es responsable de todo y será perseguida con el rigor de las leyes del caso-El aviso se dará a la Policia, ó en la calle del Mascaron número 24 donde recibirá la gratificacion correspondiente.  ",OJO Y OJO UNA BUENA GRATIFICACION,Tomasa Manonga,F,once años,,,,,,Pequeños,,,Chata,Grande,,,,,,Cabeza pelada,,,Lacra en la frente y otra en la mano,,,,,,,,,,,Pañuelon color ... con negro,,,,,Traje de negro de olan,11.0,Desconocido,Desconocido,Desconocido,Desconocido,Desconocido,Desconocido,Desconocido,Desconocido,Desconocido,Desconocido,Desconocido,Desconocido,2,1,0,0,5,0,3,3,2,4,6,3
346,1857-08-14,"En dias pasados se ha perdido una cholita del Cerro Pasco en el tránsito de San José al Carmen, y se ofreció por este diario una gratificacion al que diese razon en la tienda número 18 Portal Botoneros. Se previene pues al que lo tenga, que el aviso debe darlo, no en la referida tienda, sino en la dulceria de Espaderos, frente á la fonda de Coppola. ",,,F,,Cerro Pasco,,,,,,,,,,,,,,,,,,,,,,,,,,,,,v,,,,,,Desconocido,Desconocido,Desconocido,Desconocido,Desconocido,Desconocido,Desconocido,Desconocido,Desconocido,Desconocido,Desconocido,Desconocido,Desconocido,2,1,0,0,5,0,3,3,2,4,6,3
347,1857-08-31,"Se dá a la persona que entregue ó dé razon de una muchachita que se perdió ayer á las nueve del dia en el tránsito de Guadalupe á la plaza de Santo Tomás. Sus señales son: color india, cara redonda, pelona y cojita, y de edad de doce años; ya vestida con traje de color cabritilla, pañuelon azul de lana, sin zapatos y lleva una canastita en el […]. En la huerta del Noviciado vive su madre y se llama Maria Valencia. ",UNA GRATIFICACION,Maria Valencia,F,doce años,,India,,,Redonda,,,,,,,,,,,Pelona,,,,,,,,,,,Sin zapatos,,,Pañuelon azul de lana,Canastita,,,,Traje de color cabritilla,12.0,Desconocido,Desconocido,Desconocido,Desconocido,Desconocido,Desconocido,Desconocido,Desconocido,Desconocido,Desconocido,Desconocido,Desconocido,2,1,0,0,5,0,3,3,2,4,6,3
348,1857-09-01,"Hace cinco dias se ha perdido un cholito llamado Manuel Jauri y Cabezas de 10 á 11 años, berrigon, gordo rechoncho y cuadrado, recien llegado de Tar.., habla castellano y quechua; se salió llevandose hasta su cama. La persona que lo haya recibido ocurra á esta gratificacion, de lo contrario incurrirá en las penas que designa el reglamento de policia donde se le ha avisado. ",CHOLITO PERDIDO,Manuel Jauri,M,doce a diez años,Tar...,,,"Berrigon, rechoncho y cuadrado",,,,,,,,,,,,,,,,,,,,,,,,,,,,,,,,Desconocido,Desconocido,Desconocido,Desconocido,Desconocido,Desconocido,Desconocido,Desconocido,Desconocido,Desconocido,Desconocido,Desconocido,Desconocido,2,1,0,0,5,0,3,3,2,4,6,3
349,1857-09-04,"A la persona que dé aviso del paradero de una cholita nombrada Rosa de edad de 9 años, que en la mañana del 29 de Agosto último se ha salido de la casa n°193 calle de Velen, lleva un traje amarillo floreado, sin pañuelon y el pelo recortado […] peluca. Se previene á la persona que la tenga oculta, que se puesta en dicha casa de su padre y que á este se le va á hacer venir y que demas de la multa que señala el reglamento se le hace responsable de gastos y perjuicios.  ",UNA ONZA DE GRATIFICACION ,Rosa,F,nueve años,,,,,,,,,,,,,,,,Pelo recortado,,,,,,,,,,,,,,Sin pañuelon,,,,,Traje amarillo floreado,9.0,Desconocido,Desconocido,Desconocido,Desconocido,Desconocido,Desconocido,Desconocido,Desconocido,Desconocido,Desconocido,Desconocido,Desconocido,2,1,0,0,5,0,3,3,2,4,6,3
350,1857-09-07,"El lunes 31 del mes último Agosto á las dos de la tarde, se ha fugado un cholito llamado Cecilio de edad de diez á doce años; sus señales y ropaje que llevaba son las siguientes: Color trigueño, pelo indio un poco largo y con un corte en la nariz y ceja izquierda, habla mal español; vestía pantalon de paño azul chico ajustado y roto, saco de dril blanco sucio, camisa blanca sucia, pantujas de cordoban, sombrero castor blanco y muy sucio. La persona que lo tenga puede dar aviso en los altos del señor Rueda calle de Pel.., que será gratificada; de lo contrario será sometida á las penas que designa el Reglamento de Policia y para lo que se ha dado el correspondiente parte.  ",AVISO-CALLAO,Cecilio,M,doce a diez años,,Trigueño,,,,,,,,,,,,,,Pelo indio un poco largo,,,Corte en la nariz y en la ceja izquierda,,,,,,Camisa blanca sucia,"Pantalon de paño azul chico, ajustado y roto",Pantujas de cordoban,,Sombrero castor blanco y muy sucio,,Saco de dril blanco sucio,,,,,Desconocido,Desconocido,Desconocido,Desconocido,Desconocido,Desconocido,Desconocido,Desconocido,Desconocido,Desconocido,Desconocido,Desconocido,Desconocido,2,1,0,0,5,0,3,3,2,4,6,3
351,1857-09-11,"Se dá de gratificacion á la persona que entregue ó dé noticia de un cholito que se ha perdido el dia lunes de esta semana á la una y media de la tarde: este inocente fue sorprendido por un militar en la calle de Com.. segun datos adquiridos; es de edad de ocho años, cara regular, ojos grandes, labios gruesos, nariz chata, el que fué robado llevaba sombrero de paja usado, se llama José Martin, habla muy poco español, es recien llegado de Ayacucho; sus padrinos viven en la calle de la puerta fal.. del teatro, en la casa n°87, donde inmediatamente será cumplida la gratificacion por sus padrinos.",25$,José Martin,M,ocho años,Ayacucho,,,,Regular,Grandes,,,Chata,,Gruesos,,,,,,,,,,,,,,,,,,Sombrero de paja usado,,,,,,,8.0,Desconocido,Desconocido,Desconocido,Desconocido,Desconocido,Desconocido,Desconocido,Desconocido,Desconocido,Desconocido,Desconocido,Desconocido,2,1,0,0,5,0,3,3,2,4,6,3
352,1857-10-11,"El Jueves 1° del corriente se ha fugado de la casa calle del Espiritu Santo núm. 31 una mestiza como de 14 años de edad llamada Luisa Gonzalez, huerfana de padre y madre. Se suplica á la persona que la halla acojido, dé aviso en la expresada casa para que la recojan sus patrones, pues de no verificarlo, le parará la correspondiente responsabilidad.  ",AVISO,Luisa Gonzalez,F,catorce años,,,,,,,,,,,,,,,,,,,,,,,,,,,,,,,,,,,,14.0,Desconocido,Desconocido,Desconocido,Desconocido,Desconocido,Desconocido,Desconocido,Desconocido,Desconocido,Desconocido,Desconocido,Desconocido,2,1,0,0,5,0,3,3,2,4,6,3
353,1857-10-27,"El 28 del presente á las cuatro de la tarde se ha fugado de la casa de su madrina una cholita nombrada Gabriela de edad 10 años pelo crespo, chica de cuerpo y gorda, al estremo que tiene el cuerpo, parejo de arriba de abajo, vestida con traje de color desteñido que parece blanco; la persona que la ocultare pagará los daños y perjuicios y la que la presenten á la calle de Plateros de San Agustin casa n°43 se le dará una buena gratificacion.",,Gabriela,F,diez años,,,Chica de cuerpo,Gorda,,,,,,,,,,,,,,,,,,,,,,,,,,,,,,,Traje de color desteñido que parece blanco,10.0,Desconocido,Desconocido,Desconocido,Desconocido,Desconocido,Desconocido,Desconocido,Desconocido,Desconocido,Desconocido,Desconocido,Desconocido,2,1,0,0,5,0,3,3,2,4,6,3
354,1857-11-14,"Ayer por la tarde se ha fugado de su casa un niño de 11 á 12 años cuya filiacion es la siguiente: estatura regular, cara redonda, ojos negros, blanco rosado, su nombre es Eleno natural de Paita. La persona que lo entregue ó dé razon de su paradero será gratificada sufriendo al contrario las penas consiguientes quien la mantenga oculto ó en su servicio. En la calle de Mariqui.. casa n°93 se dará la gratificacion.  ",AVISO,Eleno,M,doce a once años,Paita,Blanco rosado,,,Redonda,Negros,,,,,,,,,,,,,,,,,,,,,,,,,,,,,,11.5,Desconocido,Desconocido,Desconocido,Desconocido,Desconocido,Desconocido,Desconocido,Desconocido,Desconocido,Desconocido,Desconocido,Desconocido,2,1,0,0,5,0,3,3,2,4,6,3
355,1857-11-30,"Se ha fugado de casa de sus patrones una muchacha como de quince años nombrada Maria de la Cruz, de casta indíjena, de poca estatura y pelo corto. Se pone en noticia del público para que nadie pueda tomarla en servicio, para no incurrir en la pena de la multa establecida en el Reglamento de Policia, y para que cualquiera que sepa paradero lo avise á los altos en la esquina de Valladolid sobre la tienda del papel sellado.",AVISO,Maria de la Cruz,F,quince años,,,Poca estatura,,,,,,,,,,,,,Pelo corto,,,,,,,,,,,,,,,,,,,,15.0,Desconocido,Desconocido,Desconocido,Desconocido,Desconocido,Desconocido,Desconocido,Desconocido,Desconocido,Desconocido,Desconocido,Desconocido,2,1,0,0,5,0,3,3,2,4,6,3
356,1857-12-03,"A la persona que dé aviso del paradero de un natural llamandose Pablo Alvar.., de edad de diez con una cicatriz en la frente. Calle de las Divorciadas núm 86.  ",SE DA UNA GRATIFICACION,Pablo Alvar...,M,diez años,,,,,,,,,,,,,,,,,,,En la frente,,,,,,,,,,,,,,,,,10.0,Desconocido,Desconocido,Desconocido,Desconocido,Desconocido,Desconocido,Desconocido,Desconocido,Desconocido,Desconocido,Desconocido,Desconocido,2,1,0,0,5,0,3,3,2,4,6,3
357,1857-12-18,"Hace 1.. dias se ha fugado de la casa de su patron, un cholito de edad de diez años recien llegado de Hu.., en donde viven sus padres; se llama Mariano Ve.. es de mediana estatura para su edad, cara redonda, está vestido con pantalon y chaqueta de dril listado y sombrero de paño plomo. La persona que lo reclame tiene derecho para hacerlo y ofrece una gratificacion á quien dé noticia en la calle de Gallos numero 66. Quedando ahí mismo responsable á las penas que señala el Reglamento de Policia que lo con.. en su poder despues de este aviso.  ",AL PUBLICO,Mariano Ve..,M,diez años,Hu...,,Mediana estatura para su edad,,Redonda,,,,,,,,,,,,,,,,,,,,,Pantalon de dril listado,,,Sombrero de paño plomo,,Chaqueta de dril listado,,,,,10.0,Desconocido,Desconocido,Desconocido,Desconocido,Desconocido,Desconocido,Desconocido,Desconocido,Desconocido,Desconocido,Desconocido,Desconocido,2,1,0,0,5,0,3,3,2,4,6,3
358,1857-12-22,"A la persona que se le hubiese perdido un cholito como de 7 á 8 años de edad, que dice llamarse Pedro Castellanos, puede ocurrir á la calle de Y..partó, casi la segunda á la izquierda, […] Nazarenas, que dando las señales y pagando los gastos ocasionados será entregado. 

1] Se ha fugado a las siete de la noche del dia de ayer de casa de su patron [altos del Pateoncito] una cholita como de diez años llamada Peta. Tiene puesto un traje de cambray amarillo y se dará una gratificacion á la persona que la entregue ó avise donde se halla. Se advierte que la Policía se ha participado dicha fuga, y que ninguna persona puede retener á la referida muchacha, […] contra lo prevenido por el […], de Policía.  ",AVISO,Pedro Castellanos,M,ocho a siete años,,,,,,,,,,,,,,,,,,,,,,,,,,,,,,,,,,,,7.5,Desconocido,Desconocido,Desconocido,Desconocido,Desconocido,Desconocido,Desconocido,Desconocido,Desconocido,Desconocido,Desconocido,Desconocido,2,1,0,0,5,0,3,3,2,4,6,3
358,1857-12-22,"Se ha fugado a las siete de la noche del dia de ayer de casa de su patron [altos del Pateoncito] una cholita como de diez años llamada Peta. Tiene puesto un traje de cambray amarillo y se dará una gratificacion á la persona que la entregue ó avise donde se halla. Se advierte que la Policía se ha participado dicha fuga, y que ninguna persona puede retener á la referida muchacha, […] contra lo prevenido por el […], de Policía.  ",,Peta,F,diez años,,,,,,,,,,,,,,,,,,,,,,,,,,,,,,,,,,,Traje de cambray amarillo,10.0,Desconocido,Desconocido,Desconocido,Desconocido,Desconocido,Desconocido,Desconocido,Desconocido,Desconocido,Desconocido,Desconocido,Desconocido,2,1,0,0,5,0,3,3,2,4,6,3
359,1858-01-04,"La persona que hubiese encontrado una cholita llamada Benita que ayer a las dos de la tarde ha salido de casa de sus patrones, tendrá la bondad de llevarla a la calle de la Palma n. 285 que se le dará una gratificación; sus señales son las siguientes: pelo corto, peinada de dos trenzas, cara redonda, ojos grandes, nariz aguileña, en las orejas unas sedas negras, traje de elan negro con plomo, pantalón de seda negro en cabritilla y zapatos nuevos”. ",INTERESANTE,Benita,F,,,,,,Redonda,Grandes,,,Aguileña,,,,,,,Corto,,Peinada de dos trenzas,,,,,,,,Pantalón de seda negra en cabritilla,Zapatos nuevos,,,,Sedas negras en las orejas,,,,Traje de elan negro con plomo,Desconocido,Desconocido,Desconocido,Desconocido,Desconocido,Desconocido,Desconocido,Desconocido,Desconocido,Desconocido,Desconocido,Desconocido,Desconocido,2,1,0,0,5,0,3,3,2,4,6,3
360,1858-01-04,"Se encarga a la persona que tenga a u muchacho que se ha huído de la calle del Compás de la Concepción de la casa del señor Collazos en la noche del día 31 á las doce de la noche, su nombre José Torres, su edad doce años, color cholito, ojos pardos pequeños, camisa blanca con morada, pantalón de algodón a cuadros y sombrero plomo: la persona que lo entregare se le dará una gratificación como también a la persona que lo encontrare sufrirá la multa que previene el Reglamento de Policía y en esta imprenta darán razón”. ",AVISO,José Torres,M,doce años,,Cholito,,,,Pardos pequeños,,,,,,,,,,,,,,,,,,,Camisa blanca con morada,Pantalón de algodón a cuadros,,,Sombrero plomo,,,,,,,12.0,Desconocido,Desconocido,Desconocido,Desconocido,Desconocido,Desconocido,Desconocido,Desconocido,Desconocido,Desconocido,Desconocido,Desconocido,2,1,0,0,5,0,3,3,2,4,6,3
361,1858-01-04,"a la persona que entregue o de razón de un cholito llamado Plácido que desapareció en uno de los días de Pascua las señales son: visojo, falto de dos dientes de abajo, de edad de 5 á 6 años, vestido de pantalón cabritilla y chaqueta azul.  

Si la persona que lo tiene después de este aviso no lo entrega será responsable a los cargos que se le hagan. En la casa inmediata a la portería de la Trinidad pueden ocurrir”.  ",UNA GRATIFICACIÓN SE OFRECE,Plácido,M,seis a cinco años,,,,,,Visojo,,,,,,Falto de dos dientes de abajo,,,,,,,,,,,,,,Pantalón de cabritilla,,,,,Chaqueta azul,,,,,5.5,Desconocido,Desconocido,Desconocido,Desconocido,Desconocido,Desconocido,Desconocido,Desconocido,Desconocido,Desconocido,Desconocido,Desconocido,2,1,0,0,5,0,3,3,2,4,6,3
362,1858-01-04,"En la noche del 27 del presente se ha perdido de la calle de Zavala á la plancha de la Inquisicion un cholito nombrado Antonio, recien llegado de […], de edad de siete años, está vestido de un género azul, y es picado de viruelas. La persona que lo tenga ó sepa su paradero ocurra á la plazuela de la Inquisicion, casa núm 178 en donde recibirá una gratificacion, en la […] que de […], quedará la persona que […] lo retenga sujeta á las penas que designa el Reglamento de Policia.  

 

 ",AVISO,Antonio,M,siete años,,,,,,,,,,,,,,,,,,,,Picado de viruelas,,,,,Género azul,Género azul,,,,,,,,,,7.0,Desconocido,Desconocido,Desconocido,Desconocido,Desconocido,Desconocido,Desconocido,Desconocido,Desconocido,Desconocido,Desconocido,Desconocido,2,1,0,0,5,0,3,3,2,4,6,3
363,1858-01-05,"«Se ha fugado a las siete de la mañana de ayer, de casa de sus patrones (conventillo de San Pedro Nolasco) una cholita como de ocho años llamada Encarnación. Lleva la cabeza pelona y tiene puesto un traje de elan colorado. Una gratificación se dará a la persona que entregue o avise donde se halla: se advierte que a la Policía se ha participado dicha fuga y que ninguna persona puede retener a la referida muchacha sin obrar contra lo prevenido por el Reglamento de Policía». ",,Encarnación,F,ocho años,,,,,,,,,,,,,,,,Pelona,,,,,,,,,,,,,,,,,,,Traje de elan colorado,8.0,Desconocido,Desconocido,Desconocido,Desconocido,Desconocido,Desconocido,Desconocido,Desconocido,Desconocido,Desconocido,Desconocido,Desconocido,2,1,0,0,5,0,3,3,2,4,6,3
364,1858-01-05,"Se […] que tenga un muchacho que se ha huido de la calle del Compas de la […] de la casa del señor Colla.. en la noche del dia 31 á las diez de la noche, su nombre José Torres, su edad doce años, color cholito, ojos pardos pequeños, camisa blanca con morada, pantalon de algodon á cuadros y sombrero plomo: la persona que lo entregare se le dará una gratificacion como también a la persona que se lo encontrare sufrirá la multa que previene el Reglamento de Policia y en esta imprenta darán razon.  

 ",AVISO,José Torres,M,doce años,,Cholito,,,,Pardos pequeños,,,,,,,,,,,,,,,,,,,Camisa blanca con morada,Pantalón de algodón a cuadros,,,Sombrero plomo,,,,,,,12.0,Desconocido,Desconocido,Desconocido,Desconocido,Desconocido,Desconocido,Desconocido,Desconocido,Desconocido,Desconocido,Desconocido,Desconocido,2,1,0,0,5,0,3,3,2,4,6,3
365,1858-01-07,"La persona que ahora 8 ó 10 días haya tomado á su servicio una muchacha que dice ser huérfana y llamarse Luisa, Eliza o Eloisa, mestiza, picada de viruelas y de 13 á 14 años, tenga la bondad de avisas en el Callao en la casa de remates n. 541 y 542, que se le dará respecto a ella informes que le puedan interesar”. ",AVISO,"Luisa, Eliza o Eloisa",F,catorce años,,,,,,,,,,,,,,,,,,,,Picada de viruelas,,,,,,,,,,,,,,,,14.0,Desconocido,Desconocido,Desconocido,Desconocido,Desconocido,Desconocido,Desconocido,Desconocido,Desconocido,Desconocido,Desconocido,Desconocido,2,1,0,0,5,0,3,3,2,4,6,3
366,1858-01-08,"El lunes como a las siete y media de la noche se ha fugado de casa del señor Monzón, una cholita de su servidumbre, su nombre es María de Quinchay, de edad nueve años, está vestida con un trajecito de elan fondo blanco con pintitas moradas, tiene el pelo corto y una cicatriz en la frente. Se ofrece una gratificación a la persona que de razón de su paradero o la entregue a sus patrones en la calle de la Veracruz n. 364. Previniéndose que se ha dado el aviso respectivo a la Policía, a fin de que se le imponga la multa del Reglamento a la persona que la retenga contraviniendo a este aviso”.",AVISO. CHOLITA PERDIDA. ,María de Quinchay,F,nueve años,,,,,,,,,,,,,,,,Corto,,,En la frente,,,,,,,,,,,,,,,,Trajecito de elan fondo blanco con pintitas moradas,9.0,Desconocido,Desconocido,Desconocido,Desconocido,Desconocido,Desconocido,Desconocido,Desconocido,Desconocido,Desconocido,Desconocido,Desconocido,2,1,0,0,5,0,3,3,2,4,6,3
367,1858-01-08,"La persona que se haya encontrado un muchacho que recién vino en el último vapor con procedencia de Bolivia, como de 9 años y que se ha perdido el Sábado en la noche, puede entregarlo recibiendo su gratificación en la calle de Chávez número 173. Su cara es buena, chaposo y recién pelado, está vestido de nuevo con pantalón con cuadritos negros y blancos y un saco de cuadros con punzó, se llama Pablo y no sabe hablar una que otra cosa en español, bajo la inteligencia de que si no lo entregan tendrán que pagar la multa que previene la Policía, su patrón que con tanto trabajo lo trae desde tan lejos y haciendo grandes gastos no cesará de perseguirlo hasta dar con él, porque siendo persona que entra a todas partes no le será difícil encontrarlo”. ",AVISO,Pablo,M,nueve años,,,,,"Buena, chaposo",,,,,,,,,,,Recién pelado,,,,,,,,,,Pantalón con cuadritos negros y blancos,,,,,Saco de cuadros con punzó,,,,,9.0,Desconocido,Desconocido,Desconocido,Desconocido,Desconocido,Desconocido,Desconocido,Desconocido,Desconocido,Desconocido,Desconocido,Desconocido,2,1,0,0,5,0,3,3,2,4,6,3
368,1858-01-08,"Una onza de gratificacion se dá á la persona que dé razon de una muchacha nombrada María Cuba, que ha fugado á las seis de la mañana, llévandose un par de aretes brillantes, algunos trajes y pañuelones, es como de trece años de edad, gorda, picada de viruelas, con una nube en el ojo izquierdo, natural de Huasco: en esta imprenta darán razon de la casa de su patrona. Y la persona que la tenga y no la entregue será responsable ante el Intendente á los prejuicios que le ocasione á dicha patrona.",OJO.,María Cuba,F,trece años,Huasco,,,Gorda,,Nube en el ojo izquierdo,,,,,,,,,,,,,,Picada de viruelas,,,,,,,,,,,,,,,,13.0,Desconocido,Desconocido,Desconocido,Desconocido,Desconocido,Desconocido,Desconocido,Desconocido,Desconocido,Desconocido,Desconocido,Desconocido,2,1,0,0,5,0,3,3,2,4,6,3
369,1858-01-09,"Ayer á las dos de la tarde se ha robado un cholito traposo, cara pequeña y picado de viruelas, un caballito blanco muy chiquito, se gratificará al que de aviso del caballito en la cuadra de Valladolid n. 179”. ",OJO,,M,,,,,,Pequeña,,,,,,,,,,,,,,,Picado de viruelas,,,,,,,,,,,,,,,,Desconocido,Desconocido,Desconocido,Desconocido,Desconocido,Desconocido,Desconocido,Desconocido,Desconocido,Desconocido,Desconocido,Desconocido,Desconocido,2,1,0,0,5,0,3,3,2,4,6,3
370,1858-01-11,"“Se me ha fugado de mi casa de la calle Belén núm. 180 mi muchacho nombrado Juan Paz, el 10 de enero del presente año, su fuga la hizo de mi casa a las tres de la tarde. Filiación del dicho muchacho es la siguiente: Cara regular, color mestizo quarterón, pelo negro lacio, ojos pardos, nariz delgada, tiene dos cicatrices en la cara, lavios regulares, tiene una cicatriz en el codo izquierdo, mucho robustez gordo, de cuerpo pequeño, de edad de doce á trece años, su vestido en mangas de camisa, la dicha camisa de elan rosado, pantalón de casimir color Jacinto, descalzo. La persona que lo entregué se le dará su gratificación y de no hacerlo así y que se encuentre en poder de alguno, tendrá que pagar la multa del Reglamento de Policía, pues ya el aviso está dado al señor Intendente, quien está tomando providencias en hacerlo buscar con los agentes de Policía”.",,Juan Paz,M,trece a doce años,,Mestizo quarterón,Cuerpo pequeño,Mucho robustez gordo,Regular,Pardos,,,Delgada,,Regulares,,,,Negro,,Lacio,,"Dos cicatrices en la cara, cicatriz en el codo izquierdo",,,,,,Mangas de camisa de elan rosado,Pantalón de casimir color jacinto,Descalzo,,,,,,,,,12.5,Desconocido,Desconocido,Desconocido,Desconocido,Desconocido,Desconocido,Desconocido,Desconocido,Desconocido,Desconocido,Desconocido,Desconocido,2,1,0,0,5,0,3,3,2,4,6,3
371,1858-01-12,"a las diez ha desaparecido una cholita de diez años de edad, está pelona, tiene la cara ancha y es ñata y trigueña, tiene un traje de cuadritos y se fue sin pañuelón: la persona que dé razón de ella en los mismos altos de la Panadería del Puente se le dará una gratificación”",ANOCHE,,F,diez años,,Trigueña,,,Cara ancha,,,,Ñata,,,,,,,,,,,,,,,,,,,,,Sin pañuelon,,,,,Traje de cuadritos,10.0,Desconocido,Desconocido,Desconocido,Desconocido,Desconocido,Desconocido,Desconocido,Desconocido,Desconocido,Desconocido,Desconocido,Desconocido,2,1,0,0,5,0,3,3,2,4,6,3
372,1858-01-12,«Comunicados. Recluta». Toman como recluta a un sirviente de José Gálvez. ,,,,,,,,,,,,,,,,,,,,,,,,,,,,,,,,,,,,,,,,Desconocido,Desconocido,Desconocido,Desconocido,Desconocido,Desconocido,Desconocido,Desconocido,Desconocido,Desconocido,Desconocido,Desconocido,Desconocido,2,1,0,0,5,0,3,3,2,4,6,3
373,1858-01-12,"El Jueves 7 del presente y á deshoras de la noche se han fugado de la hacienda nombrada Chacra de Cerro, en el valle de Carabaylio, dos chinos nombrados Ajin y Acan, ambos son prisioneros. La persona que los entregue ó dé razon de su paradero, ocurra á la casa n°131 calle del Padre Gerónimo en donde recibirá una buena gratificacion.",AVISO,Ajin y Acan,M,,,,,,,,,,,,,,,,,,,,,,,,,,,,,,,,,,,,,Desconocido,Desconocido,Desconocido,Desconocido,Desconocido,Desconocido,Desconocido,Desconocido,Desconocido,Desconocido,Desconocido,Desconocido,Desconocido,2,1,0,0,5,0,3,3,2,4,6,3
374,1858-01-12,"Una onza de gratificación se da a la persona que de razón de una muchacha nombrada María Cuba, que ha fugado hoy a las seis de la mañana, llevándose un par de aretes de brillantes, algunos trajes y pañuelones, es como de trece años de edad, gorda, picada de viruelas, con una nube en el ojo izquierdo, natural de Huaco: en esta imprenta darán razón de la casa de su patrona. Y la persona que la tenga y no la entregue será responsable ante el Intendente de los perjuicios que ocasiones a dicha patrona”. ",OJO,María Cuba,F,trece años,Huaco,,,Gorda,,Nube en el ojo izquierdo,,,,,,,,,,,,,,Picada de viruelas,,,,,,,,,,,,,,,,13.0,Desconocido,Desconocido,Desconocido,Desconocido,Desconocido,Desconocido,Desconocido,Desconocido,Desconocido,Desconocido,Desconocido,Desconocido,2,1,0,0,5,0,3,3,2,4,6,3
375,1858-01-12,"La persona que haya encontrado un muchacho que recien vino en el último vapor con procedencia de Bolivia, como de 9 años y que se ha perdido el Sábado en la noche, puede entregarlo […] su gratificacion en la calle de Cha.. número 173. Su cara es buena, chaposo y recien pelado: está vestido de nuevo con pantalon de cuadritos negro y blanco y un saco de cuadro con punzó, se llama Pablo y no sabe hablar sino una que otra cosa en español, bajo la inteligencia que si no la entregaran tendrán que pagar la multa que previene la Policia, su patron que con tanto trabajo lo trae desde tan lejos y haciendo grandes gastos no cesará de perseguirlo hasta dar con él, porque siendo persona que entra á todas partes no le será muy dificil de encontrarlo.   

 ",AVISO,Pablo,M,nueve años,,,,,"Buena, chaposo",,,,,,,,,,,Recién pelado,,,,,,,,,,Pantalón de cuadritos negro y blanco,,,,,Saco de cuadro con punzó,,,,,9.0,Desconocido,Desconocido,Desconocido,Desconocido,Desconocido,Desconocido,Desconocido,Desconocido,Desconocido,Desconocido,Desconocido,Desconocido,2,1,0,0,5,0,3,3,2,4,6,3
376,1858-02-04,"De la casa número 53 calle de la Universidad, se ha perdido un cholito recién llegado de la sierra, se llama Rafael, no habla castellano y cuando se le pregunta su nombre dice Rafaco, es de tres años y meses, delgado, lleva un calzoncillo de olan y blusa de lana y seda verde a cuadros. La persona que lo entregue recibirá diecisiete pesos de gratificación, previniendo a la que lo oculte que se ha dado parte a la Intendencia y que recaerá sobre ella el perjuicio que señala la ley; dicho cholito se perdió el Domingo 30 del próximo pasado”. ",AVISO Y GRATIFICACIÓN,Rafael,M,tres años y meses,La Sierra,,,Delgado,,,,,,,,,,,,,,,,,,,,,Blusa de lana y seda verde a cuadros,Calzoncillo de olan,,,,,,,,,,3.0,Desconocido,Desconocido,Desconocido,Desconocido,Desconocido,Desconocido,Desconocido,Desconocido,Desconocido,Desconocido,Desconocido,Desconocido,2,1,0,0,5,0,3,3,2,4,6,3
377,1858-02-04,"De la casa núm. 62 calle de la Universidad, se ha perdido un cholito recien llegado de la sierra; se llama Rafael, no habla castellano y cuando se le pregunta su nombre dice Rafaso, es de tres años y meses, delgado, lleva un calzoncito de blan y blusa de […] y seda verde á cuadros. La persona que lo entregue recibirá diez y siete pesos de gratificacion, previniendo á la que lo oculte, que se ha dado parte á la Intendencia, y que recaerá sobre ella el perjuicio que señala la ley; dicho cholito se perdio el Domingo 30 del proximo pasado.  ",AVISO Y GRATIFICACIÓN ,Rafael,M,tres años y meses,La Sierra,,,Delgado,,,,,,,,,,,,,,,,,,,,,Blusa de ... y seda verde a cuadros,Calzoncito de blan,,,,,,,,,,3.0,Desconocido,Desconocido,Desconocido,Desconocido,Desconocido,Desconocido,Desconocido,Desconocido,Desconocido,Desconocido,Desconocido,Desconocido,2,1,0,0,5,0,3,3,2,4,6,3
378,1858-02-24,"“Hace cerca de un mes que se ha perdido una muchacha de catorce años de uno de los asientos de la Plaza de Mercado de Santo Tomás, su nombre es Gregoria Basilia, cholita, sus señales boca chica, ñata, la persona que dé razón de su paradero recibirá una gratificación de Úrsula Aliaga, vendedora de verduras en la plaza de Santo Tomás”. ",,Gregoria Basilia,F,,,,,,,,,,Ñata,Chica,,,,,,,,,,,,,,,,,,,,,,,,,,Desconocido,Desconocido,Desconocido,Desconocido,Desconocido,Desconocido,Desconocido,Desconocido,Desconocido,Desconocido,Desconocido,Desconocido,Desconocido,2,1,0,0,5,0,3,3,2,4,6,3
379,1858-02-24,"Anoche á las diez se ha fugado de su patrona una muchacha Marincha, es pequeña de cuerpo, un poco gruesa, cara pequeña, ojos muy chicos y muy angosta, su color es de indígena, salió de su casa con un traje de cambray blanco con […] moradas y pañuel de seda de cuadros negros, fondo azul aplomado y flaco de felpillas. La persona que la tuviese la pueda entregar en la calle Matajudios número 168. Es criada en la casa y ademas de que se tiene derecho á ella hay que […] algunos cargos; de consiguiente, si la persona en cuya casa se halle no la entregue será responsable á los perjuicios correspondientes que se reclamarán en su oportunidad.  ",,Marincha,F,,,Indígena,Pequeña de cuerpo,Un poco gruesa,Pequeña,Muy chicos y muy angosta,,,,,,,,,,,,,,,,,,,,,,,,Pañuel de seda de cuadros negros,"Fondo azul aplomado, flaco de felpillas",,,,Traje de cambray blanco con ... moradas,Desconocido,Desconocido,Desconocido,Desconocido,Desconocido,Desconocido,Desconocido,Desconocido,Desconocido,Desconocido,Desconocido,Desconocido,Desconocido,2,1,0,0,5,0,3,3,2,4,6,3
380,1858-04-02,El Lunes 22 del que espiró ha fugado de la casa número 54 calle de los Gallos un cholito nombrado Angelino de ocho años de edad. La persona que lo oculta sufrirá la pena que impone el Reglamento de Policía”.,OJO,Angelino,M,ocho años,,,,,,,,,,,,,,,,,,,,,,,,,,,,,,,,,,,,8.0,Desconocido,Desconocido,Desconocido,Desconocido,Desconocido,Desconocido,Desconocido,Desconocido,Desconocido,Desconocido,Desconocido,Desconocido,2,1,0,0,5,0,3,3,2,4,6,3
381,1858-03-02,"El Martes 23 de Febrero anterior, se ha salido de su casa en la Villa de Chorrillos un muchacho de 10 a 12 años de edad, color mestizo, pelo lacio, llamado Francisco; se pone en conocimiento de que quien lo tuviese, que por orden legal se halla bajo la curatela de Don Pedro del Solar por no tener parientes, ascendientes ni colaterales, de todo lo que tiene noticia el señor Intendente de Chorrillos y las autoridades respectivas, previniéndose por medio de este aviso á la persona que maliciosamente le oculte, que será responsable ante la ley por su conducta. Puede avisarse en los altos del señor Guichard",AVISO,Francisco,M,11 a 12 años,,mestizo,,,,,,,,,,,,,,,lacio,,,,,,,,,,,,,,,,,,,11.5,Desconocido,Desconocido,Desconocido,Desconocido,Desconocido,Desconocido,Desconocido,Desconocido,Desconocido,Desconocido,Desconocido,Mestizos,2,1,0,0,5,0,3,3,2,4,6,5
382,1858-03-04," Ayer miércoles tres de ocho a nueve de la noche, se ha perdido un cholito de edad de seis años, mientras su patrona estaba de visita en la casa de la señora del señor de Olavegoya, sita en la plazuela de la Inquisición. El dicho cholito se llamaba Facundo, aun no sabe hablar bien el castellano, iba vestido del género oscuro con gorra de paño y llevaba una alfombra de tripe cortado. Se suplica a la persona que lo hubiese encontrado se sirva entregarlo en el almacén esquina de Santo Toribio n. 154 donde se les dará una gratificación. Repetido en El Comercio, 5597, 5 de marzo de 1858, p. 1; y EC, n. 5,598, 6 de marzo de 1858, p. 1; EC, n. 5601, 10 de marzo de 1858, p. 1. ",AVISO,Facundo,M,6 años,,cholito,,,,,,,,,,,,,,,,,,,,,,,,,,alfobra de tripe cortado,,gorra de paño del género oscuro,,,,,,6.0,Desconocido,Desconocido,Desconocido,Desconocido,Desconocido,Desconocido,Desconocido,Desconocido,Desconocido,Desconocido,Desconocido,Cholos/Chinas,2,1,0,0,5,0,3,3,2,4,6,2
383,1858-03-04,"En la mañana de hoy se ha perdido de la casa núm 266 calle de San Diego, un muchacho de edad de diez años, mestizo, picado de viruelas, vestido con pantalón azul usado y chamarrita de cuadros con negro y blanco; quien de razón de dicho muchacho recibirá una buena gratificación de diez pesos; este muchacho se llama Manuel, pero conocido por (manuco) es hijo de Chupaca, con esta fecha se da parte a la Policía, para que la persona que lo tenga y no lo entregue sufra la pena que el Reglamento señala. Se repite en EC, n. 5,598, 6 de marzo de 1858, p. 1; y en EC, n. 5599, 8 de marzo de 1858, p. 1; EC, n. 5600, 9 de marzo de 1858, p. 1; y en EC, n. 5601, 10 de marzo de 1858, p. 1; EC, n. 5602, 11 de marzo de 1858, p. 1.",,Manuel,M,10 años,,mestizo,,,,,,,,,,,,,,,,,,picado de viruelas,,,,,,pantalón azul usado,,,,,chamarrita de cuadros con negro y blanco,,,,,10.0,Desconocido,Desconocido,Desconocido,Desconocido,Desconocido,Desconocido,Desconocido,Desconocido,Desconocido,Desconocido,Desconocido,Mestizos,2,1,0,0,5,0,3,3,2,4,6,5
386,1858-03-11,"Lunes a las 8 de la noche, ha desaparecido de la casa de sus patrones, una muchacha nombrada Agustina, de edad como de 16 años, color indio, muy gorda y baja de cuerpo, cara redonda, nariz ñata, trenzas largas, pecosa va vestida con un traje verde con blanco, etc. La persona que sepa su paradero puede avisar en la calle de Copacabana casa n. 55, que se le dará una gratificación",AYER,Agustina,F,6 años,,color indio,baja,muy gorda,cara redonda,,,,nariz ñata,,,,,,,trenzas largas,,trenzas largas,,,pecosa,,,,traje verde con blanco,,,,,,,,,,,6.0,Bajo / Pequeño,Grueso / Gordo / Robusto,Forma geométrica / estructura,Desconocido,Ñata,Desconocido,Desconocido,Largo / Trenzas largas,Trenzas,Traje,Desconocido,Indígena,1,3,2,0,11,0,3,4,7,8,6,4
387,1858-03-18,"como a las dos de la tarde se ha ido de casa de su patrona, un muchacho llamado Manuel, como de diez a once años: sus señales las siguiente –color indio, pantalón de cuadros menudos y gorra de terciopelo con listón a un costado de cintas de cuadritos de colores, sara algo viva. La persona que lo entregue o de razón de su paradero recibirá una gratificación y la que lo ocultase y no lo entregue a su dueño sufrirá las penas que previene el Reglamento de Policía. En esta oficina darán razón. Se repite en El Comercio, 5610, 20 de marzo de 1858, p.1; y en EC, n. 5611, 21 de marzo de 1858, p. 1.",AYER,Manuel,M,10 a 11 años,,color indio,,,,,,,,,,,,,,,,,,,,,,,,pantalón de cuadros menudos,,,gorra de terciopelo con listón a un costado de cintas de cuadritos de colores,,,,,,,10.5,Desconocido,Desconocido,Desconocido,Desconocido,Desconocido,Desconocido,Desconocido,Desconocido,Desconocido,Desconocido,Desconocido,Indígena,2,1,0,0,5,0,3,3,2,4,6,4
388,1858-03-21,"El Jueves 18 del presente se ha huido de la casa de su patrona en la calle de Cocharcas junto a la iglesia n. 159, un muchacho de edad de once a doce años, sus señales son las siguientes: color indio, ñato, borrado, con una camisa de tocuyo sucia, un pantalón cabritilla de cuadros azules. La persona que lo entregue se le dará una gratificación y la que lo oculte sufrirá las penas que previene el Reglamento de Policía. Se repite en EC, n. 5612, 22 de marzo de 1858. ",,,M,11 a 12 años,,color indio,,,,,,,ñato,,,,,,,,,,,borrado,,,,,camisa de tocuyo sucia,pantalón cabritilla de cuadros azules,,,,,,,,,,11.5,Desconocido,Desconocido,Desconocido,Desconocido,Ñata,Desconocido,Desconocido,Desconocido,Desconocido,Camisa,Desconocido,Indígena,2,1,0,0,11,0,3,3,2,0,6,4
389,1858-03-24,"Hace dos semanas se ha fugado de casa de patron en Chorrillos un cholito nombrado Mariano Valle, de edad de diez años, […] frente aunque pequeño, cara redonda, es natural de Huancayo á donde viven sus patrones, se supone se haya venido á Lima la persona que lo […] en su poder despues del presente aviso quedará sujeta á las penas que impone el reglamento de Policia en estos casos. Quien diere razon de su pa.. ó lo entregase en la calle casa n°56, recibirá una gratificacion de diez pesos. Lima, Marzo 17. ",OJO AL AVISO,Mariano Valle,M,10 años,Huancayo,cholito,pequeño,,cara redonda,,,,,,,,,,,,,,,,,,,,,,,,,,,,,,,10.0,Bajo / Pequeño,Desconocido,Forma geométrica / estructura,Desconocido,Desconocido,Desconocido,Desconocido,Desconocido,Desconocido,Desconocido,Desconocido,Cholos/Chinas,1,1,2,0,5,0,3,3,2,4,6,2
390,1858-03-30,"se ofrecerá a la persona que de razón de una cholita nombrada Rosario Muñoz, de 7 años de edad, recién llegada de Copiapó, vestida con un traje azul y pañuelón negro, que se ha desaparecido el 26 del corriente; se previene que se hace responsable a la persona que la retuviese en su poder según el Reglamento de Policía. Darán razón en la Relojería de los SSCC Perret y Calle de Espaderos n. 188",UNA BUENA GRATIFICACIÓN,Rosario Muñoz,F,7 años,Copiapó,cholita,,,,,,,,,,,,,,,,,,,,,,,traje azul,,,,,pañuelón negro,,,,,,7.0,Desconocido,Desconocido,Desconocido,Desconocido,Desconocido,Desconocido,Desconocido,Desconocido,Desconocido,Traje,Desconocido,Cholos/Chinas,2,1,0,0,5,0,3,3,2,8,6,2
391,1858-04-09,"A las siete de la noche del dia de ayer 6 se ha salido de la casa de su patron un cholito de siete á ocho años de edad, gordo, cara llena y llamado Miguel; lleva pantalon de cho.. he.. y camisa blanca; se suplica á la persona donde se haya presentado lo entregue en el […] de los señores Juan Terry y Ca. calle de Pescadores, donde se le gratificará; advirtiendo que ya se haya dado parte á la Intendencia de Policia y como igualmente á la de Lima para perseguir al que lo ocultará.  ",AVISO CALLAO,Miguel,M,7 a 8 años,,cholito,,gordo,cara llena,,,,,,,,,,,,,,,,,,,,camisa blanca,pantalón de cho...he,,,,,,,,,,7.5,Desconocido,Grueso / Gordo / Robusto,Forma geométrica / estructura,Desconocido,Desconocido,Desconocido,Desconocido,Desconocido,Desconocido,Camisa,Desconocido,Cholos/Chinas,2,3,2,0,5,0,3,3,2,0,6,2
392,1858-04-10,"“Se ha ido de casa de sus patrones, una muchacha de 14 años de edad, sus señales son las siguientes: color mestiza, baja de cuerpo, cara aguileña, ojos pequeños, llamada Manuela Tapia, llevándose varias cosas; la person que de razón se le dará una gratificación en la calle de San Marcelo, casa del general Tristán en los altos, advirtiendo que la persona que la mantenga en su poder será responsable á todos los perjuicios que previene el Reglamento de Policía”. Se repite en EC, n.5630, 12 de abril de 1858, p. 1; en EC, n. 5631, 13 de abril de 1858 p. 1. ",,Manuela Tapia,F,14 años,,color mestiza,baja de cuerpo,,cara aguileña,ojos pequeños,,,,,,,,,,,,,,,,,,,,,,,,,,,,,,14.0,Bajo / Pequeño,Desconocido,Forma geométrica / estructura,pequeños,Desconocido,Desconocido,Desconocido,Desconocido,Desconocido,Desconocido,Desconocido,Desconocido,1,1,2,8,5,0,3,3,2,4,6,3
393,1858-04-16,"Antes de ayer a las dos de la tarde ha salido de la casa de su patrona un muchacho de edad de 8 a 10 años, llamado José Dolores, natural de Chanta en el departamento de Cajamarca llevando consigo algún dinero y prendas de valor, á mas tiene su patrona responsabilidad á la familia de dicho muchacho por lo que no omitirá medio alguno para solicitarlo habiendo dado parte a las autoridades de esta y las de Lima: se suplica á la persona que lo tenga en su poder lo presente, pues de no verificarlo, todos los cargos y responsabilidad serán contra ella, sus señales son: contestura delgada, pálido, buenas facciones, pelo corto y está vestido con una chaqueta de drill blanco y un pantalón de macedonia sin calzado ni sombrero: á la persona que lo entregue se le dará una gratificación",CALLAO,José Dolores,M,9 a 10 años,Chanta en el departamento de Cajamarca,pálido,,contestura delgada,buenas facciones,,,,,,,,,,,pelo corto,,,,,,,,,,pantalón de macedonia,sin calzado,,sin sombrero,,chaqueta de drill blanco,,,,,9.5,Desconocido,Delgado / Flaco,Valoración estética,Desconocido,Desconocido,Desconocido,Desconocido,Corto / Cortado / Recortado,Desconocido,Desconocido,Desconocido,Blancos/Claros,2,0,6,0,5,0,3,2,2,4,6,1
394,1858-04-22,"De la casa número 565 calle de Payta en el Callao se ha fugado el 19 del actual un cholito mestizo de 10 años de edad nombrado Raymundo Naupar, su padre que existe en la Provincia de Canta lo tiene puesto hace cinco años en esta casa; y tanto él como sus patrones harán las mayores diligencias para encontrarlo. Al fugar se ha sustraído especies de valores y se previene que la persona que lo ocultase y no lo presentase en su casa o en la Intendencia, será responsable de su hurto, como así mismo por quebrantar el artículo del Reglamento que trata sobre la materia. Lo contrario si fuese entregado se abonará una gratificación”. Se repite en EC, n. 5640, 23 de abril de 1858, p.1; en EC, 24 de abril de 1858, p. 1. ",AVISO ,Raymundo Naupar,M,10 años,Provincia de Canta,cholito mestizo,,,,,,,,,,,,,,,,,,,,,,,,,,,,,,,,,,10.0,Desconocido,Desconocido,Desconocido,Desconocido,Desconocido,Desconocido,Desconocido,Desconocido,Desconocido,Desconocido,Desconocido,Mestizos,2,1,0,0,5,0,3,3,2,4,6,5
395,1858-04-22,"Se dará una buena gratificacion á la persona que de razon de un cholito que se ha salido de su casa llevándose algun dinero y ropa, tiene de 10 á 12 años, habla poco el español y se llama José Castilla. Pueden dirijirse á la oficina de remate -Callao. ",AVISO,José Castilla,M,11 a 12 años,,cholito ,,,,,,,,,,,,,,,,,,,,,,,,,,,,,,,,,,11.5,Desconocido,Desconocido,Desconocido,Desconocido,Desconocido,Desconocido,Desconocido,Desconocido,Desconocido,Desconocido,Desconocido,Desconocido,2,1,0,0,5,0,3,3,2,4,6,3
396,1858-05-05,"En la noche del 27 del presente se ha perdidon de la calle de Zavala á la Plazuela de la Inquisición un cholito nombrado Antonio, recién llegado de fuera, de edad de siete años, está vestido de un género azul y está picado de viruelas. La persona que lo tenga o sepa su paradero, ocurra a la Plaza de la Inquisición, casa n. 176, donde recibirá una gratificación, en la inteligencia que de no verificarlo así, quedará la persona que maliciosamente lo retenga sujeta a las penas que designa el Reglamento de Policía”. Repetido en: El Comercio, 5652, 6 de mayo de 1858, p. 4. ",AVISO,Antonio,M,7 años,,cholito,,,,,,,,,,,,,,,,,,picado de viruelas,,,,,género azul,,,,,,,,,,,7.0,Desconocido,Desconocido,Desconocido,Desconocido,Desconocido,Desconocido,Desconocido,Desconocido,Desconocido,Desconocido,Desconocido,Cholos/Chinas,2,1,0,0,5,0,3,3,2,4,6,2
397,1858-05-06,"“El Lunes de siete a ocho de la mañana ha huido de su casa, una muchacha de trece a catorce años, llamada Rudecinda, de casta cholita, natural de Jauja, de estatura mediana y metida en carnes. La persona que de razón o la entregue a su madrina se le dará una gratificación en la calle de Queipo casa de Vargas altos letra D”. ",,Rudecinda,F,13 a 14 años,natural de Jauja,casta cholita,estatura mediana,metida en carnes,,,,,,,,,,,,,,,,,,,,,,,,,,,,,,,,13.5,Mediano / Regular,Desconocido,Desconocido,Desconocido,Desconocido,Desconocido,Desconocido,Desconocido,Desconocido,Desconocido,Desconocido,Cholos/Chinas,4,1,0,0,5,0,3,3,2,4,6,2
398,1858-05-13,"a las 7 y media de la mañana se ha fugado un cholito de 14 á 15 años de edad, de 5 y medio pies de alto, llamado Blas, llevándose un atado de ropa, su filiación es: cara redonda, nariz ancha, color tostado y manchado sus facciones toscas, viste una chaqueta de lustrin negro, pantalón de algodón de cuadritos negros y blancos y camisa de color. La persona que diese razón de su paradero o lo condujese a la casa n. 10 de la calle Baquíjano, recibirá una buena gratificación”. Se repite en EC, 5659, 14 de mayo de 1858, p. 1. ",HOY,Blas ,M,14 a 15 años,,color tostado,5 y medio pies de alto,,cara redonda,,,,nariz ancha,,,,,,,,,,,,manchado sus facciones toscas,,,,camisa de color,pantalón de algodón de cuadritos negros y blancos,,,,,chaqueta de lustrín negro,,,,,14.5,Especial / Numérica,Desconocido,Forma geométrica / estructura,Desconocido,Con señas o detalles,Desconocido,Desconocido,Desconocido,Desconocido,Camisa,Desconocido,Trigueños/Tostados,3,1,2,0,3,0,3,3,2,0,6,9
399,1858-05-28,"“El día de ayer se ha huido del tambo del Sol, un muchacho llamado Pedro Pablo, de edad de veinte años, sustrayéndose ciento diez pesos. La persona que de noticias de su paradero se le dará una gratificación. Sus señales son: de estatura pequeño, gordo, trigueño, sus ojos turbios, con casimir, con un sombrero de paja. La persona que sepa de su paradero ocurra al mismo tambo cuarto número 23, advirtiendo al mismo tiempo que se ha dado parte a la Intendencia de Policía de este robo; igualmente se hace responsable á la persona persona que lo retenga en su poder al referido muchacho”. Se repite en EC, n. 5673, 29 de mayo de 1858, p. 1. ",,Pedro Pablo,M,2 años,,trigueño,estatura pequeño,gordo,,ojos turbios,,,,,,,,,,,,,,,,,,,casimir,,,,sombrero de paja,,,,,,,2.0,Desconocido,Grueso / Gordo / Robusto,Desconocido,expresivos / forma especial,Desconocido,Desconocido,Desconocido,Desconocido,Desconocido,Otros,Desconocido,Trigueños/Tostados,2,3,0,4,5,0,3,3,2,7,6,9
400,1858-05-28,"La persona a cuyo poder hubiese ido a parar un cholito tuerto llamado Atanacio, pelón, de siete a ocho años, que hace algunos días se ha fugado de la casa de sus patrones, a donde ha venido recomendado por sus padres, tendrá la bondad de entregarlo en la casa de Cisneros, calle de Boza, en la inteligencia de que en caso de retenerlo por la fuerza, se hará efectiva conforme á las leyes la responsabilidad del ocultador”. Se repite en EC, n. 5673, 29 de mayo de 1858, p. 1. ",INTERESANTÍSIMO,Atanacio,M,7 a 8 años,,cholito,,,,tuerto,,,,,,,,,,pelón,,,,,,,,,,,,,,,,,,,,7.5,Desconocido,Desconocido,Desconocido,defecto ocular,Desconocido,Desconocido,Desconocido,Desconocido,Desconocido,Desconocido,Desconocido,Cholos/Chinas,2,1,0,3,5,0,3,3,2,4,6,2
401,1858-05-28,"Se ha perdido una muchacha hoy día 26 que llegó ayer de Islay, llamada Patricia Castillo, de edad de nueve años, tiene traje rosado de olas, centro id de Castilla aprensado, pañuelón blanco con flores verdes, carmesí y negro, es picada de viruelas y escasa de cejas. La persona que la oculte sufrirá la multa que previene el reglamento de Policía á que se ha dado parte. Esta muchacha pertenece a Doña Manuela Morveli que vive en la cuadra de Aparicio en la casa del señor Salirosas",AVISO,Patricia Castillo,F,9 años,Islay,,,,,,escasa de cejas,,,,,,,,,,,,,picada de viruelas,,,,,traje rosado de olas,,,,,"pañuelón blanco con flores verdes, carmesí y negro",,,,,,9.0,Desconocido,Desconocido,Desconocido,Desconocido,Desconocido,Desconocido,Desconocido,Desconocido,Desconocido,Traje,Desconocido,Desconocido,2,1,0,0,5,0,3,3,2,8,6,3
402,1858-06-09,"Se ha fugado el dia Lunes a las 4 de la tarde de la casa del señor Perez calle de Maravillas n°423 un cholito de edad de 9 años, llamado Mariano, se halla vestido de un genero azul y lleva un sombrero de lana, está algo bari.. á causa de una enfermedad que ha tenido. La persona que lo tuviese se dignará entregarlo en dicha casa de lo contrario tendrá que […] los perjuicios que haya ocasionado quedando sujeto á la pena señalada por el Reglamento de Policía.  ",AVISO,Mariano,M,9 años,,cholito,,,,,,,,,,,,,,,,,,,,,,,género azul,,,,sombrero de lana,,,,,,,9.0,Desconocido,Desconocido,Desconocido,Desconocido,Desconocido,Desconocido,Desconocido,Desconocido,Desconocido,Desconocido,Desconocido,Cholos/Chinas,2,1,0,0,5,0,3,3,2,4,6,2
403,1858-06-28,"Se ha perdido ayer un cholito nombrado Cornelio de 7 a 8 años de edad, vestido con tuin y pantalon a cuadros de dril de algodon colores medio blancos, la persona en cuyo poder se encuentre, podra aviso en esta imprenta donde recibira una gratificacion y de no hacerlo asi, sufrira las penas que señala el Reglamento de Policia en semejante caso. Repetido en n. 5709, 1 de julio de 1858, p. 1. Y en n. 5710, 2 de julio de 1858, p. 1. ",AVISO,Cornelio,M,7 a 8 años,,cholito,,,,,,,,,,,,,,,,,,,,,,,tuin,pantalon a cuadros de dril de algodon colores medio blancos,,,,,,,,,,7.5,Desconocido,Desconocido,Desconocido,Desconocido,Desconocido,Desconocido,Desconocido,Desconocido,Desconocido,Tuin,Rayado / Listado / Cuadros,Cholos/Chinas,2,1,0,0,5,0,3,3,2,9,10,2
404,1858-07-02,"A la persona que entregue a D. Manuela de Carvajal que vive en la calle de la Peña Oradada, altos del señor Morel, un cholito arequipeño, de 8 a 9 años de edad, nombrado Jose, que se perdio en la Plaza de la Inquisicion a las 7 de la noche de ayer. Esta vestido con un pantalon de casimir oscuro con franja. Repetido en n. 5711, 3 de julio de 1858, p. 1. ",SE DA UNA GRATIFICACION,Jose,M,8 a 9 años,Arequipa,cholito,,,,,,,,,,,,,,,,,,,,,,,,pantalon de casimir oscuro con franja,,,,,,,,,,8.5,Desconocido,Desconocido,Desconocido,Desconocido,Desconocido,Desconocido,Desconocido,Desconocido,Desconocido,Desconocido,Casimir / Paño / Lana / Seda / Cordellate,Cholos/Chinas,2,1,0,0,5,0,3,3,2,4,5,2
406,1858-07-05,"Anoche a las siete en la calle de la Concepcion se ha perdido una muchacha china chola llamada Manuela, su edad 5 años, llevaba un trajecito de tartan de lana oscura a cuadros, y tapada con un pañuelito de algodon a cuadros de colores, campo oscuro. Lanreclama Estefania Bracamonte su tia. Vive en la cuadra de los Huerfanos casa de Medina. Repetido en n. 5714, 6 de julio de 1858, p. 1. ",ATENCION,Manuela,F,5 años,,china chola,,,,,,,,,,,,,,,,,,,,,,,trajecito de tartan de lana oscura a cuadros,,,,,"pañuelito de algodon a cuadros de colores, campo oscuro",,,,,,5.0,Desconocido,Desconocido,Desconocido,Desconocido,Desconocido,Desconocido,Desconocido,Desconocido,Desconocido,Traje,Desconocido,Cholos/Chinas,2,1,0,0,5,0,3,3,2,8,6,2
407,1858-07-05,"Un cholito llamado Domingo, natural de Huancayo, pequeño de cuerpo, gordito, frente pequeña y como de diez a once años de edad, ha fugado de la casa de sus patronesna las 7 de la noche de ayer, inquietado por un individuo de que ya se tiene malicia, llevandose una sortija de brillantes y dos cucharas de plata, a la cual es aficionado y tiene la costumbre de tomarla de donde la encuentra. De esta ocurrencia se ha mandado el parte respectivo a la autoridad y se hace responsable a la persona que lo tenga del valor de las epecies que ha sustraido, sino lo presenta a sus patrones en la casa de la esquina de la Palma, antes de la herreria, en cuyo caso recibira una gratificacion. Repetido en n. 5714, 6 de julio de 1858. Y en n. 5715, 7 de julio de 1858, p. 1. ",,Domingo,M,10 a 11 años,Huancayo,cholito,pequeño de cuerpo,gordito,,,,,,,,,frente pequeña,,,,,,,,,,,,,,,,,,,,,,,10.5,Bajo / Pequeño,Grueso / Gordo / Robusto,Desconocido,Desconocido,Desconocido,Desconocido,Chica / Pequeña,Desconocido,Desconocido,Desconocido,Desconocido,Cholos/Chinas,1,3,0,0,5,0,1,3,2,4,6,2
408,1858-07-15,"El martes 6 del presente se ha fugado de la casa de su patrona, un cholito nombrado Saturnino Quintanilla, pero que respnde al nombre de Saturno; su filiacion es la siguiente: edad diez a doce años, cara aguileña, ojos negros y grandes, nariz regular, boca id, iba vestido con pantalon de paño negro, chaleco largo id, levita del mismo color y rota por el brazo. La persona que lo entregue en la calle de Valladolid num. 103 obtendra una gratificacion, asi como el que lo oculte exhibira la multa que previene el Reglamento de Policia. Lima, julio 8 de 1858. Se repite en EC 5727, 16 de julio de 1858, p. 4, El Comercio, n. 5728, 17 de julio de 1858, p.1.  ",,Saturnino Quintanilla,M,11 a 12 años,,cholito,,,cara aguileña,ojos negros y grandes,,,nariz regular,boca regular,,,,,,,,,,,,,,,levita negra y rota por el brazo,pantalon de paño negro,,,,,chaleco largo negro,,,,,11.5,Desconocido,Desconocido,Forma geométrica / estructura,Desconocido,Regular / Normal,Regular / Normal,Desconocido,Desconocido,Desconocido,Levita,Casimir / Paño / Lana / Seda / Cordellate,Cholos/Chinas,2,1,2,0,9,3,3,3,2,5,5,2
409,1858-07-19,"El sabado 17 del presente se ha fugado de la casa de su patron, un cholito llamado Manuel, como de 12 años de edad, un poco picado de viruelas. A la persona que lo entregue se le dara una gratificacion y a la que lo conserve oculto se le hara responsable de los cargos que resulten, segun el Reglamento de Policia. Se puede dar aviso en esta imprenta o en la calle de Bodegones n. 170.  Repetido en N. 5731, 20 de julio de 1858, p. 1. Y en N. 5732, 21 de julio de 1858, p. 1. ",ATENCION,Manuel,M,12 años,,cholito,,,,,,,,,,,,,,,,,,un poco picado de viruelas,,,,,,,,,,,,,,,,12.0,Desconocido,Desconocido,Desconocido,Desconocido,Desconocido,Desconocido,Desconocido,Desconocido,Desconocido,Desconocido,Desconocido,Cholos/Chinas,2,1,0,0,5,0,3,3,2,4,6,2
410,1858-07-29,"Tomas Rivas, que ha estado a mi servicio seis meses y medio, se ha desaparecido ayer de mi casa en que habito en el pueblo de Miraflores sin avisar, llevando sus cosas a las oraciones, debiendome dos meses y medio que pidio adelantados; se avisa al publico, no sea que sorprenda a alguna otra persona que inocentemente lo admita a su servicio por si muda nombre, sus señales son: color mestizo, ojos grandes, joven de diez y ocho años a veinte, bajo de cuerpo, es natural de Ayacucho, mas el dice que es de Pampas. Tambien se advierte que lleva un boleto que se le saco por favor del señor Ministro para su seguridad para mi servicio, por lo que ya no le es valido. Ignacio Gonzales. Miraflores julio 28 de 1858. ",AVISO,Tomas Rivas,M,18 a 20 años,natural de Ayacucho mas el dice que es de Pampas,color mestizo,bajo de cuerpo,,,ojos grandes,,,,,,,,,,,,,,,,,,,,,,,,,,,,,,19.0,Bajo / Pequeño,Desconocido,Desconocido,grandes,Desconocido,Desconocido,Desconocido,Desconocido,Desconocido,Desconocido,Desconocido,Mestizos,1,1,0,5,5,0,3,3,2,4,6,5
411,1858-07-29,"Una cholita el viernes 23 en la noche, tiene una señal de un corte en el carrillo derecho y en la frente, gordita, peloncita. La persona que la entregue se le gratificara con 25 pesos en la Alameda de Acho tienda n. 97. Repetido en n. 5741, 30 de julio de 1858, p. 1. ",SE HA FUGADO,,F,,,cholita,,gordita,,,,,,,,,,,,peloncita,,,señal de un corte en el carrillo derecho y en la frente,,,,,,,,,,,,,,,,,Desconocido,Desconocido,Grueso / Gordo / Robusto,Desconocido,Desconocido,Desconocido,Desconocido,Desconocido,Desconocido,Desconocido,Desconocido,Desconocido,Cholos/Chinas,2,3,0,0,5,0,3,3,2,4,6,2
412,1858-08-14,"Se dará una gratificación a la persona que dé razón o presente en la casa número 32 de la cuadra de las Animitas á un muchacho nombrado Cayetano, que es natural de Huamanga de edad de doce a trece años, está vestido de un pantalón de paño negro y un chaquetón de manfur azul viejo y sombrero de paja blanco, es manco de un brazo pues del codo tiene un huezo afuera, se ha salido este a las 5 de la tarde del nueve del presente. La persona que lo oculte incurrirá en la pena que previene el Reglamento de Policía"". Reimpreso en EC, n. 5764, 20 de agosto de 1858, p. 4; EC, n. 5766, 23 de agosto de 1858, p. 4. ",ALERTA CON EL AVISO,Cayetano,M,12 a 13 años,natural de Huamanga,,,,,,,,,,,,,,,,,,,,,,,manco de un brazo pues del codo tiene un huezo afuera,,pantalón de paño negro,,,sombrero de paja blanco,,chaquetón de manfur azul viejo,,,,,12.5,Desconocido,Desconocido,Desconocido,Desconocido,Desconocido,Desconocido,Desconocido,Desconocido,Desconocido,Desconocido,Desconocido,Desconocido,2,1,0,0,5,0,3,3,2,4,6,3
413,1858-08-17,"Se dará buena gratificación a la persona que dé razón de un muchacho que se ha fugado hoy á las ocho de la mañana de la casa de sus patrones; calle de la Chacarilla, se llama Aniceto, natural de Jauja, color indio, cara redonda, de doce a trece años de edad, lleva tuin de lustrín negro, pantalón de drill color plomo. En la pastelería de las Campanas se dará la gratificación a la persona que entregue o dé razón, previniendo que si lo ocultare será responsable á la multa y gastos que las leyes señalan",OJO ,Aniceto,M,12 a 13 años,natural de Jauja,color indio,,,cara redonda,,,,,,,,,,,,,,,,,,,,tuin de lustrín negro,pantalón de drill color plomo,,,,,,,,,,12.5,Desconocido,Desconocido,Forma geométrica / estructura,Desconocido,Desconocido,Desconocido,Desconocido,Desconocido,Desconocido,Desconocido,Desconocido,Indígena,2,1,2,0,5,0,3,3,2,4,6,4
414,1858-08-25,"El Martes 24 del corriente se ha fugado de la casa número 6 calle de Zárate, un cholo como de quince años, nombrado Diego Quispe; su patrón a quién la familia se lo entregó desde chico, ya ha dado parte respectivo a la Intendencia; se sabe que trata de destinarse en una sastrería y por esto se previene á los dueños de tiendas o cualquier persona que lo haya admitido para su servicio, avise en la casa mencionada o lo remita a la Intendencia.",PREVENCIÓN,Diego Quispe,M,5 años,,cholo,,,,,,,,,,,,,,,,,,,,,,,,,,,,,,,,,,5.0,Desconocido,Desconocido,Desconocido,Desconocido,Desconocido,Desconocido,Desconocido,Desconocido,Desconocido,Desconocido,Desconocido,Cholos/Chinas,2,1,0,0,5,0,3,3,2,4,6,2
415,1858-08-26,"“Se dará una gratificación á la persona que entregue ó de noticias del paradero de un cholito de nueve a diez años, gordo, de cara abultada, medio ñato, que se ha fugado de casa de sus patrones y se avisa también que la persona que lo tuviese y no lo entregase incurrirá en la Pena del Reglamento de Policía. En esta imprenta darán razón"". Reimpreso en EC, 5772, 28 de agosto de 1858, p. 4; EC, n. 5773, 31 de agosto de 1858, p. 4. ",,,M,9 a 10 años,,cholito,,gordo,cara abultada,,,,medio ñato,,,,,,,,,,,,,,,,,,,,,,,,,,,9.5,Desconocido,Grueso / Gordo / Robusto,Forma geométrica / estructura,Desconocido,Ñata,Desconocido,Desconocido,Desconocido,Desconocido,Desconocido,Desconocido,Cholos/Chinas,2,3,2,0,11,0,3,3,2,4,6,2
416,1858-08-26,"Anoche ha fugado de la casa número 405 de la calle del Prado, una cholita como de once años de edad (natural de Otuzco) robándose una sortija de un brillante. La cholita se llamaba Juana, y sus señales son: cara redonda, hocicona, de ojos chicos y bastante gorda. No tiene oradadas las orejas, y lleva puesto una camisa de cuadritos y un traje amarillo bastante sucio. Se advierte que se ha dado el correspondiente aviso a la Policía, y que la persona que oculte o apañe á la referida cholita, será responsable de la sortija que se ha llevadoo, aparte de la multa que merece conforme á las disposiciones del caso. Al que dé razón de la cholita y la entregue, se le dará media onza de gratificación"". Reimpreso en EC, n. 5771, 27 de agosto de 1858, edición de la tarde, p. 1; EC, 5774, 1 de setiembre de 1858, p. 1. ",PREVENCIÓN,Juana,F,11 años,natural de Otuzco,cholita,,bastante gorda,cara redonda,de ojos chicos,,,,hocicona,,,,,,,,,no tiene oradadas las orejas,,,,,,camisa de cuadritos y un traje amarillo bastante sucio,,,,,,,,,,,11.0,Desconocido,Grueso / Gordo / Robusto,Forma geométrica / estructura,pequeños,Desconocido,Grande / Bocona / Jetona / Hocicona,Desconocido,Desconocido,Desconocido,Camisa,Desconocido,Cholos/Chinas,2,3,2,8,5,1,3,3,2,0,6,2
417,1858-09-18,"que el 14 del corriente se ha desaparecido una sirvienta llamada Lenadra Pacheco como de 12 á 13 años de edad, recién llegada de la sierra; no habla el castellano; la persona que la tenga ocurra á esta imprenta que se le dará razón, y también recibirá una gratificación",SE PREVIENE,Lenadra Pacheco,F,12 a 13 años,recién llegada de la sierra,,,,,,,,,,,,,,,,,,,,,,,,,,,,,,,,,,,12.5,Desconocido,Desconocido,Desconocido,Desconocido,Desconocido,Desconocido,Desconocido,Desconocido,Desconocido,Desconocido,Desconocido,Desconocido,2,1,0,0,5,0,3,3,2,4,6,3
418,1858-09-27,"Se da una buena gratificación a la persona que se aviso por un cholito que se ha fugado ahora dos días de la casa n. 196, callejón de San Francisco, de 10 á 11 años de edad, color trigueño, ñato, de ojos negros muy vivos, nombrándose Marcelino, pantalón y chaquetón de color azul listado, y un poncho de frezadilla; y si acaso se sabe de quien lo tenga, y no haya dado aviso oportuno, será penado según la intendencia lo determine"". Se repite en El Comercio, n. 5797, 28 de septiembre de 1858, p.1.  ",OJO. AVISO INTERESANTE,Marcelino,M,10 a 11 años,,color trigueño,,,,ojos negros muy vivos,,,ñato,,,,,,,,,,,,,,,,,pantalón de color azul listado,,poncho de frezadilla,,,chaquetón de color azul listado,,,,,10.5,Desconocido,Desconocido,Desconocido,Mixta,Ñata,Desconocido,Desconocido,Desconocido,Desconocido,Desconocido,Desconocido,Trigueños/Tostados,2,1,0,1,11,0,3,3,2,4,6,9
419,1858-09-28,"El Domingo 26 del presente se ha desaparecido de casa de sus patrones un muchachito llamado Juan Sena, de edad de seis años, de origen italiano, vestido de chaqueta y pantalón de cuadros. El mismo día se salió de la casa del Coronel Ugarte un caballo de color canelo, oriundo, con una mata pequeña en el lomo, ensillado con montura de cajón, y freno con piezas de plata. El que presente el niño y el caballo se le dará una gratificación en la casa número 134 de la calle de Guadalupe",PERDIDA,Juan Sena,M,6 años,italiano,,,,,,,,,,,,,,,,,,,,,,,,,pantalón de cuadros,,,,,chaqueta,,,,,6.0,Desconocido,Desconocido,Desconocido,Desconocido,Desconocido,Desconocido,Desconocido,Desconocido,Desconocido,Desconocido,Desconocido,Desconocido,2,1,0,0,5,0,3,3,2,4,6,3
421,1858-10-05,"Ayer á las tres y media de la tarde se ha fugado una muchacha de once años nombrada Mercedes, perteneciente á la Sra. Doña Manuela Suarez. La persona que la haya inquietado ó la tenga debe entregarla en cumplimiento del artículo 189 del Reglamento de Policia, y bajo la responsabilidad que en él se impone caso de verificarlo. La señora vive en la Alameda de los Des.. á mano izquierda en una casa que está junto á la pintada como la Iglesia de San Pedro. La muchacha tiene una cicatriz muy notable en la cara, y es pequeña y gordita, casta india.",AVISO,Mercedes,F,11 años,,casta india,pequeña,gordita,,,,,,,,,,,,,,,cicatriz muy notable en la cara,,,,,,,,,,,,,,,,,11.0,Bajo / Pequeño,Grueso / Gordo / Robusto,Desconocido,Desconocido,Desconocido,Desconocido,Desconocido,Desconocido,Desconocido,Desconocido,Desconocido,Desconocido,1,3,0,0,5,0,3,3,2,4,6,3
422,1858-10-06,"Se ha huido de casa de su patrona un muchacho nombrado Felipe, de señales siguientes: color negro, edad 10 años, manco de los dedos de la mano izquierda, los ojos siempre le están llorando. La persona que lo entregue en la calle de San Antonio; casa número 63 se le dará una gratificación, de lo contrario se hará responsable de los perjuicios que origine el que lo tenga oculto en su casa porque este muchacho de la manumisión fue entregado por la autoridad, y educado y sostenido hasta hoy por su patrona”. Reimpreso en EC, n. 5805, 7 de octubre de 1858, p. 1; EC 5806, 8 de octubre de 1858, p. 1; EC 5807, 9 de octubre de 1858, p. 1. ",AVISO,Felipe,M,10 años,,color negro,,,,los ojos siempre le están llorando,,,,,,,,,,,,,,,,,,manco de los dedos de la mano izquierda,,,,,,,,,,,,10.0,Desconocido,Desconocido,Desconocido,Desconocido,Desconocido,Desconocido,Desconocido,Desconocido,Desconocido,Desconocido,Desconocido,Pardos/Prietos/Mulatos,2,1,0,0,5,0,3,3,2,4,6,6
423,1858-10-07,"El Miercoles 15 de Septiembre de 1858 se ha desaparecido á las 9 del dia dos cholitos en la cuadra de Ma.. una tiene 11 años, la otra 10, la mayor se llama Eulalia y la menor Inoce..Las personas interesadas me aho.. el aviso. En esta imprenta darán razon.  ",,Eulalia e Inoce..,F,11 y 10 años,,cholitas,,,,,,,,,,,,,,,,,,,,,,,,,,,,,,,,,,11.83,Desconocido,Desconocido,Desconocido,Desconocido,Desconocido,Desconocido,Desconocido,Desconocido,Desconocido,Desconocido,Desconocido,Desconocido,2,1,0,0,5,0,3,3,2,4,6,3
424,1858-10-09,"24 días ha desaparecido de la casa de su patrón en el momento de mandarlo á aprender un oficio un muchacho llamado Juan Basombrío de edad de 12 a 13 años. No se había puesto este aviso antes porque se creía se hubiese ido a su tierra (Cañete), ahora que se tiene noticia cierta que no está en esa, se le suplica a la persona que lo tenga, o quiera ocultarlo lo entregue en el acto o de no se le hace responsable de todos los perjuicios que puedan resultar de la ocultación, pues este ha ssido entregado por sus padres hace diez años. Sus señales son las siguientes: color pardo, pelo crespo, cara grande, nariz ñata, ojos pardos regulares, ceja cerrada, muy ancha, tiene una cicatriz debajo de un ojo, al hablar es un poco bajo y cansado; está vestido con una camisa de listado nueva con botones de hueso en el pecho y cuello, pantalón flor de romero mezcla de casimir. Se repite en EC 5810, 12 de octubre de 1858, p. 4 y EC 5811, 13 de octubre de 1858, p. 4; EC 5811, 13 de octubre de 1858, p. 4. ",HACE,Juan Basombrío,M,12 a 13 años,Cañete,color pardo,,,cara grande,ojos pardos regulares,"ceja cerrada, muy ancha",,nariz ñata,,,,,,,,pelo crespo,,cicatriz debajo de un ojo,,,,,,camisa de listado nueva con botones de hueso en el pecho y cuello,pantalón flor de romero mezcla de casimir,,,,,,,,,,12.5,Desconocido,Desconocido,Tamaño / proporción,Mixta,Ñata,Desconocido,Desconocido,Desconocido,Desconocido,Camisa,Desconocido,Pardos/Prietos/Mulatos,2,1,5,1,11,0,3,3,2,0,6,6
425,1858-10-11,"El 6 del corriente ha fugado un muchacho (indígena) nombrado Atanasio Carbajal, de 7 a 8 años de edad, la persona que lo ocultare será responsable de los resultados que demanden sus padres, ó patrón á cuyo cargo estaba, y la que lo presente en la casa del señor Morel (Peña Horadada) en el principal de los altos será gratificada",AVISO,Atanasio Carbajal,M,7 a 8 años,,indígena,,,,,,,,,,,,,,,,,,,,,,,,,,,,,,,,,,7.5,Desconocido,Desconocido,Desconocido,Desconocido,Desconocido,Desconocido,Desconocido,Desconocido,Desconocido,Desconocido,Desconocido,Desconocido,2,1,0,0,5,0,3,3,2,4,6,3
426,1858-10-12,"De la calle de Huerfanos número 10, ha fugado una sirvienta llamada Josefa Prieto, de edad de diez años, delgadita, picada de viruelas, de nariz ancha media ñata, boca regular, facciones aguileñas, pelo chino. La persona que la tenga la entregará á su madrina Doña Josefa Zapata que vive en la citada calle, la que dará una buena gratificacion al que la entregue. Se advierte que al que la oculte será responsable de los daños y perjuicios que ha causado.  ",AVISO AL PUBLICO,Josefa Prieto,F,10 años,,,,delgadita,facciones aguileñas,,,,nariz ancha media ñata,boca regular,,,,,,,pelo chino,,,picada de viruelas,,,,,,,,,,,,,,,,10.0,Desconocido,Delgado / Flaco,Forma geométrica / estructura,Desconocido,Mixta,Regular / Normal,Desconocido,Desconocido,Desconocido,Desconocido,Desconocido,Desconocido,2,0,2,0,7,3,3,3,2,4,6,3
429,1858-10-14,"De la calle de los Huérfanos número diez ha fugado un sirviente llamado José Salas del pueblo de Cotahuasi, de edad de ocho años, cara ancha, sopon, cabezón, ojos grandes, nariz delgada, boca regular con un lugar frente a la nariz, frente pequeña y chata, orejón, es indígena de color claro. Hace días que fugó y no se sabe su paradero. La persona que lo tenga lo presentará a su patrona Doña Josefa Zavala, quien dará una buena gratificación. Se advierte que si alguno lo ha ocultado y no lo presenta, tendrá que abonar los daños y perjuicios que ha causado",AVISO AL PÚBLICO,José Salas,M,8 años,Cotahuasi,indígena de color claro,,,cara ancha,ojos grandes,,,nariz delgada,boca regular con un lugar frente a la nariz,,,frente pequeña y chata,,,,,,,,,,,,,,,,,,,,,,,8.0,Desconocido,Desconocido,Forma geométrica / estructura,grandes,Delgada,Regular / Normal,Estrecha / Hundida / Chata,Desconocido,Desconocido,Desconocido,Desconocido,Desconocido,2,1,2,5,4,3,4,3,2,4,6,3
430,1858-10-16,"El Lunes 11 del presente se ha ido de la casa de su patrón un peruanito como de 16 años nombrado Andrés Suasnabar, a quien su hermano puso ahí hasta que él determinase. Se ha llevado su baúl con su ropa ocultamente y se infiere halla tomado algunas otras cosas de la casa. La persona que de noticia de el tendrá una gratificación, y la que lo ocultare sufrirá la pena que el Reglamento de Policía ordena en tales casos. Tiene un hermano en esta que puede haberlo admitido, y se le previene ppara que no se esponga a sufrir lo que no debe lo devuelva a casa de su patrón que vive en la calle de San Lázaro número 52",AVISO,Andrés Suasnabar ,M,6 años,,peruanito,,,,,,,,,,,,,,,,,,,,,,,,,,,,,,,,,,6.0,Desconocido,Desconocido,Desconocido,Desconocido,Desconocido,Desconocido,Desconocido,Desconocido,Desconocido,Desconocido,Desconocido,Peruanos,2,1,0,0,5,0,3,3,2,4,6,7
431,1858-10-19,"Ha desaparecido de la calle del Tigre casa n. 100 una serranita nombrada Anselma de diez años, habiéndosele mandado por velas a la velería de San Antonio. Se pone aviso para que la persona que supiese su paradero la devuelva a la casa citada con prevención de que no haciéndolo será responsable conforme a lo dispuesto por el Reglamento de Policía la que ya tiene conocimiento de este hecho. Sus señas son: gorda, pelona, cara redonda, bocona, labios delgados, nariz roma, ojos pardos y manca del brazo izquierdo. No habla el castellano”. Se repite en EC, n. 5818, 20 de octubre de 1858, p. 4; EC, n. 5820, 22 de octubre de 1858, p. 4.  ",PERDIDA,Anselma,F,10 años,serranita,,,gorda,cara redonda,ojos pardos,,,nariz roma,bocona,labios delgados,,,,,pelona,,,,,,,,manca del brazo izquierdo,,,,,,,,,,,,10.0,Desconocido,Grueso / Gordo / Robusto,Forma geométrica / estructura,pardos,Roma,Grande / Bocona / Jetona / Hocicona,Desconocido,Pelona / Rapada / Sin pelo,Desconocido,Desconocido,Desconocido,Desconocido,2,3,2,7,10,1,3,5,2,4,6,3
432,1858-10-20,"Desde el domingo 17 del corriente Octubre falta de su casa una muchachita mestiza de Huaraz como de 14 á 15 años, nombrada ""Jesusa"". La persona que la tenga en su poder, ó quiera servirse de ella, incurrirá en las penas que establece el Reglamento de Policía, luego que se descubra su paradero; por el contrario, tendrá una gratificación, quien lo indique o lleve a la muchacha a su casa esquina de Valladolid n. 189"". Reimpreso en EC 5819, 21 de octubre de 1858, p. 1; EC, n. 5820, 22 de octubre de 1858, p. 1; EC 5821, 23 de octubre de 1858, p. 1. ",AVISO,Jesusa,F,14 a 15 años,Huaraz,mestiza,,,,,,,,,,,,,,,,,,,,,,,,,,,,,,,,,,14.5,Desconocido,Desconocido,Desconocido,Desconocido,Desconocido,Desconocido,Desconocido,Desconocido,Desconocido,Desconocido,Desconocido,Mestizos,2,1,0,0,5,0,3,3,2,4,6,5
433,1858-10-30,"muchacha pequeña de edad de cinco para seis años la han tomado de casa del difunto señor Coronel Matiz calle de Guadalupe el Miércoles 27 del presente de color china chola su nombre Manuela López. La persona que de noticia de su paradero la entreguen en la referida casa se dará una gratificación"". Reimpreso en El Comercio, n. 5831, 2 de noviembre de 1858, p. 4. ",UNA,Manuela López,F,5 para 6 años,,china chola,,,,,,,,,,,,,,,,,,,,,,,,,,,,,,,,,,5.5,Desconocido,Desconocido,Desconocido,Desconocido,Desconocido,Desconocido,Desconocido,Desconocido,Desconocido,Desconocido,Desconocido,Cholos/Chinas,2,1,0,0,5,0,3,3,2,4,6,2
434,1858-10-30,"Se ha salido de la casa número 59 de la calle de la Pileta de la Trinidad una muchacha como de […] años de edad, natural del departamento de Puno, llamada Francisca, y muy parecida á los habitantes del Imperio Co..Se ha dado parte á la Policia para hacer responsable á la persona ó personas que lo admitan á su servicio.  ",,Francisca,F,,Puno,,,,,,,,,,,,,,,,,,,,,,,,,,,,,,,,,,,Desconocido,Desconocido,Desconocido,Desconocido,Desconocido,Desconocido,Desconocido,Desconocido,Desconocido,Desconocido,Desconocido,Desconocido,Desconocido,2,1,0,0,5,0,3,3,2,4,6,3
435,1858-10-30,"Ayer de ocho á nueve de la mañana se ha desaparecido del Bara.. un muchacho llamado Patricio, correspondiente al Dr. D. Pedro A La-R..La persona que lo tenga, debe entregarlo en los sitios número 10 de la casa n°151 al costado de Bara.., en cumplimiento del articulo 129 del Reglamento de Policia, y bajo la responsabilidad que allí se impone caso de no verificarlo. Sus señales son: cabeza razurada con una pequeña […] delante; cara aguileña; cuerpo delgado; color indio; edad […] años; vestido pantalon y bluza de género de li.. celestes. Se pone este aviso para que llegue al conocimiento del que tenga y […] los efectos legales. Lima, 1° de Octubre de 1858.  ",AVISO ,Patricio,M,,,color indio,,cuerpo delgado,cara aguileña,,,,,,,,,,,cabeza razurada,,,,,,,,,bluza de género de li.. celeste,pantalón de género de li.. celeste,,,,,,,,,,Desconocido,Desconocido,Delgado / Flaco,Forma geométrica / estructura,Desconocido,Desconocido,Desconocido,Desconocido,Pelona / Rapada / Sin pelo,Desconocido,Desconocido,Desconocido,Indígena,2,0,2,0,5,0,3,5,2,4,6,4
436,1858-11-23,"En la mañana de hoy se ha fugado de la tienda n. 67 calle de las Manteras, una muchacha llamada Candelaria de 14 años de edad. Sus señales son: india, pequeña de cuerpo, cara redonda, pelo algo corto. La persona que la oculte sufrirá la pena que señala el Reglamento de Policía",AVISO,Candelaria,F,14 años,,india,,pequeña de cuerpo,cara redonda,,,,,,,,,,,pelo algo corto,,,,,,,,,,,,,,,,,,,,14.0,Desconocido,Pequeño / Retaco,Forma geométrica / estructura,Desconocido,Desconocido,Desconocido,Desconocido,Corto / Cortado / Recortado,Desconocido,Desconocido,Desconocido,Indígena,2,4,2,0,5,0,3,2,2,4,6,4
437,1858-11-30,"El 10 del presente se han sustraído del Callao por medio de engaños una muchachita que estaba en la escuela, nombrada Rita Cano, de 10 á 11 años de edad, bajita de cuerpo, mesticita, ñata: se sabe por algunas personas que se halla en Lima. Se advierte al que lo oculte o en cuyo poder se encuentre que tendrá que responder los cargos que le harán sus padres ante la Intendencia de Policía si no la presentase después de publicado este aviso, y al que dé noticia de su paradero en la calle de Santa Teresa n. 41 se le dará una gratificación”. Reimpreso en El Comercio, n. 5865, 4 de diciembre de 1858, p. 1.  ",PERDIDA DE UNA MUCHACHITA,Rita Cano,F,10 a 11 años,,mesticita,bajita de cuerpo,,,,,,ñata,,,,,,,,,,,,,,,,,,,,,,,,,,,10.5,Desconocido,Desconocido,Desconocido,Desconocido,Ñata,Desconocido,Desconocido,Desconocido,Desconocido,Desconocido,Desconocido,Mestizos,2,1,0,0,11,0,3,3,2,4,6,5
438,1858-12-03,"Hoy como a las tres de la tarde se ha perdido desde la Plaza Nueva una muchachita de edad de nueve años, mesticita, traje de élan rosado, polquita morada, con sombrero grande guarapón morado, se llama Juana Rojas, va acompañada de un indiecito en mangas de camisa, de 12 años llamado Manuelito Balbendi, sombrerito huachacho en boliviano. La persona que los tenga ocurra a esta imprenta donde recibirá una gratificación"". Reimpreso en El Comercio, n. 5865, 4 de diciembre de 1858, p. 1; El Comercio, n. 5867, 6 de diciembre de 1858, p. 1; EC 5868, 7 de diciembre de 1858, p. 1. ",MUCHACHITA PERDIDA,Juana Rojas,F,9 años,,mesticita,,,,,,,,,,,,,,,,,,,,,,,traje de élan rosado,,,,sombrero grande guarapón morado,,polquita morada,,,,,9.0,Desconocido,Desconocido,Desconocido,Desconocido,Desconocido,Desconocido,Desconocido,Desconocido,Desconocido,Desconocido,Desconocido,Mestizos,2,1,0,0,5,0,3,3,2,4,6,5
439,1858-12-03,"Antes de ayer Miércoles a las doce del día ha desaparecido de la calle de Mogollón n. 160 una muchacha llamada Petronila de la edad de 14 años, cuyas señales son las siguientes: de regular tamaño, algo flaca, trigueña, cabeza irregular, pequeña y de pelo corto, y desigual, frente pequeña, boca grande, labios gruesos, ojos estrechos y con un traje de merino color jacinto y pañuelón negro; sobre todo se la conoce por el vicio con que habla el castellano mezclado con la quichua. La persona que la entregue recibirá una gratificación y la que la oculte sufrirá las penas señaladas por el Reglamento de Policía",AVISO,Petronila,F,14 años,,trigueña,de regular tamaño,algo flaca,cabeza irregular,ojos estrechos,,,,boca grande,labios gruesos,,frente pequeña,,,pelo corto y desigual,,,,,,,,,traje de merino color jacinto,,,,,pañuelón negro,,,,,,14.0,Desconocido,Delgado / Flaco,Forma geométrica / estructura,pequeños,Desconocido,Grande / Bocona / Jetona / Hocicona,Chica / Pequeña,Corto / Cortado / Recortado,Desconocido,Traje,Desconocido,Trigueños/Tostados,2,0,2,8,5,1,1,2,2,8,6,9
440,1858-12-03,"Un cholito de nueve años de edad, ojos grandes, cara redonda, nombrado Manuel Pacheco que lo entregue en la casa del Sr. Román, calle de la Palma n. 256; y de no hacerlo pagará la multa impuesta por la Policía en este caso”. Reimpreso en El Comercio, n. 5865, 4 de diciembre de 1858, p. 1; El Comercio, n. 5867, 6 de diciembre de 1858, p.1. ",SE HA HUIDO,Manuel Pacheco,M,9 años,,cholito,,,cara redonda,ojos grandes,,,,,,,,,,,,,,,,,,,,,,,,,,,,,,9.0,Desconocido,Desconocido,Forma geométrica / estructura,grandes,Desconocido,Desconocido,Desconocido,Desconocido,Desconocido,Desconocido,Desconocido,Cholos/Chinas,2,1,2,5,5,0,3,3,2,4,6,2
441,1858-12-04,"hecho negocio (según costumbre del Hospital de San Andrés) con un mesticito de nueve años que lo llevó su patrón enfermo, nómbrase Melchor Obregón; quien lo tenga puede entregarlo al señor Coronel Baquero; en intelijencia que si así no lo hiciesen, quedará sujeto a la pena que le corresponda á quien lo retenga”. Reimpreso en El Comercio, n. 5867, 6 de diciembre de 1858, p. 4; El Comercio, n. 5868, 7 de diciembre de 1858, p. 4; El Comercio, n. 5873, 13 de diciembre de 1858, p. 4. ",HAN,,M,9 años,,mesticito,,,,,,,,,,,,,,,,,,,,,,,,,,,,,,,,,,9.0,Desconocido,Desconocido,Desconocido,Desconocido,Desconocido,Desconocido,Desconocido,Desconocido,Desconocido,Desconocido,Desconocido,Mestizos,2,1,0,0,5,0,3,3,2,4,6,5
442,1858-12-04,"el día de ayer 3 un cholito de 11 a 12 años de edad, llamado Manuel Igreda, sus señales son: cara aguileña, gordito, vestido con chaquetón de algodón a cuadros azul y morado, pantalón de color y sombrero de paja de Guayaquil. Quien lo entregue á su patrón en la calle de la pileta de Santo Domingo número 21 callejón del Sosiego recibirá una gratificación”. Reimpreso en El Comercio, n. 5867, 6 de diciembre de 1858, p. 4. ",SE HA HUIDO,Manuel Igreda,M,11 a 12 años,,cholito,,gordito,cara aguileña,,,,,,,,,,,,,,,,,,,,,pantalón de color,,,sombrero de paja de Guayaquil,,chaquetón de algodón a cuadros azul y morado,,,,,11.5,Desconocido,Grueso / Gordo / Robusto,Forma geométrica / estructura,Desconocido,Desconocido,Desconocido,Desconocido,Desconocido,Desconocido,Desconocido,Desconocido,Cholos/Chinas,2,3,2,0,5,0,3,3,2,4,6,2
443,1858-12-07,"El 30 del proximo pasado ha desaparecido de los altos n°174 calle de Soledad una muchacha de 12 á 13 años llamada Alejandra Gonzalez -Sus señales son: cara redonda, ojos pardos, ceja poblada, boca regular, color mestizo, pelo corto, color castaño. Su vestido traje de olan […], pañuelo de algodon negro á cuadros […]. Se ofrece una buena gratificacion á la persona que entregue ó avise su paradero; advirtiendo que el individuo que la tenga y no entregue mediante este aviso será […] el Reglamento de Policia.  ",,Alejandra Gonzalez,F,12 a 13 años,,color mestizo,,,cara redonda,ojos pardos,ceja poblada,,,boca regular,,,,,,pelo corto color castaño,,,,,,,,,vestido traje de olan,,,,,pañuelo de algodon negro á cuadros,,,,,,12.5,Desconocido,Desconocido,Forma geométrica / estructura,pardos,Desconocido,Regular / Normal,Desconocido,Corto / Cortado / Recortado,Desconocido,Vestido,Desconocido,Mestizos,2,1,2,7,5,3,3,2,2,10,6,5
445,1858-12-15,"La persona que de razón en la casa n. 173 de la cuadra de Santa Catalina, de un cholito de edad de 12 años, de color trigueño; y vestido con una camisa de color, un chaleco de lana y un pantalón negro; todo ello bastante gastado ya; que se huyó el día 8 del presente llevándose una docena de cucharas de plato; recibirá una buena gratificación. Y la persona que no obstante este aviso lo retenga en su poder o procure ocultarlo será responsable a los cargos y perjuicios que ocasionase",AVISO,,M,12 años,,color trigueño,,,,,,,,,,,,,,,,,,,,,,,camisa de color,pantalón negro,,,,,chaleco de lana,,,,,12.0,Desconocido,Desconocido,Desconocido,Desconocido,Desconocido,Desconocido,Desconocido,Desconocido,Desconocido,Camisa,Desconocido,Trigueños/Tostados,2,1,0,0,5,0,3,3,2,0,6,9
447,1858-12-24,"Se ha huido por inquietud un cholito de ocho a diez años de edad, retaco, ñato, carantón, ojos grandes, trigueño, y lenguaraz, que apenas entiende el castellano. La persona en cuya casa esté lo entregará en la de Argandoña n. 114 a su patrona Doña Carmen Castro, quien ha dado el correspondiente aviso al Sr. Intendente, para que en caso de no entregarlo se le abonen los perjuicios",AVISO,,M,9 a 10 años,,trigueño,,retaco,carantón,ojos grandes,,,ñato,,,,,,,,,,,,,,,,,,,,,,,,,,,9.5,Desconocido,Pequeño / Retaco,Desconocido,grandes,Ñata,Desconocido,Desconocido,Desconocido,Desconocido,Desconocido,Desconocido,Trigueños/Tostados,2,4,0,5,11,0,3,3,2,4,6,9
448,1858-12-27,"en la mañana de hoy una chiquita de año y ocho meses que apenas puede pronunciar algunas palabras, color mesticita, de ojos negros, y cara redonda, estaba vestida con una polka negra y calzones de color aurora. Quien la hubiese encontrado ocurra al callejón de Petateros junto a la chingana",SE HA PERDIDO,,F,año y 8 meses,,color mesticita,,,cara redonda,ojos negros,,,,,,,,,,,,,,,,,,,,calzones de color aurora,,,,,polka negra,,,,,1.67,Desconocido,Desconocido,Forma geométrica / estructura,negros,Desconocido,Desconocido,Desconocido,Desconocido,Desconocido,Desconocido,Desconocido,Mestizos,2,1,2,6,5,0,3,3,2,4,6,5
449,1859-01-03,"El 28 en la mañana se ha perdido una cholita de la casa de sus patrones, se llama Juana Pacheco de edad de diez ú once años, cara aguileña, nariz afilada; no entiende nada de castellano. La persona que la tuviere, la encontrase o supiese del lugar de su existencia, dará razón en la esquina de San Lázaro, establecimiento de don Juan Fernández, donde se le gratificará",OJO,Juana Pacheco,F,10 a 11 años,,cholita,,,cara aguileña,,,,nariz afilada,,,,,,,,,,,,,,,,,,,,,,,,,,,10.5,Desconocido,Desconocido,Forma geométrica / estructura,Desconocido,Afilada,Desconocido,Desconocido,Desconocido,Desconocido,Desconocido,Desconocido,Cholos/Chinas,2,1,2,0,0,0,3,3,2,4,6,2
451,1859-01-11,"De la casa número 59 de la Chacarilla se han sacado una cholita de 10 años de edad llamada Antonia, está vestida de negro, traje de elan y pañuelón de vapor; es de cara larga, algo picada de viruelas, ojos chicos, pelo corto que le llega al hombro. Se ha dado parte a la Intendencia y la persona que la oculte sufrirá las penas a que haya lugar"". Se repite en El Comercio, n. 5903, 12 de enero de 1859, p.1, El Comercio, n. 5905, 13 de enero de 1859, p.1.  ",ROBO DE UNA CHOLITA,Antonia,F,10 años,,cholita,,,cara larga,ojos chicos,,,,,,,,,,pelo corto que le llega al hombro,,,,algo picada de viruelas,,,,,traje de elan,,,,,pañuelón de vapor,,,,,,10.0,Desconocido,Desconocido,Forma geométrica / estructura,pequeños,Desconocido,Desconocido,Desconocido,Corto / Cortado / Recortado,Desconocido,Traje,Desconocido,Cholos/Chinas,2,1,2,8,5,0,3,2,2,8,6,2
452,1859-01-13,"De la casa n° 166 calle de las Campanas, abajo del Puente ha desaparecido á las seis de la mañana de hoy una cholita llamada Maria de edad de doce años, iba vestida con traje de olan morado con blanco de […] y pañuelon negro de merino tiene por particular el estar con el pelo cortado. La persona que dé razon se le dará una gratificacion; como igualmente la persona que tenga en su casa será multado por la intendencia de Policia á la cual ya se le ha dado parte.  ",AVISO,Maria,F,12 años,,cholita,,,,,,,,,,,,,,pelo cortado,,,,,,,,,traje de olan morado con blanco,,,,,pañuelon negro de merino,,,,,,12.0,Desconocido,Desconocido,Desconocido,Desconocido,Desconocido,Desconocido,Desconocido,Corto / Cortado / Recortado,Desconocido,Traje,Desconocido,Cholos/Chinas,2,1,0,0,5,0,3,2,2,8,6,2
453,1859-01-14,"Anoche ha fugado de la casa de sus patrones un muchacho de siete a ocho años de edad, llamado Gregorio, casta indio, gordo, cara redonda, ñato; varias cicatrices en la frente; muy cerrado para hablar el castellano, como hijo de una de las provincias de Ayacucho; ha salido vestido con una camisa de color morado, pantalón de casimir plomo, sin sombrero ni zapatos. Se ha dado a la H. Municipalidad conocimiento de esta ocurrencia, pidiéndose que a la persona que le retenga se le aplique la pena a que se hace acreedor; ahora se suplica a quien lo tenga avise en la cigarrería de la calle de Piedra, frente a la casa de la finada Condesa de Fuente Gonzalez”. Reimpreso en El Comercio 5907, 15 de enero de 1859, p. 1. ",AVISO,Gregorio,M,7 a 8 años,Ayacucho,casta indio,,gordo,cara redonda,,,,ñato,,,,,,,,,,varias cicatrices en la frente,,,,,,camisa de color morado,pantalón de casimir plomo,sin zapatos,,sin sombrero,,,,,,,7.5,Desconocido,Grueso / Gordo / Robusto,Forma geométrica / estructura,Desconocido,Ñata,Desconocido,Desconocido,Desconocido,Desconocido,Desconocido,Desconocido,Indígena,2,3,2,0,11,0,3,3,2,4,6,4
454,1859-01-17,"""En la noche de ayer ha desaparecido de la casa número 4 calle de la Buenamuerte, una cholita de ocho años, nombrada Juana, que no habla con claridad el castellano y cuyas señales son: cara aguileña, color blanco, pecosita y pelona; vestida con traje de olan de cuadros menudos morado, pañoleta de levantina y zapatos de cordoban. La persona que la haya recibido y no cumpla con entregarla en la casa mencionada, será responsable conforme al artículo 129 del Reglamento de Policía, a los cargos en el caso de ocultamiento se le harán por el que suscribe; quien ofrece una gratificación al que le de aviso del paradero de dicha cholita”.     * Este aviso es peculiar porque no aparece en la sección de avisos sino en “Comunicados” y con el remitente firmando con su nombre y apellido. Se repite en El Comercio, n. 5910, 18 de enero de 1859, p. 1; El Comercio 5911, 19 de enero de 1859, p. 1; El Comercio, n. 5914, 21 de enero de 1859, p. 4.  ",PERDIDA,Juana,F,8 años,,color blanco,,,cara aguileña,,,,,,,,,,,pelona,,,,,pecosita,,,,traje de olan de cuadros menudos morado,,zapatos de cordoban,,,pañoleta de levantina,,,,,,8.0,Desconocido,Desconocido,Forma geométrica / estructura,Desconocido,Desconocido,Desconocido,Desconocido,Pelona / Rapada / Sin pelo,Desconocido,Traje,Desconocido,Blancos/Claros,2,1,2,0,5,0,3,5,2,8,6,1
455,1859-01-19,"En la noche de ayer ha fugado de casa de sus patrones una cholita como de doce años de edad llamada Gabriela robándome una sortija de brillantes valo de quince onzas de oro, sus señales son cara redonda, lunarosa, baja de cuerpo, lleva un traje color café con polca de lo mismo. La persona que la tenga la entregará en la calle San Antonio n. 75 teniendo cuidado registrarla en el acto para sacarle la sortija ingorándose si ha robado algunas otras cosas más de un baúl que abrió sustrayendo la llave, si no la entregará el que la oculte será responsable del robo que ha hecho. Lima, Enero 20 de 1859”. Se repite en El Comercio, n. 5910, 22 de enero de 1859, p.1; El Comercio, n. 5915, 22 de enero de 1859, p. 1. ",AL PÚBLICO,Gabriela,F,12 años,,cholitas,baja de cuerpo,,cara redonda,,,,,,,,,,,,,,,,lunarosa,,,,traje color café,,,,,,polca color café,,,,,12.0,Bajo / Pequeño,Desconocido,Forma geométrica / estructura,Desconocido,Desconocido,Desconocido,Desconocido,Desconocido,Desconocido,Desconocido,Desconocido,Desconocido,1,1,2,0,5,0,3,3,2,4,6,3
456,1859-01-25,"El Lunes 24 a las ocho de la mañana se salió de la casa de su patron en el Callao una cholita llamada Manuela Rojas. Sus senales son las siguientes: de nueve á dies años de edad, con un traje rosado, con plomo á [...] color trigueño, gordita y lleva un pañuelon [..] con negro á cuadros. A la persona que la entregue se le gratificará y en [...] de ocultar [...] se le aplicará la multa señala el Reglamento de Policia",AVISO,Manuela Rojas,F,9 a 10 años,,color trigueño,,gordita,,,,,,,,,,,,,,,,,,,,,"traje rosado, con plomo á [...]",,,,,pañuelon [..] con negro á cuadros,,,,,,9.5,Desconocido,Grueso / Gordo / Robusto,Desconocido,Desconocido,Desconocido,Desconocido,Desconocido,Desconocido,Desconocido,Desconocido,Desconocido,Trigueños/Tostados,2,3,0,0,5,0,3,3,2,4,6,9
457,1859-01-28,Se ha fugado de casa de sus padres un muchacho nombrado Agustín Ramos; casta indígena de 15 años y tiene una cicatriz en el brazo. A quien avise de su paradero se le gratificará,AVISO,Agustín Ramos,M,5 años,,casta indígena,,,,,,,,,,,,,,,,,cicatriz en el brazo,,,,,,,,,,,,,,,,,5.0,Desconocido,Desconocido,Desconocido,Desconocido,Desconocido,Desconocido,Desconocido,Desconocido,Desconocido,Desconocido,Desconocido,Desconocido,2,1,0,0,5,0,3,3,2,4,6,3
458,1859-02-05,"El día primero del corriente, se ha perdido un muchacho llamado Francisco Sánchez, de once años de edad, tiene camisa azul, pantalón de cuadros pequeños, de zapatos chinelas negras, robusto, cabeza de pelo rebajado o parejo, color cholo. La persona que lo esté protegiendo, en su fuga u ocultación, sufrirá las penas designadas por la ley; y la que avise de su paradero, en la calle de Teatro n. 61 recibirá su gratificación”. Reimpreso en El Comercio, n. 5934, 8 de febrero de 1859, p. 1. ",AVISO,Francisco Sánchez,M,11 años,,color cholo,,robusto,,,,,,,,,,,,cabeza de pelo rebajado o parejo,,,,,,,,,camisa azul,pantalón de cuadros pequeños,zapatos chinelas negras,,,,,,,,,11.0,Desconocido,Grueso / Gordo / Robusto,Desconocido,Desconocido,Desconocido,Desconocido,Desconocido,Con señas o detalles,Desconocido,Camisa,Desconocido,Desconocido,2,3,0,0,5,0,3,1,2,0,6,3
459,1859-02-12,"Ayer nueve del que rige, se ha perdido de la Plaza del Mercado á la esquina del Molino Quebrado, un cholito de edad de seis años que es del tambo frente al Hospital del Refujio, núm. 70. La persona que lo tuviese o supiese de su paradero, podrá entregarlo o avisar en dicho tambo que se le dará una gratificación. El cholito se llama Eduardo Cueto, de carita aguileña, nariz alta, boca chica, ojos regulares",AVISO,Eduardo Cueto,M,6 años,,cholito,,,carita aguileña,ojos regulares,,,nariz alta,boca chica,,,,,,,,,,,,,,,,,,,,,,,,,,6.0,Desconocido,Desconocido,Desconocido,regulares,Desconocido,Pequeña / Chica,Desconocido,Desconocido,Desconocido,Desconocido,Desconocido,Cholos/Chinas,2,1,0,9,5,2,3,3,2,4,6,2
460,1859-02-16,"En la mañana de hoy ha desaparecido de la casa de Huérfanos, una chola de once años, nombrada Magdalena, que no habla el castellano con claridad y cuyas señales son: cara redonda, ojos grandes, color cobruno, de mucho pelo, vestida con trage de lana morado, sin pañuelón y descalza.  La persona que la haya recibido y no cumpla con entregarla en la casa mencionada, será responsable conforme al artículo 129 del Reglamento de Policía, a los cargos que en el caso de ocultamiento se le harán por la que pone este aviso, quien ofrece una gratificación al que de aviso del paradero de dicha chola”. ",,Magdalena,F,11 años,,color cobruno,,,cara redonda,ojos grandes,,,,,,,,,,de mucho pelo,,,,,,,,,trage de lana morado,,descalza,,,sin pañuelón,,,,,,11.0,Desconocido,Desconocido,Forma geométrica / estructura,grandes,Desconocido,Desconocido,Desconocido,Cantidad de pelo,Desconocido,Traje,Desconocido,Trigueños/Tostados,2,1,2,5,5,0,3,0,2,8,6,9
461,1859-02-18,"“El Sabado doce del corriente, se ha perdido un cholito llamado Santiago, de edad de dies años del Hotel de la Europa N. 21. La persona que lo tenga ó diese noticia exacta de su paradero, podrá ocurrir a él á hablar con su patron de quien recibirán un competente gratificacion”. ",,Santiago,M,10 años,,cholito,,,,,,,,,,,,,,,,,,,,,,,,,,,,,,,,,,10.0,Desconocido,Desconocido,Desconocido,Desconocido,Desconocido,Desconocido,Desconocido,Desconocido,Desconocido,Desconocido,Desconocido,Cholos/Chinas,2,1,0,0,5,0,3,3,2,4,6,2
462,1859-02-28,"El Sábado [...] del que riga se ha fugado de la casa n° 131 calle de San Marcelo un cholito llamado T…, de edad de 13 á 14 años; es natural del Cuzco, y hace mas de [...] en dicha casa. La persona que lo [...]. Lima, Febrero 28 de 1859",AVISO,T...,M,13 a 14 años,natural del Cuzco,cholito,,,,,,,,,,,,,,,,,,,,,,,,,,,,,,,,,,13.5,Desconocido,Desconocido,Desconocido,Desconocido,Desconocido,Desconocido,Desconocido,Desconocido,Desconocido,Desconocido,Desconocido,Cholos/Chinas,2,1,0,0,5,0,3,3,2,4,6,2
463,1859-03-01,"El Sabado 23 del pasado se ha fugado de la casa N. 23 calle de […], un cholito llamado Jorje, de edad de once á doce años, natural de la Provincia de Andahuallas, que […] mas de un año que es hallada en servicio de dicha casa. A la persona que de razon de él […] una gratificacion; pero si teniendo no lo entrega […] hará responsable de los cargos que le haga su patron. El vestido que estuvo el dia que se perdió fué el siguiente: pantalon azul de cuadros blancos, en mangas de camisa y sin sombrero. Se repite en El Comercio, n. 5960, 4 de marzo de 1859, p.4.  ",,Jorje,M,11 a 12 años,Provincia de Andahuallas,cholito,,,,,,,,,,,,,,,,,,,,,,,n mangas de camisa,pantalon azul de cuadros blancos,,,sin sombrero,,,,,,,11.5,Desconocido,Desconocido,Desconocido,Desconocido,Desconocido,Desconocido,Desconocido,Desconocido,Desconocido,Desconocido,Rayado / Listado / Cuadros,Cholos/Chinas,2,1,0,0,5,0,3,3,2,4,10,2
464,1859-03-04,"El Miércoles 2 del presente á las seis de la tarde se ha fugado de la casa de su patron un cholito de diez á once años llamado Hilario. La persona que diese aviso razon de su paradero ó lo entregue en la casa de su patron en la calle de Santa Ana en los altos junto á la Iglesia n°15 ó en la Intendencia de Policia; […] al patron el aviso […] recibirá una gratificacion, lo mismo que la persona que lo retenga queda […] á la pena que impone el Reglamento de Policia. Se repite en El Comercio, n. 5966, 9 de marzo de 1859, p.1.  ",FUGA,Hilario,M,10 a 11 años,,cholito,,,,,,,,,,,,,,,,,,,,,,,,,,,,,,,,,,10.5,Desconocido,Desconocido,Desconocido,Desconocido,Desconocido,Desconocido,Desconocido,Desconocido,Desconocido,Desconocido,Desconocido,Cholos/Chinas,2,1,0,0,5,0,3,3,2,4,6,2
466,1859-03-09,"El 21 de Febrero á las siete de la mañana se ha salido de su casa un cholito nombrado Juan de Dios Reyes; su edad nueve á diez años, su pais Concepcion de J.., de cuerpo grueso, cara […] y borrada. La persona que lo tenga en su poder, se de.. […] á […] R. P. Me.. ",,Juan de Dios Reyes,M,9 a 10 años,Concepción de J..,cholito,,de cuerpo grueso,cara […] y borrada,,,,,,,,,,,,,,,,,,,,,,,,,,,,,,,9.5,Desconocido,Grueso / Gordo / Robusto,Desconocido,Desconocido,Desconocido,Desconocido,Desconocido,Desconocido,Desconocido,Desconocido,Desconocido,Cholos/Chinas,2,3,0,0,5,0,3,3,2,4,6,2
467,1859-03-21,"Se ha fugado de la casa de su patron el dia 11 de Marzo á las nueve del dia un muchacho llamado José Palomino, natural de Huancayo. Es zambo cholo, de edad de 12 á 14 años, estatura proporcionada, nariz algo chata, ojos chicos y vivos. H.. sombrero de pa.. burra plomo con cinta negra, […] blanco á rayas azules, pantalon de casimir de algodon á […] y zapatos de […]. Se suplica á la persona que lo tenga la entregue a su patron calle del Correo n°15 almacen de […] ó en los altos calle de los plumeros n°81. Se advierte que se ha dado parte á la Policia, y la persona que lo retenga ó lo oculte será juzgado conforme a la ley",AL PUBLICO,José Palomino,M,13 a 14 años,natural de Huancayo,zambo cholo,estatura proporcionada,,,ojos chicos y vivos,,,nariz algo chata,,,,,,,,,,,,,,,,,pantalon de casimir de algodon á […],zapatos de […],,H.. sombrero de pa.. burra plomo con cinta negra,,,,,,,13.5,Mediano / Regular,Desconocido,Desconocido,Mixta,Chata,Desconocido,Desconocido,Desconocido,Desconocido,Desconocido,Desconocido,Pardos/Prietos/Mulatos,4,1,0,1,2,0,3,3,2,4,6,6
468,1859-03-23,"A las 6 de la mañana del dia 19 del presente ha fugado un cholito natural de Yan..; de doce años de edad, llamado Silverio -Su estatura, la correspondiente: cara redonda, amulatado, pelon, ojos pequeños, nariz regular, boca pequeña, metido en carnes. […] pantalon negro de paño viejo tambien: por último sin zapatos. La persona que dé de él en la porteria del Colegio de Guadalupe, obtendrá una buena gratificacion.  ",,Silverio,M,12 años,natural de Yan..,amulatado,"Su estatura, la correspondiente",metido en carnes,cara redonda,ojos pequeños,,,nariz regular,boca pequeña,,,,,,pelon,,,,,,,,,,pantalon negro de paño viejo,sin zapatos,,,,,,,,,12.0,Desconocido,Grueso / Gordo / Robusto,Forma geométrica / estructura,pequeños,Regular / Normal,Pequeña / Chica,Desconocido,Desconocido,Desconocido,Desconocido,Roto / Viejo / Usado,Pardos/Prietos/Mulatos,2,3,2,8,9,2,3,3,2,4,11,6
469,1859-03-23,"El Jueves 17 de la semana pasada como á las seis y media de la noche, ha fugado de sus padres una peruanita nombrada Jacoba Ortiz de 11 años. La persona que la haya seducido para sacarla queda obligada á reparar las resultas que se le haga, sea cual fuese su condicion conforme al articulo del Reglamento de Policia. La persona que dé razon de ella se le dará una buena gratificacion.   ",,Jacoba Ortiz,F,11 años,,peruanita,,,,,,,,,,,,,,,,,,,,,,,,,,,,,,,,,,11.0,Desconocido,Desconocido,Desconocido,Desconocido,Desconocido,Desconocido,Desconocido,Desconocido,Desconocido,Desconocido,Desconocido,Peruanos,2,1,0,0,5,0,3,3,2,4,6,7
470,1859-03-28,"En la tarde 27 del presente Marzo, ha fugado de casa de la señora Da. Josefa Cano la cholita Melchora Zegarra, de edad de 10 años, sus señales son -cuerpo pequeño, delgada, su cara picada de viruelas, boca grande, frente muy pequeña, pelo abundante y ojos grandes. La persona que la tenga avise en la casa de dicha señora calle de Ma.. 238, y si no lo hiciese será multada.  ",,Melchora Zegarra,F,10 años,,cholita,cuerpo pequeño,delgada,,ojos grandes,,,,boca pequeña,,,frente muy pequeña,,,pelo abundante,,,,cara picada de viruelas,,,,,,,,,,,,,,,,10.0,Bajo / Pequeño,Delgado / Flaco,Desconocido,grandes,Desconocido,Pequeña / Chica,Chica / Pequeña,Cantidad de pelo,Desconocido,Desconocido,Desconocido,Cholos/Chinas,1,0,0,5,5,2,1,0,2,4,6,2
471,1859-03-29,"Ayer Viernes á las […] de la noche se ha perdido en el Callao, un cholito llamado Manuel de edad de 11 años, color peruano, chaqueta color gris con cuello azul, pantalon azul, gorra de paño sin […], sirviente de la casa del Sarjento Mayor […] Jefe del batallon Gendarmes de dicha ciudad D. Evaristo Alvarez: la persona que lo tenga en su poder, tendra la bondad de presentarlo á la Intendencia de Policia del Callao ó en su […] á la casa de la Ca.. situado en la Plaza de la Inquisicion donde vive el Sr. Mi.. con quien […], porque de lo contrario la persona que lo tenga y no […]. Se hará pre.. á la pena que s.. el Reglamento de Policia. Lima á 26 de Marzo de 1859.  ",ATENCION,Manuel,M,11 años,,color peruano,,,,,,,,,,,,,,,,,,,,,,,,pantalon azul,,,gorra de paño sin […],,chaqueta color gris con cuello azul,,,,,11.0,Desconocido,Desconocido,Desconocido,Desconocido,Desconocido,Desconocido,Desconocido,Desconocido,Desconocido,Desconocido,Azul,Peruanos,2,1,0,0,5,0,3,3,2,4,2,7
472,1859-03-30,"Hoy á las 7 de la mañana se ha perdido de la calle de los Naranjos una niñita de edad de 5 años, mesticita, que hace 20 dias que se le han quitado las tercianas, llamada Panchita Ayala, muy risueña, boca y […] chiquita afilada, peinada de dos trenzas, pelo rojo. Vestuario […] color morado cabritilla y rosado blanco. La persona que diese razon véase en la sombreria frente á la pastelería de San Andres ó de no en los Naranjos tienda de don Casimiro la Serna.  ",,Panchita Ayala,F,5 años,,mesticita,,,,,,,,boca y […] chiquita afilada,,,,,pelo rojo,,,peinada de dos trenzas,,,,,,,Vestuario […] color morado cabritilla y rosado blanco,,,,,,,,,,,5.0,Desconocido,Desconocido,Desconocido,Desconocido,Desconocido,Desconocido,Desconocido,Desconocido,Trenzas,Desconocido,Desconocido,Mestizos,2,1,0,0,5,0,3,3,7,4,6,5
473,1859-04-11,"Se ha desaparecido de la puerta de la casa situada en la calle de Plateros de San Pedro n°10 á las 7 […] de la noche del Sabado 9 de Abril una cholita nombrada Matita Dulfon; está vestida de negro, es medio […], tiene el pelo cortado. La persona que la ponga en la casa mencionada será gratificada convenientemente, y quien la retenga en su poder á pesar de esta prevencion responderá con arreglo á las leyes sobre el caso.  ",,Matilda Dulfon,F,,,cholita,,,,,,,,,,,,,,pelo cortado,,,,,,,,,,,,,,,,,,,,Desconocido,Desconocido,Desconocido,Desconocido,Desconocido,Desconocido,Desconocido,Desconocido,Corto / Cortado / Recortado,Desconocido,Desconocido,Desconocido,Cholos/Chinas,2,1,0,0,5,0,3,2,2,4,6,2
474,1859-04-18,"Anoche á las 10 y […] se ha huido de su casa un muchacho llamado Pancho Rodriguez, de edad de 10 á 11 años, estatura delgada, trigueño, ojos negros, nariz afilada, boca pequeña, pantalon verde aceituna de paño, camisa de color morada; la persona que lo retenga en su poder y no dé parte á su dueño, sufrirá las penas que impone el Reglamento de Policia. En esta imprenta darán razon.  ",,Pancho Rodriguez,M,10 a 11 años,,trigueño,estatura delgada,,,ojos negros,,,nariz afilada,boca pequeña,,,,,,,,,,,,,,,camisa de color morada,pantalon verde aceituna de paño,,,,,,,,,,10.5,Mediano / Regular,Desconocido,Desconocido,negros,Afilada,Pequeña / Chica,Desconocido,Desconocido,Desconocido,Desconocido,Verde,Trigueños/Tostados,4,1,0,6,0,2,3,3,2,4,13,9
475,1859-04-19,"Ayer en la mañana se ha perdido un cholito nombrado Tomas, de edad de diez años -sus señales son las […] -El pescuezo torcido para el lado derecho y vestido con pantalon de color gris y camisa de olan de color morado con blanco y sombrero color plomo. La persona que lo entregue ó dé razon de su paradero serpa gratificada y la que lo oculte no obstante este aviso, sufrirá la pena que señala el reglamento de Policia á quien se ha dado parte oportunamente. Se repite en El Comercio, n. 6013, 20 de abril de 1859, p.1, El Comercio, n. 6017, 26 de abril de 1859, p.4.  ",AVISO,Tomas,M,10 años,,cholito,,,El pescuezo torcido para el lado derecho,,,,,,,,,,,,,,,,,,,,camisa de olan de color morado con blanco,pantalon de color gris,,,sombrero color plomo,,,,,,,10.0,Desconocido,Desconocido,Desconocido,Desconocido,Desconocido,Desconocido,Desconocido,Desconocido,Desconocido,Camisa,Desconocido,Cholos/Chinas,2,1,0,0,5,0,3,3,2,0,6,2
476,1859-05-12,"En la mañana de hoy ha salido de la casa de sus patrones un cholito llamado Jervasio, natural de Cerro Pasco, de edad de seis años, mas ó menos, á pesar de estar recien ligado habla muy bien el castellano. La persona en cuyo poder se encuentre tendrá la bondad de dar aviso en casa del señor Pinto calle del Arzobispo donde se le dará una gratificacion ó de lo contraio, sufrirá las penas que señala el Reglamento de Policia. Lima, Mayo 9 de 1859. Se repite en El Comercio, n. 6037, 16 de mayo de 1859, p.4.  ",,Jervasio,M,6 años,natural de Cerro Pasco,cholito,,,,,,,,,,,,,,,,,,,,,,,,,,,,,,,,,,6.0,Desconocido,Desconocido,Desconocido,Desconocido,Desconocido,Desconocido,Desconocido,Desconocido,Desconocido,Desconocido,Desconocido,Cholos/Chinas,2,1,0,0,5,0,3,3,2,4,6,2
477,1859-05-16,"Ayer Domingo 15 del presente se ha fugado de la casa de sus patrones un cholito llamado Nicolas Olmedo de Santos de edad, las señales son las siguientes: pelo corto, cara aguileña, ojos negros, boca pequeña, su vestido es de pantalon rayado, camisa rosada, chaleco de dril con botones de porcelana, chamarra de cuadritos blancos y negros, sombrero de paño café con cinta de terciopelo ancha, es pequeño y delgado: la persona que lo entregue ocurra á la calle de Negreiros N.19 donde se le dará una buena gratificacion, y se advierte que el que lo ocultase se le aplicará una multa según lo ordena el Reglamento de Policia.  ",,Nicolas Olmedo de Santos,M,,,cholito,pequeño,delgado,cara aguileña,ojos negros,,,,boca pequeña,,,,,,pelo corto,,,,,,,,,camisa rosada,pantalon rayado,,,sombrero de paño café con cinta de terciopelo ancha,,chaleco de dril con botones de porcelana y chamarra de cuadritos blancos y negros,,,,,Desconocido,Bajo / Pequeño,Delgado / Flaco,Forma geométrica / estructura,negros,Desconocido,Pequeña / Chica,Desconocido,Corto / Cortado / Recortado,Desconocido,Camisa,Desconocido,Cholos/Chinas,1,0,2,6,5,2,3,2,2,0,6,2
478,1859-05-16,"Una cholita llamada Hipólita Gonzalez cuya filiacion es la siguiente: 7 años de edad, cara redonda, color trigueño, pelo corto, y en la cabeza tiene una cicatriz, lleva un vestido sencillo rosado y blanco. Su desaparicion ha sido de la esquina de San Miguel de Piura en el callao hoy dia 16 de Mayo.  La persona que la tuvieren en su poder y no la entregare á sus patrones de quienes dará razon Don Manuel Llerena dueño de la pulperia situada en la misma esquina será responsable ante la ley de todas sus consecuencias.  ",SE HA PERDIDO,Hipólita Gonzalez,F,7 años,,color trigueño,,,cara redonda,,,,,,,,,,,pelo corto,,,en la cabeza tiene una cicatriz,,,,,,vestido sencillo rosado y blanco,,,,,,,,,,,7.0,Desconocido,Desconocido,Forma geométrica / estructura,Desconocido,Desconocido,Desconocido,Desconocido,Corto / Cortado / Recortado,Desconocido,Vestido,Desconocido,Trigueños/Tostados,2,1,2,0,5,0,3,2,2,10,6,9
479,1859-05-16,"Se da una buena gratificacion á la persona que diere en la casa n°18 frente á la pileta de los Huerfanos razon de un cholito de 10 á 12 años de edad, natural del pueblo de Ferri.., y llamado Manuel Barbero, que se ha desaparecido desde el corriente desde 8 del corriente.  ",,Manuel Barbero,M,11 a 12 años,natural del pueblo de Ferri..,cholito,,,,,,,,,,,,,,,,,,,,,,,,,,,,,,,,,,11.5,Desconocido,Desconocido,Desconocido,Desconocido,Desconocido,Desconocido,Desconocido,Desconocido,Desconocido,Desconocido,Desconocido,Cholos/Chinas,2,1,0,0,5,0,3,3,2,4,6,2
480,1859-05-18,"El Domingo 15 del corriente á las once de la noche, ha desaparecido de la casa núm. 117 frente al campanario de San Carlos, una cholita llamada Tomasa, de edad de once años, rapada á navaja y con un tumor en la cabeza. La persona que la tenga puede entregarla en el acto de la Independencia de Policia; y de no verificarlo así, se le aplicará la pena de la ley indique. Lima, 18 de 1859. Se repite en El Comercio, n. 6040, 19 de mayo de 1859, p.1.  ",,Tomasa,F,11 años,,cholita,,,,,,,,,,,,,,rapada á navaja,,,,,,con un tumor en la cabeza,,,,,,,,,,,,,,11.0,Desconocido,Desconocido,Desconocido,Desconocido,Desconocido,Desconocido,Desconocido,Desconocido,Desconocido,Desconocido,Desconocido,Cholos/Chinas,2,1,0,0,5,0,3,3,2,4,6,2
481,1859-05-19,"En la tarde de ayer ha desaparecido de la calle del Carmen alto, una cholita como de seis á siete años de edad nombrada Juliana; se halla vestida con un trajecito de olan oscuro de cuadros y un pañuelito de seda en el pecho. La persona que lo tenga puede entregarla en la casa N. 116 de la referida calle del Carmen, en donde viven sus patrones legales, y á quienes le fué remitida inmediatamente, hará tres meses, desde su pais: en la inteligencia que no entregandola, quedará sujeta persona que la oculte á las penas que para estos casos impone el Reglamento de Policia. Los patrones ofrecen una gratificacion proporcionada. Lima, Mayo 19 de 1859. Se repite en El Comercio, n. 6041, 20 de mayo de 1859, p.1.",PERDIDA,Juliana,F,6 a 7 años,,cholita,,,,,,,,,,,,,,,,,,,,,,,trajecito de olan oscuro de cuadros,,,,,pañuelito de seda en el pecho,,,,,,6.5,Desconocido,Desconocido,Desconocido,Desconocido,Desconocido,Desconocido,Desconocido,Desconocido,Desconocido,Traje,Desconocido,Cholos/Chinas,2,1,0,0,5,0,3,3,2,8,6,2
482,1859-05-19,"Ayer á las cuatro de la tarde se ha perdido una cholita de la puerta de su casa. Se previene que está entregada á la Sra. Maria P. de […] por sus padres: y si alguno dá razon de ella ocurra á la calle de Judios N.111 donde se le dará una gratificiacion moderada. Asi mismo la persona que la oculte tendrá que sufrir la pena que previene el Reglamento de Policia. Se repite en El Comercio, n. 6041, 20 de mayo de 1859, p.1, El Comercio, n. 6045, 23 de mayo de 1859, p.4, El Comercio, n. 6046, 24 de mayo de 1859, p.4.  ",,,F,,,cholita,,,,,,,,,,,,,,,,,,,,,,,,,,,,,,,,,,Desconocido,Desconocido,Desconocido,Desconocido,Desconocido,Desconocido,Desconocido,Desconocido,Desconocido,Desconocido,Desconocido,Desconocido,Cholos/Chinas,2,1,0,0,5,0,3,3,2,4,6,2
483,1859-05-20,"Se ofrece una gratificacion á la persona que dé avisos en los altos n. 302 de la calle del Melchor Malo de una chola tarmeña nombrada Josefa Belis que se ha huido con un atado de varias especies de ropa el dia de hoy. Sus señales son: cara aguileña, color trigueña, ojos regulares negros, nariz regular, boca grande, labios gruesos, bocicona, pelo regular, una cicatriz pequeña sobre el labio derecho, de estatura mas bien grande, llena de carnes, de edad poco mas ó menos de 15 á 16 años. La persona que teniendola en su poder no la entregue, sufrirá la pena que señala el reglamento de Policia. Lima, Mayo 19 de 1859",,Josefa Belis,F,15 a 16 años,Tarma,color trigueña,de estatura mas bien grande,llena de carnes,cara aguileña,ojos regulares negros,,,nariz regular,boca grande,labios gruesos,,,,,pelo regular,,,cicatriz pequeña sobre el labio derecho,,,,,,,,,,,,,,,,,15.5,Alto / Grande,Grueso / Gordo / Robusto,Forma geométrica / estructura,Mixta,Regular / Normal,Grande / Bocona / Jetona / Hocicona,Desconocido,Corto / Cortado / Recortado,Desconocido,Desconocido,Desconocido,Desconocido,0,3,2,1,9,1,3,2,2,4,6,3
484,1859-05-24,"En la mañana de hoy 24 de Mayo, ha fugado de la casa N.103 calle del Corazon de Jesus, una cholita de 13 años de edad, llamada Eugenia; cuyas señales personales son, cara redonda, ojos chicos, nariz y boca regulares, cuerpo grueso. Lleva un atado de ropa. Se ha dado parte á la Policia, y al que la entregue en la indicada casa se le dará una gratificacion.  ",,Eugenia,F,13 años,,cholita,,cuerpo grueso,cara redonda,ojos chicos,,,nariz regular,boca regular,,,,,,,,,,,,,,,,,,,,,,,,,,13.0,Desconocido,Desconocido,Forma geométrica / estructura,pequeños,Regular / Normal,Regular / Normal,Desconocido,Desconocido,Desconocido,Desconocido,Desconocido,Cholos/Chinas,2,1,2,8,9,3,3,3,2,4,6,2
485,1859-06-27,"El Viernes 17 del corriente como á las ocho de la noche, ha desaparecido de la pastelería del Puente, una cholita como de edad de 11 años, su nombre María: no habla el castellano por hacer pocos dias que ha llegado de la Provincia de Huari. La persona que dé aviso de su paradero será bien gratificada. ",,María,F,11 años,Huari,cholita,,,,,,,,,,,,,,,,,,,,,,,,,,,,,,,,,,11.0,Desconocido,Desconocido,Desconocido,Desconocido,Desconocido,Desconocido,Desconocido,Desconocido,Desconocido,Desconocido,Desconocido,Cholos/Chinas,2,1,0,0,5,0,3,3,2,4,6,2
486,1859-08-02,"El Miercoles 27 á las seis de la tarde se ha salido de la casa en que servia cuatro años un cholito llamado Ramon, natural de Huarás, edad de 8 á 10 años, estatura bajo, cara redonda, lleva […] de casimir usado de color celeste, camisa blanca, garra negra y delantal de […] azul puesto. La persona que lo tenga ó dé razon de él recibirá una gratificacion ocurricado al efecto á la casita contigua al depósito de trigo.  ",CALLAO,Ramon,M,9 a 10 años,Huarás,cholito,estatura bajo,,cara redonda,,,,,,,,,,,,,,,,,,,,camisa blanca,,,garra negra,,,,,,,,9.5,Desconocido,Desconocido,Forma geométrica / estructura,Desconocido,Desconocido,Desconocido,Desconocido,Desconocido,Desconocido,Camisa,Desconocido,Cholos/Chinas,2,1,2,0,5,0,3,3,2,0,6,2
487,1859-08-26,"Se ha fugado de casa de sus patrones un cholito llamado Juan, de edad de 13 años, marcado de viruelas, salió vestido con pantalon azul y en mangas de camisa. Como éste fué entregado á dichos patrones á la edad de 3 años por su padre ya difunto, cualquiera que lo tuviera en su poder será responsable segun el reglamento de Policia de lo que se ha dado parte para el efecto.  La persona que dé aviso de su paradero recibirá una buena gratificacion en la calle de Chavez altos de la casa del Dr. Bonelti. Se repite en El Comercio, n. 6140, 27 de agosto de 1859, p.1.  ",INTERESANTE,Juan,M,13 años,,cholito,,,,,,,,,,,,,,,,,,marcado de viruelas,,,,,en mangas de camisa,pantalon azul,,,,,,,,,,13.0,Desconocido,Desconocido,Desconocido,Desconocido,Desconocido,Desconocido,Desconocido,Desconocido,Desconocido,Mangas de camisa,Azul,Cholos/Chinas,2,1,0,0,5,0,3,3,2,6,2,2
488,1859-08-27,"Un muchacho del poder de su padrino D. Francisco Patrone el día 24 del presente á las once del día, llamado Mariano Ristan, de doce años de edad, con pantalon azul y delantal de la misma color, sin sombrero y zapato serrano. La persona el referido muchacho ó cualquiera que dé aviso donde su padrino en la esquina de la cuadra de la Palma N°276 obtendrá una gratificacion de 4 $ 4 .., y el que lo tenga oculto sin dar aviso á su familia que lo reclama sufrirá la multa de 25 pesos, segun el reglamento, por haberlo ocultado, en cualquier día que paresca.  ",SE HA DESAPARECIDO,Mariano Ristan,M,12 años,,,,,,,,,,,,,,,,,,,,,,,,,,pantalon azul,zapato serrano,,sin sombrero,,delantal azul,,,,,12.0,Desconocido,Desconocido,Desconocido,Desconocido,Desconocido,Desconocido,Desconocido,Desconocido,Desconocido,Desconocido,Azul,Desconocido,2,1,0,0,5,0,3,3,2,4,2,3
489,1859-08-27,"Ayer se ha salido de la casa N°183 de la calle del Pozuelo de Santo Domingo una cholita natural de la Provincia de Jauja nombrada Maria Mesia. Tiene una mantilla de bayeta morada y un trage de olan blanco con morado. La persona que la haya encontrado puede presentarla en los bajos de dicha casa ó en la Policía, á la que se ha dado el aviso correspondiente para hacer efectiva la responsabilidad del que la oculte. ",,Maria Mesia,F,,Jauja,cholita,,,,,,,,,,,,,,,,,,,,,,,trage de olan blanco con morado,,,,,,mantilla de bayeta morada,,,,,Desconocido,Desconocido,Desconocido,Desconocido,Desconocido,Desconocido,Desconocido,Desconocido,Desconocido,Desconocido,Traje,Desconocido,Cholos/Chinas,2,1,0,0,5,0,3,3,2,8,6,2
490,1859-09-01,"Anoche á las siete se ha perdido un cholito amestizado de edad de siete con una gorrita de paño negro, calzoncito de olan blanco con cuadros cabritilla y el saco del mismo color. La persona que lo tuviese lo entregará en la calle del Correo Viejo casa núm. 130. Se llama Pedro Borbon.  ",,Pedro Borbon,M,7 años,,cholito amestizado,,,,,,,,,,,,,,,,,,,,,,,,calzoncito de olan blanco con cuadros cabritilla,,,gorrita de paño negro,,saco del mismo color,,,,,7.0,Desconocido,Desconocido,Desconocido,Desconocido,Desconocido,Desconocido,Desconocido,Desconocido,Desconocido,Desconocido,Blanco,Desconocido,2,1,0,0,5,0,3,3,2,4,3,3
491,1859-09-06,"Se ha fugado de la calle de la Palma N°276 anoche á las nueve, de la casa de sus patrones, una cholita de once á doce años, llamada Benita: sus señales son pelo corto, nariz aguileña, cara redonda, boca grande, ojos grandes, sin pañuelon, su vestido .. y zapatos de gabucha. La persona que dé razon de dicha muchacha se le dará una gratificacion, y el que la oculte será responsable, pues ya se tiene dado aviso á la Intendencia de policia. Reimpreso en El Comercio, n. 6151, 9 de septiembre de 1859, p.6, El Comercio, n. 6152, 10 de septiembre de 1859, p.4, El Comercio, n. 6155, 13 de septiembre de 1859, p.4, El Comercio, n. 6156, 14 de septiembre de 1859, p.4.  ",,Benita,F,11 a 12 años,,cholita,,,cara redonda,ojos grandes,,,nariz aguileña,boca grande,,,,,,pelo corto,,,,,,,,,vestido,,zapatos de gabucha,,,sin pañuelón,,,,,,11.5,Desconocido,Desconocido,Forma geométrica / estructura,grandes,Aguileña,Grande / Bocona / Jetona / Hocicona,Desconocido,Corto / Cortado / Recortado,Desconocido,Vestido,Desconocido,Cholos/Chinas,2,1,2,5,1,1,3,2,2,10,6,2
492,1859-09-06,"Se gratificara á la persona que dé razon del paradero de una cholita de 12 años de edad llamada Saturna, baja de cuerpo y rapada la cabeza, que se huyó los dias de ayer de casa de sus patrones llevandose algunas prendas de vestuario. Calle de Argandoña núm. 120.  ",,Saturna,F,12 años,,,baja de cuerpo,,,,,,,,,,,,,rapada la cabeza,,,,,,,,,,,,,,,,,,,,12.0,Bajo / Pequeño,Desconocido,Desconocido,Desconocido,Desconocido,Desconocido,Desconocido,Pelona / Rapada / Sin pelo,Desconocido,Desconocido,Desconocido,Desconocido,1,1,0,0,5,0,3,5,2,4,6,3
493,1859-09-10,"La persona que tenga en su poder á un cholito nombrádose Victorio Rodriguez, de edad de 7 años, con una cicatriz en la sien izquierda, que se fugó sin motivo alguno de la casa de D. Teodoro Rodriguez el Miercoles de la presente semana á las once del dia llevandose varias especies, podrá presentarlo en la Intendencia de Policia, y de no verificarlo sufrirá la multa que para estos casos previene el articulo de Reglamento de Policia.  ",ATENCION,Victorio Rodriguez,M,7 años,,cholito,,,,,,,,,,,,,,,,,cicatriz en la sien izquierda,,,,,,,,,,,,,,,,,7.0,Desconocido,Desconocido,Desconocido,Desconocido,Desconocido,Desconocido,Desconocido,Desconocido,Desconocido,Desconocido,Desconocido,Cholos/Chinas,2,1,0,0,5,0,3,3,2,4,6,2
494,1859-09-13,"Se frece una gratificacion á la persona que de noticia del paradero, de un cholito llamado Ambrosio Zambrano de trece años de edad, que se fugó de donde sus patrones el Miércoles 7 del presente. Está vestido con pantalon de dril blanco, camisa blanca y camiseta color carne: sus señales son las siguientes: -Cara aguileña, ojos negros, boca regular, nariz ñata, cejas pobladas, borrado y pecoso. Se ha dado parte á la policia sobre su fuga y se previene que si alguna persona lo ha tomado á su servicio, puede dar parte á esta imprenta, dejando una razon de su domicilio. Reimpreso en El Comercio, n. 6158, 16 de septiembre de 1859, p.4. ",INTERESANTE,Ambrosio Zambrano,M,13 años,,cholito,,,cara aguileña,ojos negros,cejas pobladas,,nariz ñata,boca regular,,,,,,,,,,,borrado y pecoso,,,,camisa blanca y camiseta color carne,pantalon de dril blanco,,,,,,,,,,13.0,Desconocido,Desconocido,Forma geométrica / estructura,negros,Ñata,Regular / Normal,Desconocido,Desconocido,Desconocido,Camisa,Desconocido,Cholos/Chinas,2,1,2,6,11,3,3,3,2,0,6,2
495,1859-09-15,"Una gratificacion á la persona que dé aviso por una cholita de edad de 13 á 14 años que salió ayer de la casa núm. 83 calle de Argandoña. Sus señales son las siguientes: traje de cabritilla, manton verde de seda de vapor bordado, pelo corto, nariz afilada, boca regular, una cicatriz en la clavicula izquierda, otra en el brazo derecho. Se advierte para que la persona que la tenga la presente en la Intendencia, y de lo contrario le corra perjuicio.  ",,,F,13 a 14 años,,,,,,,,,nariz afilada,boca regular,,,,,,pelo corto,,,"una cicatriz en la clavicula izquierda, otra en el brazo derecho",,,,,,traje de cabritilla,,,,,,manton verde de seda de vapor bordado,,,,,13.5,Desconocido,Desconocido,Desconocido,Desconocido,Afilada,Regular / Normal,Desconocido,Corto / Cortado / Recortado,Desconocido,Traje,Desconocido,Desconocido,2,1,0,0,0,3,3,2,2,8,6,3
496,1859-09-19,"El dia 17 del pasado se fugó de casa del Sr. D. Vicente Delgado, un cholito de diez años de edad, nombrado Francisco Rufo, sus señales son las siguientes: cara redonda, ojos chicos, ñato, el labio superior remangado, […] y tiene varias cicatrices en la muñeca de una de las manos. El que lo entregue en los bajos del señor Terry calle del Melchor malo tendrá una gratificacion.  ",,Francisco Rufo,M,10 años,,cholito,,,cara redonda,ojos chicos,,,ñato,,el labio superior remangado,,,,,,,,varias cicatrices en la muñeca de una de las manos,,,,,,,,,,,,,,,,,10.0,Desconocido,Desconocido,Forma geométrica / estructura,pequeños,Ñata,Desconocido,Desconocido,Desconocido,Desconocido,Desconocido,Desconocido,Cholos/Chinas,2,1,2,8,11,0,3,3,2,4,6,2
497,1859-10-05,"De casa del señor D. Pedro Antonio Irivarren ha fugado un cholito nombrado José Santos, de diez á doce años de edad, delgado y de buena cara. La persona que manteniendolo en su casa no dé parte á su patron á la Policia, que ya tiene conocimiento de la […] de dicho muchacho se hará acreedora á la pena que impone el reglamento de Policia.  ",ATENCION,José Santos,M,11 a 12 años,,cholito,,delgado,de buena cara,,,,,,,,,,,,,,,,,,,,,,,,,,,,,,,11.5,Desconocido,Delgado / Flaco,Valoración estética,Desconocido,Desconocido,Desconocido,Desconocido,Desconocido,Desconocido,Desconocido,Desconocido,Cholos/Chinas,2,0,6,0,5,0,3,3,2,4,6,2
498,1859-10-05,"Una gratificacion de 26 pesos se ofrece á la persona que dé razon del paradero de una cholita nombrada Juana Rosel, de edad de 6 á 7 años, cara redonda, boca pequeña y de ojos grandes y negros, que habiendo salido en […] con un tragecito color rosado y sin zapatos á comprar pan el dia 28 de Setiembre último de la casa N°280 calle de Santa Rosa se cree haya sido sustraida por alguna persona mal intencionada: advirtiendo quien la tuviese y no la entregare el dia […] del corriente á mas tardar, se redoblarán las investigaciones, á fin de que recalga sobre el culpable no solo la pena que previene el reglamento de policia, sino tambien la indemnizacion de los perjuicios que se ocasionaren con la ocultacion de ella.  ",CALLAO,Juana Rosel,F,6 a 7 años,,cholita,,,cara redonda,ojos grandes y negros,,,,boca pequeña,,,,,,,,,,,,,,,tragecito color rosado,,sin zapatos,,,,,,,,,6.5,Desconocido,Desconocido,Forma geométrica / estructura,Mixta,Desconocido,Pequeña / Chica,Desconocido,Desconocido,Desconocido,Traje,Desconocido,Cholos/Chinas,2,1,2,1,5,2,3,3,2,8,6,2
499,1859-10-13,"Se dará á la persona que presente ó dé razon de un cholito llamado Juan, natural de Huancayo, que salió de la casa N°224 calle de Mendoza abajo del Puente, que es la única que tiene tres balconcitos de fierro ó antepechos: sus señales son las siguientes, edad como de diez años, color indigena, estaba vestido con una chamarra fondo blanco con cuadritos negros, pantalon del mismo género de algodon, azul con cuadros descoloridos, zapatos de cuero con tacon y una gorra de paño. Se advierte que la Intendencia tiene conocimiento de este hecho; y la persona que la ocultase y no lo presente en su la casa citada, será responsable á los perjuicios que ocasione y por consiguiente acreedor […] la pena que señala el Reglamento de Policia.  ",GRATIFICACION,Juan,M,10 años,Huancayo,color indigena,,,,,,,,,,,,,,,,,,,,,,,chamarra fondo blanco con cuadritos negros,"pantalon del mismo género de algodon, azul con cuadros descoloridos",zapatos de cuero con tacon,,gorra de paño,,,,,,,10.0,Desconocido,Desconocido,Desconocido,Desconocido,Desconocido,Desconocido,Desconocido,Desconocido,Desconocido,Chaqueta,Desconocido,Desconocido,2,1,0,0,5,0,3,3,2,3,6,3
500,1859-10-22,"Anoche en el bullicio que ocasionó el incendio que hubo por la Concepción, se ha perdido un cholito recien llegado de la Sierra; se llama Mariano, se halla vestido con un pantalon azul de paño y un chaqueton de un color desteñido. La persona que tuviere noticia de él, se servirá avisar en la casa núm. 42 de la calle de Beitia, donde recibirá una gratificacion. Se repite en El Comercio, n. 6196, 25 de octubre de 1859, p.1. ",CHOLITO PERDIDO,Mariano,M,,recien llegado de la Sierra,cholito,,,,,,,,,,,,,,,,,,,,,,,,pantalon azul de paño,,,,,chaqueton de un color desteñido,,,,,Desconocido,Desconocido,Desconocido,Desconocido,Desconocido,Desconocido,Desconocido,Desconocido,Desconocido,Desconocido,Desconocido,Azul,Cholos/Chinas,2,1,0,0,5,0,3,3,2,4,2,2
501,1859-10-27,"El Jueves 27 de Octubre á las seis de la mañana se desapareció de la casa de sus patrones una cholita nombrada Sebastiana, de edad de catorce años, baja de cuerpo, carantona, dientes grandes y ñata: vestida con saco color cabritilla de florecitas con mangas cortas. La persona que dé razon de su paradero de esta imprenta, se le dará una gratificacion; advirtiendo que el que la oculte sufrirá la pena que determina la Policia.  ",,Sebastiana,F,14 años,,,baja de cuerpo,,carantona,,,,ñata,,,dientes grandes,,,,,,,,,,,,,saco color cabritilla de florecitas con mangas cortas,,,,,,,,,,,14.0,Bajo / Pequeño,Desconocido,Desconocido,Desconocido,Ñata,Desconocido,Desconocido,Desconocido,Desconocido,Chaqueta,Desconocido,Desconocido,1,1,0,0,11,0,3,3,2,3,6,3
502,1859-11-02,"El Martes de tres á cuatro de la tarde se perdió del Martinete un cholito llamada Ubaldo de año y medio de edad, sus señales son: casta indígena, lleva por vestido un saco de lana á cuadros, descalzo y sin pantalon. La persona que lo entregue en las Carrezas casita N. 850 recibirá una gratificacion. Se repite en El Comercio, n. 6205, 3 de noviembre de 1859, p.1.",MUCHACHO PERDIDO,Ubaldo,M,año y medio,,casta indígena,,,,,,,,,,,,,,,,,,,,,,,saco de lana á cuadros,sin pantalon,descalzo,,,,,,,,,1.5,Desconocido,Desconocido,Desconocido,Desconocido,Desconocido,Desconocido,Desconocido,Desconocido,Desconocido,Desconocido,Sin pantalón,Desconocido,2,1,0,0,5,0,3,3,2,4,12,3
503,1859-11-04,"El Miercoles 2 del presente á las 6 de la mañana ha fugado de la casa de sus patrones robandose un anillo de brillantes una cholita nombrada Martina de edad de nueve á diez años, pelona, picada de viruelas, carentona y gorda. La persona que dé razon de su paradero en la calle de la Pileta de la Trinidad casa n°61 se le dará una gratificacion, advirtiendo que el que la oculte sufrirá las penas que determina la Policia. Lima Noviembre 3 de 1859. Reimpreso en El Comercio, n. 6212, 9 de noviembre de 1859, p.4, El Comercio, n. 6217, 14 de noviembre de 1859, p.4, El Comercio, n. 6218, 15 de noviembre de 1859, p.8. ",,Martina,F,9 a 10 años,,cholita,,gorda,carentona,,,,,,,,,,,pelona,,,,picada de viruelas,,,,,,,,,,,,,,,,9.5,Desconocido,Grueso / Gordo / Robusto,Tamaño / proporción,Desconocido,Desconocido,Desconocido,Desconocido,Pelona / Rapada / Sin pelo,Desconocido,Desconocido,Desconocido,Cholos/Chinas,2,3,5,0,5,0,3,5,2,4,6,2
504,1859-11-09,"Ayer á las cinco de la tarde se ha huido de la casa de sus patrones el cholito llamado Juan Olivo, llevandose unos reales; sus señales son las siguientes: edad 7 años, sus mangas de camisa, enfermo de los oidos, una quemadora en una mano, y con un pantalon os.. La persona que lo tenga en su poder será responsable á lo que determina el reglamento de Policia. ",MUCHACHO HUIDO,Juan Olivo,M,7 años,,cholito,,,,,,,,,,,,,,,,,,,,,una quemadora en una mano,,mangas de camisa,pantalon os..,,,,,,,,,,7.0,Desconocido,Desconocido,Desconocido,Desconocido,Desconocido,Desconocido,Desconocido,Desconocido,Desconocido,Mangas de camisa,Desconocido,Cholos/Chinas,2,1,0,0,5,0,3,3,2,6,6,2
505,1859-11-21,"Se ha perdido un muchacho nombrado Manuel Vasquez recien llegado a Lima, de edad de 12 años, color mestizo blanco, ojos azules y chicos, nariz aguileña, frente chica y labios delgados; es natural de Ca.. y no habla el idioma castellano; está vetsido con un pantalon de casimir color oscuro, una chaqueta azul y un sombrero de […]. La persona que dé noticia de él en la plazuela de San Marcelo, altos n°12.. será gratificada.  ",,Manuel Vasquez,M,12 años,natural de Ca..,color mestizo blanco,,,,ojos azules y chicos ,,,nariz aguileña,,labios delgados,,frente chica,,,,,,,,,,,,,pantalon de casimir color oscuro,,,sombrero de […].,,chaqueta azul,,,,,12.0,Desconocido,Desconocido,Desconocido,Desconocido,Aguileña,Desconocido,Chica / Pequeña,Desconocido,Desconocido,Desconocido,Oscuro (genérico),Desconocido,2,1,0,0,1,0,1,3,2,4,8,3
506,1859-11-22,"Ha desaparecido ayer de una casa de la calle del Tigre, un cholito de siete á ocho años que se llama Pedro. La persona que lo haya encontrado se acercará á la imprenta donde se le dará una gratificacion de dos onzas. Se repite en El Comercio, n. 6228, 23 de noviembre de 1859, p.1, El Comercio, n. 6229, 24 de noviembre de 1859, p.8, El Comercio, n. 6237, 29 de noviembre de 1859, p.1, El Comercio, n. 6238, 30 de noviembre de 1859, p.5.  ",NIÑO PERDIDO,Pedro,M,7 a 8 años,,cholito,,,,,,,,,,,,,,,,,,,,,,,,,,,,,,,,,,7.5,Desconocido,Desconocido,Desconocido,Desconocido,Desconocido,Desconocido,Desconocido,Desconocido,Desconocido,Desconocido,Desconocido,Cholos/Chinas,2,1,0,0,5,0,3,3,2,4,6,2
507,1859-12-17,"Se dá una gratificacion á la persona que entregue ó dé razon del paradero de un muchacho entregado por su padre y que se ha huido de la casa de su patron el 13 del actual á las siete y media de la noche. Se llama Siciliano Flores, como de doce años, natural de un pueblecito inmediato á Izcachaca y lleva sombrero blanco de f.. ordinario, dos chaquetas una azul y otra de listas igual al pantalon con que está vestido y zapatos de cuero. Para que uno á otro de los objetos indicados, puede verse á su patron en la casa N. 186 frente al cuartel de artilleria.  ",PERDIDA,Siciliano Flores ,M,12 años,natural de un pueblecito inmediato á Izcachaca,,,,,,,,,,,,,,,,,,,,,,,,,pantalon,zapatos de cuero,,sombrero blanco de f.. ordinario,,dos chaquetas una azul y otra de listas,,,,,12.0,Desconocido,Desconocido,Desconocido,Desconocido,Desconocido,Desconocido,Desconocido,Desconocido,Desconocido,Desconocido,Desconocido,Desconocido,2,1,0,0,5,0,3,3,2,4,6,3
508,1859-12-28,"A las diez de la noche de an.. se ha perdido en la puerta de la casa N.73 calle de Palacio un cholito de ocho años de edad, llamado Raimundo: lleva puesto pantalon de casimir plomo, camisa bengala rosada y sin sombrero. Se suplica á la persona que lo haya encontrado, que lo envie á dicha casa en los altos á donde recibirá una gratificacion: pero si lo retienen serán perseguidos por la ley, pues su patron es su tutor. ",CHOLITO PERDIDO,Raimundo,M,ocho años,,,,,,,,,,,,,,,,,,,,,,,,,Camisa bengala rosada,Pantalón de casimir plomo,,,Sin sombrero,,,,,,,8.0,Desconocido,Desconocido,Desconocido,Desconocido,Desconocido,Desconocido,Desconocido,Desconocido,Desconocido,Desconocido,Desconocido,Desconocido,2,1,0,0,5,0,3,3,2,4,6,3
509,1860-01-09,"De la casa de sus patrones, ha fugado un cholito llamado Remijlo, que tiene nueve á diez años de edad, cara redonda, ojos chicos, pelo corto. La persona á cuyo poder fuese á dar deberá entregarlo bien en la Intendencia de Palacio, bien en la casa N°116 calle de Ortiz, en cuyo caso se le dará una gratificacion.  

 ",OJO,Remijlo,M,nueve a diez años,,,,,Redonda,Chicos,,,,,,,,,,Corto,,,,,,,,,,,,,,,,,,,,9.5,Desconocido,Desconocido,Desconocido,Desconocido,Desconocido,Desconocido,Desconocido,Desconocido,Desconocido,Desconocido,Desconocido,Desconocido,2,1,0,0,5,0,3,3,2,4,6,3
510,1864-07-04,"El dia viernes de la semana pasada se ha desaparecido un sirviente de la casa número 44 calle de Arequipa [antes de los Gallos] el es natural de Ayacucho se llama Rudecindo Palomino con un sombrero de paja de Italia, con ropa del servicio, tiene 13 años, la persona que quiera dar razon puede acercarse á la indicada casa ó almacen de muebles Pertal de San Agustin número 68 donde recibirá una buena gratificacion. ",MUCHACHO PERDIDO,Rudecindo Palomino,M,trece años,Ayacucho ,,,,,,,,,,,,,,,,,,,,,,,,De servicio,De servicio,De servicio,,Sombrero de paja de Italia,,,,,,,13.0,Desconocido,Desconocido,Desconocido,Desconocido,Desconocido,Desconocido,Desconocido,Desconocido,Desconocido,Desconocido,Desconocido,Desconocido,2,1,0,0,5,0,3,3,2,4,6,3
511,1864-07-08,"Desde el dia 29 ha desaparecido un chico de 10 á 11 años de edad, recien venido de Jauja y que no sabe hablar bien castellano. Su nombre es Francisco Rojas y sus señales, color mestizo, pelon, con los ojos algo hinchados, y vestido con pantalon oscuro, chaleco de color, camisa de cuadros morados, poncho colorado y sombrero de castor. La persona que lo tuviese en su poder ó supiere de su paradero ocurrirá á la imprenta y se le gratificará.  ",MUCHACHO DESAPARECIDO,Francisco Rojas,M,diez a once años,Jauja,Mestizo,,,,Ojos algo hinchados,,,,,,,,,,,,,,,,,,,Camisa de cuadros morados,Pantalón oscuro,,Poncho colorado,Sombrero de castor,,Chaleco de color,,,,,10.5,Desconocido,Desconocido,Desconocido,Desconocido,Desconocido,Desconocido,Desconocido,Desconocido,Desconocido,Desconocido,Desconocido,Desconocido,2,1,0,0,5,0,3,3,2,4,6,3
512,1864-07-12,"Se dará á la persona que diere razon del paradero de una cholita ayacuchana llamada Manuela, que fugó el Sabado 9, de casa de sus patrones calle de San Pedro casa de Torre Tagle en los altos, sus señales son: edad 10 años, pelona, tenia puesto un vestido de brillantina amarillo, con […] abajo y una manta negra. La persona que la oculte será responsable segun el reglamento de policia, para lo cual se ha dado el aviso correspondiente. ",GRATIFICACIÓN,Manuela,F,diez años,Ayacucho ,,,,,,,,,,,,,,,Pelona,,,,,,,,,Vestido de brillantina amarillo,,,,,,Manta negra,,,,,10.0,Desconocido,Desconocido,Desconocido,Desconocido,Desconocido,Desconocido,Desconocido,Desconocido,Desconocido,Desconocido,Desconocido,Desconocido,2,1,0,0,5,0,3,3,2,4,6,3
513,1864-07-22,"El Domingo 17 del corriente á mas de la una del dia fugó de los altos de la casa número 2.. calle de Guadalupe, un cholito de poco mas de 13 años de edad, nombrado Salvador Canales, sus señales son las siguientes: cara aguileña, ojos regulares, nariz idem, boca pequeña, labios delgados, cuerpo flaco, lleva […] y sombrero de […]. La persona que despues de este aviso no lo entregare á su patrón ó á la Policia que ya tiene conocimiento de esta fuga, sufrirá las penas que el reglamento de Policía impone á los ocultadores de prófugos.  ",,Salvador Canales,M,trece años,,,,Cuerpo flaco, Aguileña,Regulares,,,Aguileña,Pequeña,Delgados,,,,,,,,,,,,,,,,,,,,,,,,,13.0,Desconocido,Desconocido,Desconocido,Desconocido,Desconocido,Desconocido,Desconocido,Desconocido,Desconocido,Desconocido,Desconocido,Desconocido,2,1,0,0,5,0,3,3,2,4,6,3
514,1864-08-08,"El dia 10 de Agosto se ha fugado el muchacho Bonifacio Leon de la casa situada en la calle de Gremios número 123, de edad de 10 años, cuya filiacion es la siguiente: su raza indigena, .. robusta, cara redonda, y picado de viruelas. Se pone este aviso para las personas que la retengan en su poder y prometiendo una gratificacion á quien lo entregue que en caso contrario sufrirá la pena prescripta por el reglamento de policia.  

 ",LA BERENGUELA EN EL CALLAO,Bonifacio Leon,M,diez años,Indígena,,,Robusta,Redonda,,,,,,,,,,,,,,,Picado de viruelas,,,,,,,,,,,,,,,,10.0,Desconocido,Desconocido,Desconocido,Desconocido,Desconocido,Desconocido,Desconocido,Desconocido,Desconocido,Desconocido,Desconocido,Desconocido,2,1,0,0,5,0,3,3,2,4,6,3
515,1864-09-13," Para la persona que dé razon de una muchacha que se ha fugado hoy á las seis de la mañana de la casa de sus patrones, se llama Francisca Ramirez, gorda, baja de cuerpo, de 16 años de edad, mestiza, ojos chicos, mucho pelo, cara redonda y tiene la oreja dañada en el lugar de ponerse el arete; advirtiendo que el que la retenga en su poder será castigado conforme á la ley por la autoridad que ya tiene conocimiento del hecho. Calle de San Marcelo N°57 en los bajos. ",UNA GRAN GRATIFICACIÓN,Francisca Ramirez,F,dieciseis años,,,Baja,Gorda,Redonda,Chicos,,,,,,,,,,,,,Oreja dañada en el lugar de ponerse el arete,,,,,,,,,,,,,,,,,16.0,Desconocido,Desconocido,Desconocido,Desconocido,Desconocido,Desconocido,Desconocido,Desconocido,Desconocido,Desconocido,Desconocido,Desconocido,2,1,0,0,5,0,3,3,2,4,6,3
516,1864-09-13,"Se gratifica a la persona que de razon del paradero de una chola que ha huido del poder de su señora el Jueves 1° del actual: llamada Francisca Gutierrez, de once á doce años de edad, de estatura pequeña, muy gorda, color trigueño, cara redonda, ojos negros chicos, boca regular, labios gruesos, frente pequeña, pelo negro que llega el cuello: vestida con trage de percala color cabritilla labor menuda y manta negra. Se advierte á la persona que la tenga, que si no la entrega en la calle del Tigre, casa N°55 sufrirá la multa que ordena el reglamento de Policia.  ",,Francisca Gutiérrez,F,once a doce años,,Trigueño,Pequeña,Muy gorda,Redonda,Negros chicos,,,,Regular,Gruesos,,Pequeña,,Negro,Llega al cuello,,,,,,,,,Traje de percala color cabritilla labor menuda,,,,,,Manta negra,,,,,11.5,Desconocido,Desconocido,Desconocido,Desconocido,Desconocido,Desconocido,Desconocido,Desconocido,Desconocido,Desconocido,Desconocido,Desconocido,2,1,0,0,5,0,3,3,2,4,6,3
517,1864-10-11,"El Viernes 7 del presente de una á dos de la tarde, se ha fugado de la casa número 51, calle de .. un muchacho nombrado Luis, de edad de 9 á 10 años, sus señales son: pequeño de cuerpo, está vestido con un tuin negro, pantalon cascara almendra, zapatos nuevos, color trigueño, ojos pequeños, cara redonda.  

Se suplica á la persona, avise en dicha casa ó en su defecto, en la tienda número 183, calle de Mercaderes. Para cuyo efecto se ha dado aviso al señor Intendente de policia, y se pone el presente para evitar molestias con los patrones de dicho muchacho, á quien sus padres lo tienen entregado.  
",A QUIEN CONVINIERE,Luis,M,nueve a diez años,,Trigueño,,Pequeño,Redonda,Pequeños,,,,,,,,,,,,,,,,,,,Tuin negro,Cascara almendra,Zapatos nuevos,,,,,,,,,9.5,Desconocido,Desconocido,Desconocido,Desconocido,Desconocido,Desconocido,Desconocido,Desconocido,Desconocido,Desconocido,Desconocido,Desconocido,2,1,0,0,5,0,3,3,2,4,6,3
518,1864-10-14,"Un muchacho se ha escapado de la casa de su patron, calle de San Francisco N. 102, se llama Evaristo, de raza indíjena, grueso y pequeño de cuerpo, estaba vestido con calzon de algodon color claro, camisa de […], zapatos de becerro negro y sombrero de lana, la persona que lo tenga, se servirá entregarlo inmediatamente.  

 ", NULL,Evaristo,M,,,,Pequeño,Grueso,,,,,,,,,,,,,,,,,,,,,,Calzón de algodón color negro,Zapatos de becerro negro,,Sombrero de lana,,,,,,,Desconocido,Desconocido,Desconocido,Desconocido,Desconocido,Desconocido,Desconocido,Desconocido,Desconocido,Desconocido,Desconocido,Desconocido,Desconocido,2,1,0,0,5,0,3,3,2,4,6,3
519,1864-12-01,"De la huerta inmediata al Patrocinio, de la propiedad de la señora Da. Josefa Pezet de Navarrete y en la que actualmente vive la familia del coronel Espinar, se ha fugado una cholita llamada Dolores, de 13 a 14 años, llevandose algunas prendas de plata labrada. La persona que la tenga, queda sujeta á las penas que señala el reglamento de Policia, pues ya se ha dado parte del jefe de ella. ",PREVENCIÓN,Dolores,F,trece a catorce años,,,,,,,,,,,,,,,,,,,,,,,,,,,,,,,,,,,,13.5,Desconocido,Desconocido,Desconocido,Desconocido,Desconocido,Desconocido,Desconocido,Desconocido,Desconocido,Desconocido,Desconocido,Desconocido,2,1,0,0,5,0,3,3,2,4,6,3
520,1864-12-01,"Anoche ha desaparecido de los altos de Balega N. 5 un muchacho nombrado Gerónimo, de doce años de edad, color indicio, labios gruesos, pelo espeso, nariz roma, de complexion robusta y se hace responsable al que lo retenga en su poder por estar dicho menor en calidad de pupilo bajo la guarda de una señora. El que presente á dicho muchacho en las habitaciones indicadas será gratificado.  

 ",MUCHACHO PERDIDO,Gerónimo,M,doce años,,Indicio,,Robusta,,,,,Roma,,Gruesos,,,,,,Espeso,,,,,,,,,,,,,,,,,,,12.0,Desconocido,Desconocido,Desconocido,Desconocido,Desconocido,Desconocido,Desconocido,Desconocido,Desconocido,Desconocido,Desconocido,Desconocido,2,1,0,0,5,0,3,3,2,4,6,3
521,1864-12-05,"Ayer á las ocho se ha perdido una muchacha llamada Maria Viviana, de la calle de Santa Catalina, de 10 á 12 años de edad, gorda, trigueña, de cara redonda, de trage de merino verde, y pañolon azul de algodon. La persona que la haya encontrado ó sepa su paradero puede ocurrir á la casa del Dr. B… N. 198 en dicha calle, y se le dará una gratificacion. ",,María Viviana,F,diez a once años,,Trigueña,,Gorda,Redonda,,,,,,,,,,,,,,,,,,,,Traje de merino verde,Pantalón azul de algodón,,,,,,,,,,10.5,Desconocido,Desconocido,Desconocido,Desconocido,Desconocido,Desconocido,Desconocido,Desconocido,Desconocido,Desconocido,Desconocido,Desconocido,2,1,0,0,5,0,3,3,2,4,6,3
522,1864-12-12,"El Domingo en la noche ha fugado de la calle del Cuzco casa N.125, una cholita de trece años de edad, la persona en cuyo poder esté avisará en la expresada casa quedando en caso contrario responsable conforme á ley.   ",,,F,trece años,,,,,,,,,,,,,,,,,,,,,,,,,,,,,,,,,,,,13.0,Desconocido,Desconocido,Desconocido,Desconocido,Desconocido,Desconocido,Desconocido,Desconocido,Desconocido,Desconocido,Desconocido,Desconocido,2,1,0,0,5,0,3,3,2,4,6,3
523,1864-12-16,Se ha fugado en la mañana del viernes 16 una sirvienta india de 12 años llamada Matilde quien le haya dado hospitalidad puede llevarla al colegio de la señorita Beabejour que es donde pertenece y se gratificará a quien indique su paradero.  ,,Matilde,F,doce años,,,,,,,,,,,,,,,,,,,,,,,,,,,,,,,,,,,,12.0,Desconocido,Desconocido,Desconocido,Desconocido,Desconocido,Desconocido,Desconocido,Desconocido,Desconocido,Desconocido,Desconocido,Desconocido,2,1,0,0,5,0,3,3,2,4,6,3
524,1864-12-16,"De la casa N. 139 calle del Chivato ha desaparecido una cholita de 10 á 11 años nombrada H..laria, llevandose un reloj de oro y algunos reales, sus señales son: pelo cortado, abundante, cara redonda, facciones finas. La persona que la retenga en su poder, será responsable conforme al reglamento de policia.  ",,H..laria ,F,diez a once años,,,,,"Redonda, facciones finas",,,,,,,,,,,Cortado,Abundante,,,,,,,,,,,,,,,,,,,10.5,Desconocido,Desconocido,Desconocido,Desconocido,Desconocido,Desconocido,Desconocido,Desconocido,Desconocido,Desconocido,Desconocido,Desconocido,2,1,0,0,5,0,3,3,2,4,6,3
525,1867-01-03,"Se ofrece á la persona que diere razon de un muchacho que salió ayer a las 5 de la tarde de casa de sus patrones y no ha aparecido hasta ahora; se llama Lisandro Meza; es trigueño, ojos negros, grandes y casi redondos, salió sin gorra. Si la persona que lo tuviera no lo entregára se le aplicará se le aplicará la multa señalada para el caso por el señor Intendente de policia. Sus patrones viven en la calle de Baquijano N, 321, altos. ",UNA  GRATIFICACIÓN,Lisando Meza,M,,,Trigueño,,,,"Negros, grandes y casi redondos",,,,,,,,,,,,,,,,,,,,,,,,,,,,,,Desconocido,Desconocido,Desconocido,Desconocido,Desconocido,Desconocido,Desconocido,Desconocido,Desconocido,Desconocido,Desconocido,Desconocido,Desconocido,2,1,0,0,5,0,3,3,2,4,6,3
526,1867-01-04,"El Miércoles 2 del presente á las siete de la noche ha desaparecido de la calle de San Diego callejon N. 223, una cholita de edad de cinco años, llamada Eusebia; tiene pelo color claro, traje de olan, delantal blanco, zapatos de cordoban, al hablar se le manifiesta en la cara un hoyito en el carrillo derecho. La persona que dé razon de ella á su inconsolable madre en el referido callejon cuarto N. 2 se la dará su gratificacion, como tambien será multada la persona que la retenga. ",,Eusebia,F,cinco años,,,,,Al hablar se le manifiesta en la cara un hoyito en el carrillo derecho,,,,,,,,,,Claro,,,,,,,,,,Traje de olan,,Zapatos de cordoban,,,,Delantal blanco,,,,,5.0,Desconocido,Desconocido,Desconocido,Desconocido,Desconocido,Desconocido,Desconocido,Desconocido,Desconocido,Desconocido,Desconocido,Desconocido,2,1,0,0,5,0,3,3,2,4,6,3
527,1867-01-12,"Se dan á la persona que entregue en casa de sus patrones calle de la Coca N. 86 al menor Adriano Manyari natural de Jauja y de 9 años de edad, que se fugó de casa el dia 9 del presente á las 7 de  la noche. Es un cholito mestizo con cara redonda, ojos negros, nariz regular, boca chica; y vestido con pantalon blanci. chaqueta á cuadritos azules con blanco, camisa blanca, sombrero color de vicuña; sabe leer bien y escribe regular. Se advierte que la persona que lo detenga ú oculte será castigada con la pena que designa el reglamento de Policia. ",$50 DE GRATIFICACIÓN,Adriano Manyari,M,nueve años,Jauja,,,,Redonda,Negros,,,Regular,Chica,,,,,,,,,,,,,,,Camisa blanca,Pantalón blanci,,,Sombrero color de vicuña,,Chaqueta a cuadritos azules con blanco,,,,,9.0,Desconocido,Desconocido,Desconocido,Desconocido,Desconocido,Desconocido,Desconocido,Desconocido,Desconocido,Desconocido,Desconocido,Desconocido,2,1,0,0,5,0,3,3,2,4,6,3
528,1867-01-19,"Ha desaparecido un muchacho el 16 en la noche, llevandose varias prendas de valor, se llama Juan Fernandez, de edad de 12 años, cara redonda, picado de viruelas, ñato, ojos pequeños, color trigueño. La persona que lo tenga tendrá la bondad de entregarlo en el cuartel de Santo Tomas, y en caso contrario será responsable de las prendas que se ha llevado, y sufrirá el castigo que designa la ley. ",,Juan Fernandez,M,doce años,,Trigueño,,,Redonda,Pequeños,,,Ñato,,,,,,,,,,,Picado de viruelas,,,,,,,,,,,,,,,,12.0,Desconocido,Desconocido,Desconocido,Desconocido,Desconocido,Desconocido,Desconocido,Desconocido,Desconocido,Desconocido,Desconocido,Desconocido,2,1,0,0,5,0,3,3,2,4,6,3
529,1867-01-23,"Con fecha 23 del presente se ha fugado de la casa de sus padrinos en la villa de Chorrillos el menor José Araos, de edad de siete años, sus señales son: color mestizo, ñato, cara de chino, le falta un diente, vestido con calzon jacinto, camisa morada desteñida, sin chaqueta ni zapatos, sombrero de paja blanco y una canasta en el brazo. La persona que lo oculte y no lo entregue en Chorrillos calle de Tarapacá N. 16 y en Lima, abajo del puente N. 27 calle de Breña, se expondrá á sufrir los cargos de la Policia. Manuel Araos. ",,José Araos,M,siete años,,Mestizo,,,Cara de chino,,,,Ñato,,,Le falta un diente,,,,,,,,,,,,,Camisa morada desteñida,Calzon jacinto ,,,Sombrero de paja ,,Canasta en el brazo ,,,,,7.0,Desconocido,Desconocido,Desconocido,Desconocido,Desconocido,Desconocido,Desconocido,Desconocido,Desconocido,Desconocido,Desconocido,Desconocido,2,1,0,0,5,0,3,3,2,4,6,3
530,1867-01-23,"El sábado de la semana anterior ha desaparecido de la casa de la señora D. Juana Fernandez sita en la bajada del puente el muchacho Nazario Palomino, menor de once á doce años. Es natural de Ayacucho, color indio mestizo, cara redonda, y lleva consigo el vestido siguiente: pantalon de genero oscuro, chaqueta de paño negro, camisa azul de rayas oscuras, sombreros de paja pequeño, y un par de zapatos de cuero dobles.  Se avisa á la persona que lo tome, que lo entregue en la casa de la expresada señora á quien está encomendada la educacipn del muchacho, ó lo verifique en la tienda imediata junto á la fonda de la Línea en la misma bajada del puente que se halla frontera á la pasteleria que hace esquina al Tajamar. Quien lo acoja á su servicio será responsable ante las autoridades. ",,Nazario Palomino,M,once a doce años,Ayacucho ,Indio mestizo,,,Redonda ,,,,,,,,,,,,,,,,,,null,,Camisa azul de rayas oscuras,Pantalón de género oscuro,Par de zapatos de cuero dobles,,Sombrero de paja pequeño,,Chaqueta de paño negro,,,,,11.5,Desconocido,Desconocido,Desconocido,Desconocido,Desconocido,Desconocido,Desconocido,Desconocido,Desconocido,Desconocido,Desconocido,Desconocido,2,1,0,0,5,0,3,3,2,4,6,3
531,1867-01-29,"Se ofrece á la persona que entregue una muchacha de doce á trece años de edad, indígena, llamada Martina Gonzales, de pelo grande crespo, coja, que se ha salido en la noche de ayer 28 de la casa N. 6, bajos, calle de la Pileta de la Merced: advirtiendose que la persona que la oculte sufrirá las penas que señala el Reglamento de policia. Lima Enero 29 de 1867. 
 ",UNA GRATIFICACIÓN,Martina Gonzales,F,doce a trece años,,,,,,,,,,,,,,,,,Pelo grande crespo,,,,,,,Coja,,,,,,,,,,,,12.5,Desconocido,Desconocido,Desconocido,Desconocido,Desconocido,Desconocido,Desconocido,Desconocido,Desconocido,Desconocido,Desconocido,Desconocido,2,1,0,0,5,0,3,3,2,4,6,3
532,1867-02-04,"Anoche á las nueve, ha desaparecido de la casa de Da. Carolina Quiroz, una cholita que le pertenece, llamada Juana, de once á doce años de edad, gruesa, cara redonda, boca grande y labios gruesos, ojos chiquitos, mano muy chica y bien formada: la persona que la hubiese acogido tendrá á bien entregarla á la mayor brevedad posible, caso contrario, sufrirá la multa correspondiente. 

 ",IMPORTANTE,Juana,F,once a doce años,,,,Mano muy chica y bien formada,Redonda,Chiquitos,,,,Grande,Gruesos,,,,,,,,,,,,,,,,,,,,,,,,,11.5,Desconocido,Desconocido,Desconocido,Desconocido,Desconocido,Desconocido,Desconocido,Desconocido,Desconocido,Desconocido,Desconocido,Desconocido,2,1,0,0,5,0,3,3,2,4,6,3
533,1867-02-05,"Ha desaparecido de casa de sus patrones un cholito de ocho á diez años de edad, llamado José Aliaga, tambien se da el apellido Palacios. Se dará una gratificacion al que lo presente: imponiéndose las penas de ley á la persona que lo oculte. Calle de Nuñez, altos, N.30. ",,José Aliaga Palacios,M,ocho a diez años,,,,,,,,,,,,,,,,,,,,,,,,,,,,,,,,,,,,9.0,Desconocido,Desconocido,Desconocido,Desconocido,Desconocido,Desconocido,Desconocido,Desconocido,Desconocido,Desconocido,Desconocido,Desconocido,2,1,0,0,5,0,3,3,2,4,6,3
534,1867-02-07,"El domingo último á las 11 de la noche ha fugado de casa de su patrona el menor Sebastian, indígena, de 11 años, cara redonda, obero, estaba vestido con pantalon flor romero y camisa de percala colorada. La persona que lo entregue en la Pasteleria de Bejarano, recibirá una gratificacion, la que lo ocultase sufrirá las penas señaladas por el Reglamento de la Policia.",,Sebastian,M,once años,,,,,Redonda,,,,,,,,,,,,,,,,,,,,,Pantalón flor romero,,,,,,,,,,11.0,Desconocido,Desconocido,Desconocido,Desconocido,Desconocido,Desconocido,Desconocido,Desconocido,Desconocido,Desconocido,Desconocido,Desconocido,2,1,0,0,5,0,3,3,2,4,6,3
535,1867-02-11,"Se ha desaparecido un muchacho de edad de 11 á 12 años y se llama Basilio Pereda; para evitar molestias se suplica á la persona que lo tenga se digne entregarlo á la policia ó al que suscribe, su guardador, en la calle de Piura; antes Malambo, N. 76. El color del muchacho es indígena, claro. ",AL PÚBLICO,Basilio Pereda,M,once a doce años,,"Indígena, claro",,,,,,,,,,,,,,,,,,,,,,,,,,,,,,,,,,11.5,Desconocido,Desconocido,Desconocido,Desconocido,Desconocido,Desconocido,Desconocido,Desconocido,Desconocido,Desconocido,Desconocido,Desconocido,2,1,0,0,5,0,3,3,2,4,6,3
536,1867-02-13,"A las dos de la tarde del Lúnes, se ha fugado de la casa de D. Gaspar de la Puente, una muchacha, cholita, mayor de doce años, cuyas señales son: pequeña de cuerpo, muy borrada, traje color amarillo y menta negra. Esta cholita ha salido en ocasion de marcha al Norte, y sustrayendose cosas de algun interes: su nombre es Flora. La persona que la tenga ó dé razon, tendrá una buena gratificacion, así como la que la oculte sufrirá las penas impuestas por el Reglamento de Policia. ",,Flora,F,mayor de doce años,,,,Pequeña,,,,,,,,,,,,,,,,,,,,,Traje color amarillo y menta negra,,,,,,,,,,,13.0,Desconocido,Desconocido,Desconocido,Desconocido,Desconocido,Desconocido,Desconocido,Desconocido,Desconocido,Desconocido,Desconocido,Desconocido,2,1,0,0,5,0,3,3,2,4,6,3
537,1867-02-27," El día de ayer se ha perdido una mestizita clara de doce años de edad, nombrada Benita Oyola. Sus señales son, en el pié izquierdo los dedos menos y en las manos tambien le faltan la mitad de los dedos. La persona que diese razon de su paradero, será gratificada en la calle de la Pileta de Santo Domingo Hotel del Pescante letra I y quien la oculte sufrirá las penas que designa el reglamento de la policía. ",,Benita Oyola,F,doce años,,Mestiza clara,,,,,,,,,,,,,,,,,,,,,,Dedos menos en el pie izquierdo y en la mano le faltan la mitad de los dedos,,,,,,,,,,,,12.0,Desconocido,Desconocido,Desconocido,Desconocido,Desconocido,Desconocido,Desconocido,Desconocido,Desconocido,Desconocido,Desconocido,Desconocido,2,1,0,0,5,0,3,3,2,4,6,3
538,1867-03-02,"Ayer á la una de la tarde ha desaparecido de la casa de sus patrones, un muchacho de diez años de edad, recien llegado á esta capital de una de las provincias del Norte. Se llama Felix y lleva el apellido de su patron: un poco gordo, cara redonda, con una señal en la nariz; se fue sin sombrero y con los pies desnudos. La circunstancia de haber sido criado por sus patrones desde que tuvo dos años de edad, la buena voluntad con que siempreles ha servido y los habitos de moralidad y honradez que ha adquirido, hacen presumir que dicho muchacho no ha desaparecido voluntariamente si no inquietado por la razon ó la fuerza. En esta virtud, pues, la persona que lo retenga en su poder tendrá que responder del dinero que llevó consigo y á los perjuicios que su falta está ocasionando á sus patrones, y se hará acreedora á la pena que el reglamento de la Policia tiene señalada á los que inquietan domésticos agenos. Se ofrece una gratificación á la persona que dé noticia de su paradero. En esta imprenta darán razon. 
 ",MUCHACHO PERDIDO,"Felix, lleva el apellido de su patrón",M,diez años,Una provincia del Norte,,,Un poco gordo,Redonda,,,,Con una señal en la nariz,,,,,,,,,,,,,,,,,,,,,,,,,,,10.0,Desconocido,Desconocido,Desconocido,Desconocido,Desconocido,Desconocido,Desconocido,Desconocido,Desconocido,Desconocido,Desconocido,Desconocido,2,1,0,0,5,0,3,3,2,4,6,3
539,1867-03-06,"El dia 4 del presente á las 6 de la tarde, se ha fugado una doméstica llamada Marcela Romero, de 13 á 14 años de edad, color peruano, delgada de cuerpo, cara aguileña, ojos grandes, nariz afilada, boca regular y cejas pobladas. La persona que la conserve en su poder será responsable á mas de la multa que determina el reglamento de Policia, á las penas que el Código Penal señala en estos casos: ocúrrase á la calle de las Albahaquitas N.41 en la letra D. que es donde vive la interesada Maria Mille. ",ATENCION,Marcela Romero,F,trece a catorce años,,Peruano,,Delgada,Aguileña,Grandes,Pobladas,,Afilada,Regular,,,,,,,,,,,,,,,,,,,,,,,,,,13.5,Desconocido,Desconocido,Desconocido,Desconocido,Desconocido,Desconocido,Desconocido,Desconocido,Desconocido,Desconocido,Desconocido,Desconocido,2,1,0,0,5,0,3,3,2,4,6,3
540,1867-03-07,"A las nueve de la noche de ayer se ha fugado del tambo de «Polvos azules» una muchacha recien llegada del Cerro de Pasco. Sus señales son las siguientes: mestiza, cara casi redonda, ojos pardos grandes muy sombreados, nariz regular, pelona y de doce años poco mas ó menos. Su nombre es Maria. Se previene á la persona que retenga á la mencionada muchacha que debe entregrarla inmediatamente á sus patrones que ocupan el cuarto N. 7 del tambo arriba citado, advirtiendo que ya se ha dado parte á la Intendencia de Policia y que la persona que la oculta sufrirá en cualquier tiempo las penas designadas por la ley. Igualmente se ofrece una gratificación á la persona que dé razon del paradero de la muchacha perdida. ",TEMBLOR,Maria,F,7 años poco mas o menos,Cerro de Pasco,,,,Casi redonda,Pardos grandes muy sombreados,,,Regular,,,,,,,Pelona,,,,,,,,,,,,,,,,,,,,7.0,Desconocido,Desconocido,Desconocido,Desconocido,Desconocido,Desconocido,Desconocido,Desconocido,Desconocido,Desconocido,Desconocido,Desconocido,2,1,0,0,5,0,3,3,2,4,6,3
541,1867-03-07,"Ha fugado de casa de sus patrones el Lunes 4 del presente un muchacho nombrado José, de edad de diez años, cara redonda, ojos grandes, labios gruesos, ñato, su tipo es de canaca —está vestido con camisa de amotape, calzon oscuro y sombrero con luto. La persona que dé razon de su paradero, recibirá una gratificacion en la casa N. 118 calle de la Pileta de los Huerfanos: asi como se hará efectiva la responsabilidad de aquella que lo culte maliciosamente despues de este aviso. ",,José,M,diez años,,,,,Redonda,Grandes,,,Ñato,,Gruesos,,,,,,,,,,,,,,Camisa de amotape,Calzón oscuro,,,Sombrero con luto,,,,,,,10.0,Desconocido,Desconocido,Desconocido,Desconocido,Desconocido,Desconocido,Desconocido,Desconocido,Desconocido,Desconocido,Desconocido,Desconocido,2,1,0,0,5,0,3,3,2,4,6,3
542,1867-03-16,"Se dará á la persona que dé noticia de una cholita que se ha perdido el dia de ayer de la casa N. 160 de la calle de Villegas. Su edad es de ocho años poco mas ó menos, está vestida con trage y saco de olan amarillo, tiene el pelo cortado y las manos llenas de berrugas. No habla español pues solo hace ocho dias que vino del Cuzco. Se suplica á la persona que la haya encontrado, dé aviso en la casa indicada ó al mayordomo del Hotel Maury. ",GRATIFICACIÓN,,F,7 años poco mas o menos,Cuzco,,,,,,,,,,,,,,,Cortado,,,,,,manos llenas de berrugas,,,Vestida con traje y saco de olan amarillo,,,,,,,,,,,7.0,Desconocido,Desconocido,Desconocido,Desconocido,Desconocido,Desconocido,Desconocido,Desconocido,Desconocido,Desconocido,Desconocido,Desconocido,2,1,0,0,5,0,3,3,2,4,6,3
543,1867-03-29,"SE ha fugado de la casa del Tambo N. 24 un cholo llamado Eugenio Agama, de edad de 14 años y se ha robado un anillo de brillantes y cinco cucharas de plata. Se previene á la persona que lo ocultare que le pararán los perjuicios consiguientes. La persona que diese noticia de su paradero se le gratificará generosamente. ",,Eugenio Agama,M,catorce años,,,,,,,,,,,,,,,,,,,,,,,,,,,,,,,,,,,,14.0,Desconocido,Desconocido,Desconocido,Desconocido,Desconocido,Desconocido,Desconocido,Desconocido,Desconocido,Desconocido,Desconocido,Desconocido,2,1,0,0,5,0,3,3,2,4,6,3
544,1867-04-05,"El Jueves último, se ha desaparecido de la casa del Dr. Figueroa en la bajada del Puente, un cholito como de ocho á diez años, recien llegado del Cerro, por lo que apenas conoce algunas palabras del español, se llama Gregorio, es picado de viruelas, le faltan dos dientes en la parte superior, y como señal mas particular tiene dos verrugas en la mano derecha. La persona que lo hubiese encontrado, se servirá llevarlo á la indicada casa, donde se le gratificará, mas si se le oculta, se harán valer ante los Tribunales las acciones correspondientes contra los anstractores ú ocultadores. ",MUCHACHO PERDIDO,Gregorio,M,ocho a diez años,Cerro,,,,,,,,,,,Le faltan dos dientes en la parte superior,,,,,,,,Picado de viruelas,,berrugas en la mano derecha,,,,,,,,,,,,,,9.0,Desconocido,Desconocido,Desconocido,Desconocido,Desconocido,Desconocido,Desconocido,Desconocido,Desconocido,Desconocido,Desconocido,Desconocido,2,1,0,0,5,0,3,3,2,4,6,3
545,1867-04-15,"Será bien gratificado el que entregue en caa de sus patrones calle de las Albaquitas N. 17 altos, al muchacho Antonio Bermudes, natural de Carhuaz, de 10 á 11 años de edad, mestizo, caranton, pelo claro, pequeño de cuerpo y con vestido de algodon azul claro, que fugó robando el día 12 á las seis de la tarde. Ha sido entregado por su familia para su educacion en recompensa de sus servicios domésticos segun documento en orma; y se suplica no se oculte para excitar cuestiones desagradables ante la justicia. 

 ",DOMESTICO,Antonio Bermudes,M,diez a once años,Carhuaz,,,Pequeño de cuerpo,Caranton,,,,,,,,,,Claro,,,,,,,,,,Algodón azul claro,Algodon azul claro,,,,,,,,,,10.5,Desconocido,Desconocido,Desconocido,Desconocido,Desconocido,Desconocido,Desconocido,Desconocido,Desconocido,Desconocido,Desconocido,Desconocido,2,1,0,0,5,0,3,3,2,4,6,3
546,1867-04-15,"El dia 13 á las ocho y media de la noche ha fugado de casa de su patrona la muchacha Marcelina Romero sin duda inquietada por personas de mala fé, sus señales son las siguientes: color indígena, edad 14 años, nariz afilada, boca regular, pelo largo y ojos grandes; la persona que en su poder la tenga puede entregarla en el acto en la calle de las Albaquitas N. 41 y en su caso que la detenga en su poder á pesar de este aviso, serán complices del robo que ha hecho la expresada muchacha que importa mas de doscientos pesos entre varias especies, 2 trajes nuevos importe de 90 pesos, un solitario de brillante, un sol y cuarto de oro y otras menudencias. Maria Milla. cv1.   ",PREVENCION,Marcelina Romero ,F,catorce años,,Indígena ,,,,Grandes,,,Afilada,Regular,,,,,,Pelo largo,,,,,,,,,,,,,,,,,,,,14.0,Desconocido,Desconocido,Desconocido,Desconocido,Desconocido,Desconocido,Desconocido,Desconocido,Desconocido,Desconocido,Desconocido,Desconocido,2,1,0,0,5,0,3,3,2,4,6,3
547,1867-04-15,"En la mañana de ayer como á las ocho se ha perdido una cholita llamada Natalia Gualluyo, de 1 año 8 meses de edad, vestida de amotape, cara aguileña, ojos grandes y pardos. La persona que la tenga puede ocurrir á esta imprenta. pv1. ",UNA BUENA GRATIFICACION,Natalia Gualluyo,F,un año 8 meses,,,,,Aguileña,Grandes y pardos,,,,,,,,,,,,,,,,,,,Amotape,Amotape,,,,,,,,,,1.67,Desconocido,Desconocido,Desconocido,Desconocido,Desconocido,Desconocido,Desconocido,Desconocido,Desconocido,Desconocido,Desconocido,Desconocido,2,1,0,0,5,0,3,3,2,4,6,3
548,1867-04-16,"Se ofrece una gratificación á la persona que dé noticia exacta del paradero de una menor llamada Juana Morales, que ha fugado el Lunes 8 del presente de la casa de sus patrones N. 128 calle del Mascaron, y cuyas señales son las siguientes: india, pequeña de cuerpo, gorda, de edad de 15 años, cara redonda, cejas bien tupidas. frente muy chica y calzada, y lleva diferentes vestidos de seda y de lana. Se previene al mismo tiempo que la persona que la conserve oculte se hará responsable á los cargos prevenidos por el Reglamento de Policia. ",OJO,Juana Morales,F,quince años,,,Pequeña de cuerpo,Gorda,Redonda,,Tupidas,,,,,,Muy chica y calzada,,,,,,,,,,,,Vestidos de seda y de lana,,,,,,,,,,,15.0,Desconocido,Desconocido,Desconocido,Desconocido,Desconocido,Desconocido,Desconocido,Desconocido,Desconocido,Desconocido,Desconocido,Desconocido,2,1,0,0,5,0,3,3,2,4,6,3
549,1867-04-20,"Buena gratificacion se dará á la persona que entregue á un muchacho de once para doce años que se fugó el Miercoles 17 del presente; sus señales son: color indio, cara aguileña, nariz afilada, labios delgados, pelon, tiene una cicatriz encima de la ceja; el que lo ocultare tendrá que sufrir las penas que impone el reglamento de policia: sus patrones viven en los altos del Museo Nacional, donde se avisará. ",UNA ,,M,once a doce años,,Indio,,,Aguileña,,,,Afilada,,Delgados,,,,,Pelón,,,Encima de la ceja ,,,,,,,,,,,,,,,,,11.5,Desconocido,Desconocido,Desconocido,Desconocido,Desconocido,Desconocido,Desconocido,Desconocido,Desconocido,Desconocido,Desconocido,Desconocido,2,1,0,0,5,0,3,3,2,4,6,3
550,1867-05-01,"Ayer Martes 30 de abril se fugó de la casa N. 288 de la calle de Quijano un cholito de la edad de 8 años llamado Julian Cordova, tiene una nube en el ojo izquierdo, bastante para conocerlo. La persona que lo tenga debe entregarlo á su dueño si quiere evitar las penas que la ley designa. ",MUCHACHO PERDIDO,Julian Cordova,M,ocho años,,,,,,Nube en el ojo,,,,,,,,,,,,,,,,,,,,,,,,,,,,,,8.0,Desconocido,Desconocido,Desconocido,Desconocido,Desconocido,Desconocido,Desconocido,Desconocido,Desconocido,Desconocido,Desconocido,Desconocido,2,1,0,0,5,0,3,3,2,4,6,3
551,1867-05-07,"El dia 6 del presente á las 8 de la noche se ha fugado de casa de su maestro un cholito llamado José de edad de once años. Tiene cara redonda, ñato, con un lunar junto á la boca, cabeza redonda con dos señales de rotura. Lleva calzon de brin blanco y camisa azul, botines elásticos. Es bajito de cuerpo, la persona que lo oculte pagará los cargos que impone la ley, y la que lo presente á la calle de Plateros de San Pedro almacen del Aguila N. 12, se le dará una gratificacion. El cholito tiene los dedos gruesos de los pies separados de los demas. ",¡OJO! ¡OJO! ¡OJO!,José,M,once años,,,Bajito de cuerpo,,Redonda,,,,Ñato,,,,,,,,,,Dos señales de rotura en la cabeza,,Un lunar junto a la boca,,,,Camisa azul ,Calzón de brin blanco,Botines elásticos,,,,,,,,,11.0,Desconocido,Desconocido,Desconocido,Desconocido,Desconocido,Desconocido,Desconocido,Desconocido,Desconocido,Desconocido,Desconocido,Desconocido,2,1,0,0,5,0,3,3,2,4,6,3
552,1867-05-07,"Ayer á las cinco de la tarde se ha salido de su casa, calle de las Nazarenas N. 130, una chola de 14 á 15 años, gorda, de mediana estatura y se llama Paulina. Se lleva un documento de mucha importancia para su dueño, siendo de ningun valor para cualquier otro. La persona que en la mencionada casa, dé razon de su paradero será gratificada; la que la tenga ú oculte se hará acreedora á las penas que señala el Reglamento de Policía. ",PROFUGA,Paulina,F,catorce a quince año,,,Mediana estatura,Gorda,,,,,,,,,,,,,,,,,,,,,,,,,,,,,,,,14.5,Desconocido,Desconocido,Desconocido,Desconocido,Desconocido,Desconocido,Desconocido,Desconocido,Desconocido,Desconocido,Desconocido,Desconocido,2,1,0,0,5,0,3,3,2,4,6,3
553,1867-05-18,"Con fecha ocho del corriente, se fugó en el pueblo de Chorrillos del rancho de su patrona, una cholita coja, muy pelona, y de edad de doce á trece años. El individuo que dé razon del paradero de ella en la casa N. 123, calle de Ica, tendrá una buena gratificacion; sirviendo este aviso de bastante prevencion á la persona ó familia que la tenga, para que esté á lo dispuesto en el Reglamento Municipal sobre los domésticos prófugos de menor edad. ",FUGA DE UNA DOMESTICA,,F,doce a trece años,,,,,,,,,,,,,,,,Muy pelona,,,,,,,,,,,,,,,,,,,,12.5,Desconocido,Desconocido,Desconocido,Desconocido,Desconocido,Desconocido,Desconocido,Desconocido,Desconocido,Desconocido,Desconocido,Desconocido,2,1,0,0,5,0,3,3,2,4,6,3
554,1867-05-25,"Del departamento de la derecha de los altos de la casa N. 101, de la calle del Colegio Real, en la noche del Miércoles 22 del presente mes de Mayo, se han salido dos muchachas y un cholito, cuyas señales y circunstancias son las siguientes: la mayor de diez y siete años, se llama Juana, baja, gorda, cara tosca, su casta india clara y con el pelo al hombro: la menor tiene doce años, se llama Sebastiana, bajita, muy gorda y de buena cara, mestiza, con el pelo al hombro; estas dos han salido con sus trajes de merino negro y mantas, y el muchacho es de ocho años, muy gordo, indio negro, con el pelo rebajado, se llama Pablo, y estaba con pantalon de color y en mangas de camisa. Como al salir de su casa estos muchachos es de suponer que los haya inquietado la mayor, por haber sido ésta instigada con fines depravados, se previene que la persona que retenga en su poder á alguno de los tres mencionados, será responsable en todo tiempo á los cargos que se hagan por lo que se han sustraido; advirtiéndose que se ha dado el respectivo aviso á la Intendencia de Policia para los efectos y responsabilidades consiguientes. Quien dé parte, ó entregue á todos ó á alguno de los referidos, será debidamente gratificado en la casa de que se ha hecho mencion. ",FUGA DE TRES MUCHACHOS,"Juana, Sebastiana y Pablo ",2 F y 1 M,mayor de diecisiete años doce años y ocho años,,"Juana es india clara, Sebastiana es mestiza y Pablo indio negro","Juana es baja, Sebastiana es bajita, Pablo no dice.","Juana es gorda, Sebastiana es muy gorda y Pablo es muy gordo","Juana tiene la cara tosca, Sebastiana es de buena cara y Pablo no dice.",,,,,,,,,,,"Juana tiene el pelo al hombro, Sebastiana tiene el pelo al hombro y Pablo tiene el pelo rebajado",,,,,,,,,Juana y Sebastiana llevan un traje de merino negro y Pablo mangas de camisa,Pablo lleva pantalón de color ,,,,,,,,,,12.33,Desconocido,Desconocido,Desconocido,Desconocido,Desconocido,Desconocido,Desconocido,Desconocido,Desconocido,Desconocido,Desconocido,Desconocido,2,1,0,0,5,0,3,3,2,4,6,3
555,1867-05-27,"En la mañana del 24 se ha perdido un muchacho de Pucará de Huancayo de edad como de ocho años, mesticito y vestido de paño negro, camisa con listas y sobrero de China. La persona que lo entregue en la Plaza de la Inquisicion N. 211 recibirá una gratificacion. ",AL PÚBLICO,,M,como de ocho años,Pucará de Huancayo,,,,,,,,,,,,,,,,,,,,,,,,Camisa con listas,,,,Sombrero de China,Paño negro,,,,,,8.0,Desconocido,Desconocido,Desconocido,Desconocido,Desconocido,Desconocido,Desconocido,Desconocido,Desconocido,Desconocido,Desconocido,Desconocido,2,1,0,0,5,0,3,3,2,4,6,3
556,1867-06-08,"A las dies de la noche de ayer, ha fugado de su casa un cholito de doce años de edad, llamado Antonio Muñoz. Lleva camisa de bengala á pintas coloradas, saco negro de listrim y pantalon id. de casimir, sujeto con un cincho de cuero blanco con hebilla. A mas de estas señales tiene el segundo dedo de uno de los pies mas grande que los otros. A la persona que lo entregue ó dé razon de él en Santa Rosa de las Monjas núm. 145, ó en el convento de San Pedro Nolasco se le dá una gratificacion; y al que lo ocultare se le hará responsable segun las leyes del caso. ",MUCHACHO PERDIDO,Antonio Muñoz,M,doce años,,,,,,,,,,,,,,,,,,,,,,,,,Camisa de bengala a pintas coloradas,Pantalon id. de casimir ,,,,,"Saco negro de listrim, cincho de cuero blanco con hebilla",,,,,12.0,Desconocido,Desconocido,Desconocido,Desconocido,Desconocido,Desconocido,Desconocido,Desconocido,Desconocido,Desconocido,Desconocido,Desconocido,2,1,0,0,5,0,3,3,2,4,6,3
557,1867-07-15,"El Dia 14 del presente á las doce de la noche, ha desaparecido de casa de su patron el indígenas Tomas N., llevandose ciento sesenta pesos en dinero sonante; la persona que de razon del paradero de dicho, á su patron D. Juan Collazos, que vive en la calle de la Barranca N. 121, se le dará una buena gratificacion, y caso contrario se procederá por los medios legales á hacer efectiva la pena establecida en el reglamento de policia; la que ya tiene conocimiento de esta ocurrencia. Las señales del indígena son las siguientes: bajo de cuerpo, borrado, cegaton, tuerto, y puede ser conocido por haber vendido anteriormente ranfañote. ",,Tomas N.,M,,,,Bajo de cuerpo,,,Cegaton y tuerto,,,,,,,,,,,,,,Borrado,,,,,,,,,,,,,,,,Desconocido,Desconocido,Desconocido,Desconocido,Desconocido,Desconocido,Desconocido,Desconocido,Desconocido,Desconocido,Desconocido,Desconocido,Desconocido,2,1,0,0,5,0,3,3,2,4,6,3
558,1867-07-17,"El Lunes á las 7 de la noche se ha fugado de casa de sus patrones un muchacho como de 20 á 11 años nombrado Manuel José, vestido con pantalon de paño color plomo, chaquota de paño cabritilla, sombrero de vicuña; sus señales particulares son: color indio prieto, picado de viruelas y muy cerrado para hablar, natural de Concepcion, está recien llegado, lleva atada á la cintura una correita; la persona en cuyo poder se encuentre puede presentarlo en la cuadra del Mascaron N. 112 que será gratificada, y la que lo culte sufrirá las penas que señala el reglamento de policia. Si se presentase en alguna agencia pueden retenerlo, y dar aviso inmediatamente que serán gratificados. ",,Manuel José,M,veinte a once años,Concepción,Color indio prieto,,,,,,,,,,,,,,,,,,Picado de viruelas,,,,,,Pantalon de paño color plomo,,,Sombrero de vicuña,,Chaqueta de paño cabritilla y una correita atada a la cintura ,,,,,15.5,Desconocido,Desconocido,Desconocido,Desconocido,Desconocido,Desconocido,Desconocido,Desconocido,Desconocido,Desconocido,Desconocido,Desconocido,2,1,0,0,5,0,3,3,2,4,6,3
559,1867-07-23,"Se da una buena gratificación á la persona que entregue ó dé razon en la calle de las Animitas N. 137 altos, del paradero de un cholito de 5 á 9 años de edad, que ha desaparecido ayer como á las tres de la tarde de la calle del Pozo, abajo del puente, N. 130; se llama Daniel Ugarte, de cara aguileña, nariz afilada, vestido con pantalon, chaqueta y gorra de paño negro, zapatos serranos dobles. Se previene que se ha dado parte al señor Intendente de Policia, á fin de que le explique á la persona que lo oculte la pena que señala en estos casos el Reglamento. ",28 DE JULIO,Daniel Ugarte,M,cinco a nueve años,,,,,Aguileña,,,,Afilada,,,,,,,,,,,,,,,,,Pantalon ,Zapatos serranos dobles,,Gorra de paño negro,,Chaqueta  ,,,,,7.0,Desconocido,Desconocido,Desconocido,Desconocido,Desconocido,Desconocido,Desconocido,Desconocido,Desconocido,Desconocido,Desconocido,Desconocido,2,1,0,0,5,0,3,3,2,4,6,3
560,1867-08-22,"En la noche del 20 de la casa de su patron, un muchacho llamado Juan Quispe, del pueblo de Pariamarca, de edad de 10 á 11 años; sus señales son: cara redonda, ojos chicos, ancho de hombros en mangas de camisa y con sombrero plomo. La persona que lo tenga en su poder, puede entregarlo en la relojería de Santa Apolonia ó en el Cármen Alton° 495, que se le dará una gratificacion. ",SE HA FUGADO,Juan Quispe,M,diez a once años,Pueblo de Pariamarca,,,Ancho de hombros,Redonda,Chicos,,,,,,,,,,,,,,,,,,,Mangas de camisa ,,,,Sombrero plomo ,,,,,,,10.5,Desconocido,Desconocido,Desconocido,Desconocido,Desconocido,Desconocido,Desconocido,Desconocido,Desconocido,Desconocido,Desconocido,Desconocido,2,1,0,0,5,0,3,3,2,4,6,3
561,1867-08-23,"La persona que hubiese hallado en la mañana de hoy una cholita nombrada Natividad, de 7 á 8 años de edad, vestida con trage verde con negro y monillo verde con café, puede ocurrir á la calle del Lechugal, casa del coronel Gomez Silva, donde Da. Pascuala de Nuque, patrona de dicha menor; entendiéndose que la autoridad compete tiene conocimiento de esta ocurrencia.",PERDIDA,Natividad,F,siete a ocho años,,,,,,,,,,,,,,,,,,,,,,,,,Traje verde con negro ,,,,,,Monillo verde con café,,,,,7.5,Desconocido,Desconocido,Desconocido,Desconocido,Desconocido,Desconocido,Desconocido,Desconocido,Desconocido,Desconocido,Desconocido,Desconocido,2,1,0,0,5,0,3,3,2,4,6,3
562,1867-08-31,"Á la persona que dé razon del paradero de un cholito que pertenece a la Da. Candelaria Munariz de Ordoñez, que se ha perdido el día de ayer; es de edad de 8 años, vestido con saco de cachemira color avellana, pantalon casi del mismo color. El cholito se llama Rudencio Ordoñez, pues lleva el apellido de su patrona, tiene una cicatriz en la ceja izquierda, cara redonda, ojos pequeños encapotados, un poco ñato, sombrero de lana, zapatos de jeve. La persona que lo tenga o la que lo encuentre lo presentará en esta imprenta ó en la Intendencia. ",SE OFRECE UNA GRATIFICACIÓN,Rudencio Ordoñez,M,ocho años,,,,,Redonda,Pequeños encapotados,,,Un poco ñato,,,,,,,,,,Ceja izquierda,,,,,,,Pantalón casi de color avellana,Zapatos de jeve,,Sombrero de lana,,Saco de cachemira color avellana,,,,,8.0,Desconocido,Desconocido,Desconocido,Desconocido,Desconocido,Desconocido,Desconocido,Desconocido,Desconocido,Desconocido,Desconocido,Desconocido,2,1,0,0,5,0,3,3,2,4,6,3
564,1867-10-14,"El Martes 8 del presente á las 9 de la mañana se ha salido de la casa N. 162, calle de Santa Catalina, un muchacho llamado Eugenio Gonzales de edad de 12 años. Las señas son las siguientes: cara redonda, color mestizo, bajo de cuerpo, gordo, lleva pantalon de casimir, claro, levita negra y sombrero de lana color plomo; es natural del Cerro de Pasco y habla bien el castellano. La persona que lo tenga puede entregarlo en dicha casa; de lo contrario sufrirá la pena que señala el Reglamento de la Policia, para cuyo efecto se ha dado el correspondiente parte á la Intendencia. Así mismo se dará una gratificacion á la persona que dé razon de él. ",,Eugenio Gonzalez ,M,doce años,Cerro de Pasco,Color mestizo ,Bajo de cuerpo,Gordo,Redonda ,,,,,,,,,,,,,,,,,,,,,Pantalon de casimir claro,,,Sombrero de lana color plomo,,Levita negra,,,,,12.0,Desconocido,Desconocido,Desconocido,Desconocido,Desconocido,Desconocido,Desconocido,Desconocido,Desconocido,Desconocido,Desconocido,Desconocido,2,1,0,0,5,0,3,3,2,4,6,3
565,1867-10-24,"De la sierra, gordo, colorado, de diez años próximadamente y cuyo nombre es Escolástico, abandonó antier la casa de sus patrones; quienes ofrecen una gratificación á la persona que dé razon de él, en los altos de la casa N. 123 de la calle de Gremios. 
 ",UN MUCHACHO,Escolástico,M,diez años,De la Sierra,,,Gordo,,,,,,,,,,,,,,,,,,,,,,,,,,,,,,,,10.0,Desconocido,Desconocido,Desconocido,Desconocido,Desconocido,Desconocido,Desconocido,Desconocido,Desconocido,Desconocido,Desconocido,Desconocido,2,1,0,0,5,0,3,3,2,4,6,3
566,1867-10-26,"Ayer de una á dos de la tarde se ha perdido de casa de sus padres fuera de la portada de Cocharcas, una cholita llamada Cármen Salvadora, de edad de cuatro á cinco años, sus señales son las siguientes: pelo negro, cara redonda, ojos chicos, ñata, con una argolla de oro en el lado izquierdo, tiene una cruz de nacimiento en el pecho, con un trage de color morado y zapatitos de hule un poco rotos por detras. La persona que la entregue fuera de la portada de Cocharcas en la tienda inmediata al Tambo recibirá una buena gratificación, de lo contrario sufrirá la pena que señala el reglamento de la Policia. ",ATENCION,Cármen Salvadora,F,cuatro a cinco años,,,,,Redonda ,Chicos,,,Ñata,,,,,,Negro,,,,,,Cruz de nacimiento en el pecho,,,,Traje de color morado,Traje de color morado,Zapatitos de hule un poco rotos por detrás,,,,Argolla de oro en el lado izquierdo,,,,,4.5,Desconocido,Desconocido,Desconocido,Desconocido,Desconocido,Desconocido,Desconocido,Desconocido,Desconocido,Desconocido,Desconocido,Desconocido,2,1,0,0,5,0,3,3,2,4,6,3
567,1867-10-30,"El dia 28 á las 8 de la noche ha desaparecido de su casa una menor, de edad de trece años, color trigueño, pelo lacio, cara redonda, con una señal en el ojo derecho, labios gruesos, nariz pequeña, vestida con trage morado muy sucio y tapada con un paño azul. La persona que la tenga ó sepa su paradero puede ocurrir á esta imprenta donde se dará razon de su familia, pues de lo contrario sufrirá la pena correspondiente. ",,,F,trece años,,Trigueño,,,Redonda ,,,,Pequeña,,Gruesos,,,,,,Lacio,,,,,,,,Traje de color morado muy sucio,Traje de color morado muy sucio,,,,Paño azul,,,,,,13.0,Desconocido,Desconocido,Desconocido,Desconocido,Desconocido,Desconocido,Desconocido,Desconocido,Desconocido,Desconocido,Desconocido,Desconocido,2,1,0,0,5,0,3,3,2,4,6,3
568,1867-10-31,"Á las nueve, se ha desaparecido de la casa núm. 126 cuarta calle de Lima, una muchacha llamada Juana Santistevad, de edad de doce años, chola, con un lunar en el carrillo izquierdo: lleva un traje cabritilla á cuadros y un pañolon color habano. La persona que dé noticia de ella, será gratificada y la que la tenga servirá entregarla, pues de lo contrario será multada con las penas que impone el Reglamento de Policia en tales casos, pues se lleva algunas prendas y cantidad de dinero. ",ANOCHE,Juana Santistevad,F,doce años,,Colorado,,,,,,,,,,,,,,,,,,,Lunar en el carrillo izquierdo,,,,Traje a cabritilla a cuadros ,Traje a cabritilla a cuadros,,,,Pañolon color habano,,,,,,12.0,Desconocido,Desconocido,Desconocido,Desconocido,Desconocido,Desconocido,Desconocido,Desconocido,Desconocido,Desconocido,Desconocido,Desconocido,2,1,0,0,5,0,3,3,2,4,6,3
569,1867-11-02,"El Lunes 28 al anochecer, ha abandonado su casa materna la menor Carmen Yenzun, hija de lejítimo matrimonio. Sus señales son las siguientes: estatura regular, color trigueño, edad 13 años, pelo negro, señal particular el ojo derecho fruncido, traje de olan morado, y un paño de taparse de los que traen de la costa abajo. La persona que la tenga está en el deber de entregarla inmediatamente á sus padres que viven en la calle del Milagro núm. 128, en la inteligencia que de no verificarlo sufrirán la pena que para estos casos señala la ley, sin perjuicio de levantarse al efecto la respectiva causa criminal, que merece semejante atentado.",,Carmen Yenzun ,F,trece años,,Trigueño,Regular,,,Ojo derecho fruncido,,,,,,,,,Negro,,,,,,,,,,Traje de olan morado,Traje de olan morado,,,,Paño de taparse de los que traen de la costa abajo,,,,,,13.0,Desconocido,Desconocido,Desconocido,Desconocido,Desconocido,Desconocido,Desconocido,Desconocido,Desconocido,Desconocido,Desconocido,Desconocido,2,1,0,0,5,0,3,3,2,4,6,3
570,1867-11-04,"Á la persona que entregue ó dé razon de un muchacho llamado Luciano Asnavar, hijo de Gertrudis Orellanada, naturales de Jauja, que se ha huido de casa de sus patrones en la mañana del Mártes 29 de Octubre ultimo, á cuyo poder fué llevado por sus padres que se hallan en esta capital. Su edad es de 11 á 12 años, muy picado de viruelas, color trigueño mestizo, vestido de pantalon claro de listas, chaqueta negra y sombrero de pajita color avellana; habla mal el español. La intendencia tiene ya conocimiento, y las personas que le retuvieron en su poder, serán acreedoras á las penas que impone el reglamento de Policia. Calle de la Vireina N. 171, principal.",SE DA UNA GRATIFICACIÓN,Luciano Asnavar ,M,once a doce años,Jauja,Trigueño mestizo,,,,,,,,,,,,,,,,,,Muy picado de viruelas,,,,,,Pantalón claro de listas,,,Sombrero de pajita color avellana,,Chaqueta negra,,,,,11.5,Desconocido,Desconocido,Desconocido,Desconocido,Desconocido,Desconocido,Desconocido,Desconocido,Desconocido,Desconocido,Desconocido,Desconocido,2,1,0,0,5,0,3,3,2,4,6,3
571,1867-11-12,"En la tarde del Sábado 9 del presente, se ha huido un muchacho llamado Mariano, de edad de diez y seis años, sus señales son las siguientes: cholo, mestizo, gordo, vestido con una cotona azul y pantalon de paño del mismo color, sombrero de junco, sucio, sin zapatos. La persona que dé razon de su paradero ó lo entregue en la calle de Malambo, tienda panaderia número 162, recibirá una buena gratificacion. ",,Mariano,M,dieciseis años,,,,Gordo,,,,,,,,,,,,,,,,,,,,,Cotona azul,Pantalón de paño azul,,,Sombrero de juncio sucio,,,,,,,16.0,Desconocido,Desconocido,Desconocido,Desconocido,Desconocido,Desconocido,Desconocido,Desconocido,Desconocido,Desconocido,Desconocido,Desconocido,2,1,0,0,5,0,3,3,2,4,6,3
572,1867-11-12,"El 6 del presente á las 10 del dia se ha perdido un muchacho de 13 años de edad, de baja estatura, llamado Julio Huerta; sus señales son las siguientes: bajo de cuerpo, color peruano, vestido de un saco de castor cabritilla, pantalon de casimir de negro de venitas, sombrero de lana, camisa de color rosada y botines doble. La persona que lo tenga puede entregarlo á la casa callejon de la Toma núm. 4 de casa de D. José T. Barrenueva; padre político de dicho muchacho, en caso que no lo entreguen, será castigado segun el reglamento de la Policia. La persona que dé noticia de su paradero, recibirá una gratificacion. ",AL PUBLICO,Julio Huerta,M,trece años,,Peruano,Bajo de cuerpo,,,,,,,,,,,,,,,,,,,,,,Camisa de color rosada,Pantalón de casimir negro de venitas,Botines doble,,Sombrero de lana,,Saco de castor cabritilla ,,,,,13.0,Desconocido,Desconocido,Desconocido,Desconocido,Desconocido,Desconocido,Desconocido,Desconocido,Desconocido,Desconocido,Desconocido,Desconocido,2,1,0,0,5,0,3,3,2,4,6,3
573,1867-11-20,"El Martes a las nueve de la noche ha fugado de casa de su patron el indígena Tomas Mendoza, que antes vendia ranfañote. Se pone en conocimiento del público para que no sea admitido, pues deja donde su patron una deuda crecida como consta en la escritura que celebró donde el juez de los contratados. La persona que dé razon de su paradero recibirá una gratificacion en la chingana de la Barranca frente á la calle de Rufas N. 121. ",,Tomas Mendoza,M,,,,,,,,,,,,,,,,,,,,,,,,,,,,,,,,,,,,,Desconocido,Desconocido,Desconocido,Desconocido,Desconocido,Desconocido,Desconocido,Desconocido,Desconocido,Desconocido,Desconocido,Desconocido,Desconocido,2,1,0,0,5,0,3,3,2,4,6,3
574,1867-12-03,"Se dá al que presente en la casa N. 98 cuadra del Quemado, á un cholito nombrado Rafael, de 13 á 14 años de edad que se ha fugado. Suplico á la persona en cuya casa se haya acojido, lo ponga á disposicion del que suscribe, pues es responsable á sus padres por este menor; bajo el supuesto que si así no lo verifica y fuese retenido, responderá al cargo que se le haga conforme á lo que previene el Reglamento de Policia. Antonio Benavides. ",UNA GRATIFICACION,Rafael ,M,trece a catorce años,,,,,,,,,,,,,,,,,,,,,,,,,,,,,,,,,,,,13.5,Desconocido,Desconocido,Desconocido,Desconocido,Desconocido,Desconocido,Desconocido,Desconocido,Desconocido,Desconocido,Desconocido,Desconocido,2,1,0,0,5,0,3,3,2,4,6,3
576,1867-12-16,"El Sábado 14 del presente, se ha estraviado una cholita por no conocer la casa, llamada Maria, cuya filiacion es la siguiente: cara redonda, nariz ñata, ojos negros, orejas grandes, pelona, edad 12 años, vestido color cafe, sin manta. La persona que la retenga y no la entregue en la Sa. calle de Camaná, junto á los rieles, casa N. 251, sufrirá las oenas señaladas en el reglamento de Policia, y se ofrece una gratificacion. pv1.",AL PUBLICO,Maria ,F,doce años,,,,,Redonda ,Negros,,,Ñata ,,,,,,,Pelona,,,,,,,,,Café ,Café,,,,,,,,,,12.0,Desconocido,Desconocido,Desconocido,Desconocido,Desconocido,Desconocido,Desconocido,Desconocido,Desconocido,Desconocido,Desconocido,Desconocido,2,1,0,0,5,0,3,3,2,4,6,3
577,1867-12-17,"Un niño de diez á ónce años de edad, ha desaparecido de la casa de sus padres el Lunes 9 del presente dia del Aniversario de Ayacucho, por haber sido, sin duda, robado ú ocultádose con el fin de sustraerse de la instruccion de su colegio: su nombre es, el de Carlos Imaña, de estatura regular, trigueño, narizon, ojos grandes, pelo lacio y negro, defectuoso de pié derecho, del cual, para andar, hace regularmente uso del talon. La persona que dé noticia del lugar en que se encuentra ó lo entregue a su madre que vive en la calle de Aumente casa nú,. 133, recibirá una gratificación que no baje de 30 pesos. Bartola Menia. ",ES MUY INTERESANTE ,Carlos Imaña,M,diez a once años,,Trigueño,Regular,,,Grandes,,,Narizon,,,,,,Negro,,Lacio,,,,,,,Defectuoso de pie derecho,,,,,,,,,,,,10.5,Desconocido,Desconocido,Desconocido,Desconocido,Desconocido,Desconocido,Desconocido,Desconocido,Desconocido,Desconocido,Desconocido,Desconocido,2,1,0,0,5,0,3,3,2,4,6,3
578,1867-12-21,"El Martes 17 del presente se ha fugado de la casa de D. Julio Hubner, un domestico entregado por sus padres, se llama Demesio Perez, vestido con pantalon blanco, camisa de listado, saco negro y botines; cara grande, cabezon y picado de viruela: quien lo tenga en su poder y podrá entregarlo en la calle de Santa Rosa de los Padres N. 136 ó en el Callao calle del General Castilla N. 132 y si lo oculta pagará la multa que señala el reglamento de policia. ",PREVENCIÓN,Demesio Perez ,M,,,,,,Cara grande y cabezón ,,,,,,,,,,,,,,,Picado de viruela,,,,,Camisa de listado,Pantalón blanco ,Botines,,,,Saco negro ,,,,,Desconocido,Desconocido,Desconocido,Desconocido,Desconocido,Desconocido,Desconocido,Desconocido,Desconocido,Desconocido,Desconocido,Desconocido,Desconocido,2,1,0,0,5,0,3,3,2,4,6,3
579,1868-07-01,Se ha perdido un mezticito de edad de dos años que todavia no sabe hablar. Está vestido de calzon plomo saco blanco sin sombrero y escaso de pelo. La persona que diera razon de él en la calle de Mercedarias N. 138 hará una obra de caridad ó recibirá una gratificación si la exigiese. ,,,M,dos años,,,,,,,,,,,,,,,,Escaso de pelo ,,,,,,,,,,Calzón plomo ,,,,,Saco blanco ,,,,,2.0,Desconocido,Desconocido,Desconocido,Desconocido,Desconocido,Desconocido,Desconocido,Desconocido,Desconocido,Desconocido,Desconocido,Desconocido,2,1,0,0,5,0,3,3,2,4,6,3
580,1868-07-03,"La persona que entregue ó dé razon del menor Jacinto Condori, hijo de Mariano Condori, que se fugó del Colegio de San Agustin; sus señales son: edad once años, cholito, cara redonda, saco blanco, pantalon morado, sombrero de paja plomo; recibirá una buena gratificacion en los Baños de San Agustin, de lo contrario sufrirá la pena que señala el Reglamento de Policia.",,Jacinto Condori,M,once años,,,,,Redonda ,,,,,,,,,,,,,,,,,,,,,Pantalón morado,,,Sombrero de paja plomo ,,Saco blanco ,,,,,11.0,Desconocido,Desconocido,Desconocido,Desconocido,Desconocido,Desconocido,Desconocido,Desconocido,Desconocido,Desconocido,Desconocido,Desconocido,2,1,0,0,5,0,3,3,2,4,6,3
581,1868-07-09,"El Martes 7 del presente, á las 10 del día, ha sido robado en el tránsito de la calle de San Marcelo á la de Bodegones, un cholito de 6 á 7 años de edad, vestido de saquito cabritilla, pantalon plomo con cuadritos negros y gorrita de paño negro; tiene por nombre Cayetano y padece de un ronquido continuo al pecho. La persona que lo entregase en el Hotel Manry N. 42 recibirá una gratificacion, siendo en todo caso responsable, la que lo ocultase en su casa despues de publicado el presente aviso. ",MUCHACHO PERDIDO,Cayetano ,M,seis a siete años,,,,,,,,,,,,,,,,,,,,,,,,,,Pantalón plomo con cuadritos negros,,,Gorrita de paño negro ,,Saquito cabrillita,,,,,6.5,Desconocido,Desconocido,Desconocido,Desconocido,Desconocido,Desconocido,Desconocido,Desconocido,Desconocido,Desconocido,Desconocido,Desconocido,2,1,0,0,5,0,3,3,2,4,6,3
583,1868-08-01,"Se ofrece al que presente y dé razon del paradero del cholito Santiago Hermenegildo, que se ha desaparecido de la casa de su patron situada en la calle de Ayacucho (Rifa) N. 48, el dia de ayer á las siete de la noche; sus señales particulares, un lunar en el labio superiir, ñato, ojos chicos, edad como de nueve á diez años, va vestido con su pantalon blanco listado y tuin de paño verde. ",UNA GRATIFICACION,Santiago Hermenegildo,M,nueve a diez años,,,,,,Chicos,,,Ñato,,,,,,,,,,,,Lunar en el labio superior,,,,,Pantalón blanco listado ,,,,,Tuin de paño verde,,,,,9.5,Desconocido,Desconocido,Desconocido,Desconocido,Desconocido,Desconocido,Desconocido,Desconocido,Desconocido,Desconocido,Desconocido,Desconocido,2,1,0,0,5,0,3,3,2,4,6,3
584,1868-08-28,"A las ocho de la mañana del dia de ayer ha fugado de su casa Ventura Marcelo, de edad de catorce años. Se hace responsable á la persona que lo retenga en su poder aplicándole la multa que señala el reglamento de policia en estos casos. Señales particulares, indio, labios gruesos, está vestido con tuin carameli, pantalon plomo, sombrero de fieltro del mismo color. Se avisará en la calle de Huanta, antes Sacristia de Santa Ana npumero 148. ",DESAPARECIDOS ,Ventura Marcelo ,M,catorce años,,,,,,,,,,,Gruesos,,,,,,,,,,,,,,,Pantalón plomo,,,Sombrero de fieltro plomo,,Tuin carameli ,,,,,14.0,Desconocido,Desconocido,Desconocido,Desconocido,Desconocido,Desconocido,Desconocido,Desconocido,Desconocido,Desconocido,Desconocido,Desconocido,2,1,0,0,5,0,3,3,2,4,6,3
585,1868-09-26,"Antes de ayer en las horas de la procesion salió de su casa y hasta hpy no ha vuelto á parecerm de cuyo incidente ya tiene noticia la Intendencia de Policia; este es un muchacho recien llegado de Ayacucho, de ocho años de edad, lleva un pantalon verde, un saco color cabritilla, sobrero de lana de vicuña, camisa de color á listas: la persona que dé noticia de ese muchacho que habla muy poco castellano recibirá una buena gratificacion en el portal de Santo Agustin frente al Teatro N. 68, se llama Manuel Quintanilla. 
 ",MUCHACHO ESTRAVIADO, Manuel Quintanilla ,M,ocho años,Ayacucho ,,,,,,,,,,,,,,,,,,,,,,,,Camisa de color a listas,Pantalón verde,,,Sombrero de lana de vicuña,,Saco color cabritilla,,,,,8.0,Desconocido,Desconocido,Desconocido,Desconocido,Desconocido,Desconocido,Desconocido,Desconocido,Desconocido,Desconocido,Desconocido,Desconocido,2,1,0,0,5,0,3,3,2,4,6,3
587,1868-10-02,"El 20 del presente se ha perdido del callejon de Balega calle de Judios, un niño como de trece años de edad, nombrado Justo Garcia; estaba vestido con pantalon y saco de casimir color gris, es cholito, tiene la punta de la nariz borrada, los ojos grandes, cara cuadrada y un lunar en la ceja izquierda: al que dé razon de su paradero se le dará una gratificación. ",,Justo Garcia ,M,trece años,,,,,Cuadrada,Grandes,,,,,,,,,,,,,,,Lunar en la ceja izquierda ,,,,,Pantalon de casimir gris ,,,,,Saco de casimir color gris ,,,,,13.0,Desconocido,Desconocido,Desconocido,Desconocido,Desconocido,Desconocido,Desconocido,Desconocido,Desconocido,Desconocido,Desconocido,Desconocido,2,1,0,0,5,0,3,3,2,4,6,3
589,1868-10-16,"Miercoles 14 del presente ha fugado de casa de sus patronas la menor Alejandra, natural de Cóto, de 8 á 9 años de edad, señales particulares pelona, pecosa, tiene un empeine en la frente del diámetro de un sol; por vestido, pollera de lana color morado desteñido y polca del mismo género de tres puntas con trencilla color grosella, zapatos de tafilete usados. La persona que la tenga en su poder puede ocurrir á la casa, altos, calle del Mascaron N.97 donde se le dará una gratificacion; así como en caso contrario no siendo entregada será responsable ante la autoridad competente de los cargos y castigos á que es acreedora segun el Reglamento de policia. ",EL,Alejandra ,F,ocho a nueve años,Cóto ,,,,,,,,,,,,,,,Pelona,,,,,"Pecosa, empeine en la frente del diámetro de un sol ",,,,Pollera de lana color morado desteñido,,Zapatos de tafilete usados,,,,Polca de lana de tres puntas con trencilla color grosella,,,,,8.5,Desconocido,Desconocido,Desconocido,Desconocido,Desconocido,Desconocido,Desconocido,Desconocido,Desconocido,Desconocido,Desconocido,Desconocido,2,1,0,0,5,0,3,3,2,4,6,3
590,1868-10-30,"Persona que dé razon del paradero del menor Pascual Boy, de 12 años, en la tienda N.34 de la Bajada del Puente, se le gratificará; sus señales son: indio, vestido con pantalon de casimir á cuadros blancos, sombrero blanco entrefino, botines de cuero, camisa color tierra, saco de cuadritos con manga corta.  ",CUALQUIERA,Pascual Boy,F,doce años,,,,,,,,,,,,,,,,,,,,,,,,,Camisa color tierra ,Pantalon de casimir a cuadros blancos ,Botines de cuero,,Sombrero blanco entrefino,,Saco de cuadritos con manga corta,,,,,12.0,Desconocido,Desconocido,Desconocido,Desconocido,Desconocido,Desconocido,Desconocido,Desconocido,Desconocido,Desconocido,Desconocido,Desconocido,2,1,0,0,5,0,3,3,2,4,6,3
591,1868-11-02,"Una buena gratificacion se ofrece á la persona que entregue ó de razon en el Hotel de la Independencia, de un muchacho de edad de 11 años, que ha fugado el dia 31 del pasado. Su nombre es Alejo Mamani, color trigueño, ojos chicos, boca regular, pelo grueso y negro, y tiene una cicatriz pequeña en la cara. Se halla vestido de género de algodon azul con negro y sombrero de paja gruesa. 
 ",MUCHACHO PERDIDO,Alejo Mamani,M,once años,,Trigueño ,,,,Chicos,,,,Regular,,,,,Negro,,Grueso,,Cicatriz pequeña en la cara,,,,,,Vestido de género de algodon azul con negro ,Vestido de género de algodon azul con negro ,,,Sombrero de paja gruesa,,,,,,,11.0,Desconocido,Desconocido,Desconocido,Desconocido,Desconocido,Desconocido,Desconocido,Desconocido,Desconocido,Desconocido,Desconocido,Desconocido,2,1,0,0,5,0,3,3,2,4,6,3
592,1868-11-04,"En la estacion del ferrocarril de Chorrilos(tren de 11 ½ de la mañana) se ha extraviado un cholito, llamado José, recien llegado del Ecuador. Está vestido con pantalon y saco color mezclilla, zapatos de paño azul y sombrero de paja. Tiene 10 á 12 años de edad y lleva el pelo corto. A la persona que lo retenga le correrán las responsabilidades del Reglamento de Policia, recibiendo una gratificacion la que lo entregue en el lugar que se indicará en esta imprenta. ",MUCHACHO PERDIDO,José,M,diez a once años,,,,,,,,,,,,,,,,,,,,,,,,,,Pantalon mezclilla,Zapatos de paño azul ,,Sombrero de paja ,,Saco color mezclilla,,,,,10.5,Desconocido,Desconocido,Desconocido,Desconocido,Desconocido,Desconocido,Desconocido,Desconocido,Desconocido,Desconocido,Desconocido,Desconocido,2,1,0,0,5,0,3,3,2,4,6,3
593,1868-11-25,"El Miercoles 18 del presente ha fugado de la casa de sus patrones y escalando las paredes interiores una muchacha llamada Maria Caballero de color indígena, de edad de diez y siete años; la persona que la tenga en su poder dará aviso en la calle del costado de la Aduana N.96 y de no verificarlo en el término de 24 horas se le aplicará la multa que por el reglamento de Policia es acreedor. Este aviso debió haberse publicado el Jueves 19. ",MUCHACHA PROFUGA,Maria Caballero ,F,diez a siete años,,Indígena ,,,,,,,,,,,,,,,,,,,,,,,,,,,,,,,,,,8.5,Desconocido,Desconocido,Desconocido,Desconocido,Desconocido,Desconocido,Desconocido,Desconocido,Desconocido,Desconocido,Desconocido,Desconocido,2,1,0,0,5,0,3,3,2,4,6,3
594,1868-12-01,"En la tarde de ayer se ha salido de casa de sus patrones calle del Tigre N.27 el cholito Marcos Leon de edad de 11 á 12 años, robusto, cara redonda, ojos vivos y viste una chamarra de dril color plomo claro: la persona que lo entregue en dicha casa recibirá una gratificación y la que lo oculte se sujetará á la pena que el reglamento del caso prescribe, advirtiendo que dicho muchacho ha sido entregado por sus padres á quienes hay que responder por él. 
 ",MUCHACHO PERDIDO ,Marcos Leon,F,doce a once años,,,,Robusto,Redonda,Vivos,,,,,,,,,,,,,,,,,,,,,,,,,Chamarra de dril color plomo ,,,,,11.5,Desconocido,Desconocido,Desconocido,Desconocido,Desconocido,Desconocido,Desconocido,Desconocido,Desconocido,Desconocido,Desconocido,Desconocido,2,1,0,0,5,0,3,3,2,4,6,3
596,1869-01-25,"Hace como doce dias que en Chorrillos se fugó del rancho del señor D. Pedro Salmon, un muchacho de su servidumbre, llamado Mariano. Este muchacho ha estado en poder de dicho señor desde muy pequeño, quien lo crió y educó, y es aún su padrino de confirmacion. El muchacho es de Ayacucho, tiene como 18 años de edad, es bajo de cuerpo y grueso, está con sombrero de castor plomo, camisa de listado, pantalon oscuro de casimir, y es algo tartamudo. La persona que lo tenga se servirá avisárselo á dicho señor quien dará una buena gratificacion, pues de lo contrario sufrirá la pena que señala el Reglamento de Policia, á cuya intendencia se ha dado el respectivo aviso. Lima Enero 22 de 1869. 
 ",IMPORTANTE,Pedro Salmon,M,dieciocho años,Ayacucho,,Bajo de cuerpo,Grueso,,,,,,,,,,,,,,,,,,,,,Camisa de listado,Pantalon oscuro de casimir,,,,,,,,,,18.0,Desconocido,Desconocido,Desconocido,Desconocido,Desconocido,Desconocido,Desconocido,Desconocido,Desconocido,Desconocido,Desconocido,Desconocido,2,1,0,0,5,0,3,3,2,4,6,3
597,1869-01-27,"Se dará á la persona que dé razon del paradero de una menor de trece años, llamada Dolores Soto, que ha sido extraida de la casa de su madrina el Lunes 18 por la noche. Es pequeña, mestiza, trage de percala mahon con listas negras y manta negra. La persona que después de este aviso la retenga en su poder quedará sujeta á la pena que en este caso designa la ley. Callao del Pozo, N.101. ",UNA GRATIFICACION ,Dolores Soto ,F,trece años,,,Pequeña,,,,,,,,,,,,,,,,,,,,,,Traje de percala mahon con listas negras,,,,,Manta negra,,,,,,13.0,Desconocido,Desconocido,Desconocido,Desconocido,Desconocido,Desconocido,Desconocido,Desconocido,Desconocido,Desconocido,Desconocido,Desconocido,2,1,0,0,5,0,3,3,2,4,6,3
598,1869-02-11," Se ha desaparecido ayer Miercoles 10 de la casa del señor D. Eduardo Mac’all un indígena mejor de doce años, del cual es tutor el dicho señor Mac’all. Se ha dado ya parte á la Intendencia: á la persona que lo entregue se le dará una buena gratificacion y á la que lo oculte se le aplicará la pena que la ley señala. Sus señas son las siguientes: es regordete, pelon, tiene una cicatriz en la ceja izquierda: lleva una camisa de lana grosella y un saquito de paño plomo: su nombre es Felipe. ",MUCHACHO PERDIDO,Felipe,M,,,,,Regordete,,,,,,,,,,,,Pelón,,,Ceja izquierda,,,,,,Camisa de lana grosella,,,,,,Saquito de paño ,,,,,Desconocido,Desconocido,Desconocido,Desconocido,Desconocido,Desconocido,Desconocido,Desconocido,Desconocido,Desconocido,Desconocido,Desconocido,Desconocido,2,1,0,0,5,0,3,3,2,4,6,3
598,1869-02-11,"Esta mañana ha fugado de casa de su patrona la señora viuda de Casos Pozuelo de Santo Domingo N.48, un muchacho nombrado Felipe Rodriguez, de diez años, cara redonda, ojos negros, casta indígena. Este menor es pupilo de la señora y le ha sido entregado por sus padres, oriundos de la ciudad de Trujillo. Se previene al público, para que ninguna persona tome a su servicio al muchacho Felipe, ni se haga responsable de la ocultacion del menor.",MUCHACHO HUIDO ,Felipe Rodriguez,M,diez años,,,,,Redonda,Negros,,,,,,,,,,,,,,,,,,,,,,,,,,,,,,10.0,Desconocido,Desconocido,Desconocido,Desconocido,Desconocido,Desconocido,Desconocido,Desconocido,Desconocido,Desconocido,Desconocido,Desconocido,2,1,0,0,5,0,3,3,2,4,6,3
599,1869-02-20,"El Sábado 13 del que rige se ha desaparecido de casa de su patron calle de Santa Teresa N.101, un muchacho de edad de catorce años, color indio, vestido con pantalon de casimir oscuro de cuadros, saco negro de paño, chaleco carmelo con escudo y sombrero de fieltro negro. La persona que lo entregue recibirá una buena gratificacion: y la que lo retuviese sufrirá la multa del Reglamento de Policia. ",MUCHACHO PERDIDO,,M,catorce años,,Indio ,,,,,,,,,,,,,,,,,,,,,,,,Pantalon de casimir oscuro de cuadros,,,Sombrero de fieltro negro ,,"Saco negro de paños, chaleco carmelo con escudo",,,,,14.0,Desconocido,Desconocido,Desconocido,Desconocido,Desconocido,Desconocido,Desconocido,Desconocido,Desconocido,Desconocido,Desconocido,Desconocido,2,1,0,0,5,0,3,3,2,4,6,3
603,1869-03-22,"En la mañana del Martes próximo pasado, se ha perdido el menor indígena nombrado Manuel Galindo, de ocho á nueve años de edad, con dos dedos menos de la mano derecha, y muy picado de viruela; la persona en cuyo poder se encuentre lo presentará ante la Intendencia de Policia á donde se ha dado parte de su pérdida. Lima Marzo 22 de 1869. ",MUCHACHO PERDIDO ,Manuel Galindo,M,nueve a ocho años,,,,,,,,,,,,,,,,,,,,Picado de viruela,,,,Dos dedos menos en la mano derecha ,,,,,,,,,,,,8.5,Desconocido,Desconocido,Desconocido,Desconocido,Desconocido,Desconocido,Desconocido,Desconocido,Desconocido,Desconocido,Desconocido,Desconocido,2,1,0,0,5,0,3,3,2,4,6,3
604,1869-04-06," Se ha fugado de la casa de su patrona, la doméstica Eusebia Hinojosa, mejor de 14 años, lleva un trage de percala jaspeado negro con amarillo y manta negra, es de color mestiza, de pelo crespo y á medio crecer: la persona que la entregue ó dé razon de su paradero, recibirá una gratificacion en la calle de La Riva casa N.85; y la que la retenga, en su poder, sufrirá la pena que por esta falta impone el reglamento de Policia, advirtiendo que ya se ha dado parte á la Intendencia. ",,Eusebia Hinojosa,F,catorce años,,Mestiza,,,,,,,,,,,,,,A medio crecer,Crespo,,,,,,,,Traje de percala jaspeado negro con amarillo ,Traje de percala jaspeado negro con amarillo,,,,,Manta negra,,,,,14.0,Desconocido,Desconocido,Desconocido,Desconocido,Desconocido,Desconocido,Desconocido,Desconocido,Desconocido,Desconocido,Desconocido,Desconocido,2,1,0,0,5,0,3,3,2,4,6,3
605,1869-04-06,"El día de ayer se ha fugado de la casa de sus patrones un muchacho llamado Gavino, de diez á once años de edad y de casta mestizo; tiene una cicatriz en el párpado superior del ojo derecho. La persona que lo tenga ó sepa de su paradero, puede dar razon en la calle del Pozo casa N.86, donde recibirá una gratificacion. ",,Gavino,M,diez a once años,,,,,,,,,,,,,,,,,,,Párpado superior del ojo derecho,,,,,,,,,,,,,,,,,10.5,Desconocido,Desconocido,Desconocido,Desconocido,Desconocido,Desconocido,Desconocido,Desconocido,Desconocido,Desconocido,Desconocido,Desconocido,2,1,0,0,5,0,3,3,2,4,6,3
606,1869-04-21,"Recibira el que presente ó dé razon de dos muchachos que en la tarde de ayer han desertado de la calle de Zárale N.179. El uno es de 14 á 15 años de edad, estatura media, cara redonda, tes cobruna, párpados y boca abultados. El otro de 11 á 12 años, pequeño, algo grueso y tes manchada de pecas. Ambos llevan gorras de paño y vestidos de tela sencilla.
 ",BUENA GRATIFICACION ,,M,quince a catorce años y doce a once años,,Cobruna ,"Estatura media, pequeño",Algo grueso ,Redonda,Párpados abultados,,,,Abultada,,,,,,,,,,,Tes manchada de pecas,,,,Tela sencilla,Tela sencilla,,,Gorras de paño,,,,,,,13.0,Desconocido,Desconocido,Desconocido,Desconocido,Desconocido,Desconocido,Desconocido,Desconocido,Desconocido,Desconocido,Desconocido,Desconocido,2,1,0,0,5,0,3,3,2,4,6,3
608,1869-05-14,"Una gran gratificacion se darpa al que dé razon o entregue á uno llamado Julio Moreno, como de diez años de edad de color mestizo, ojos y boca grande, nariz poco ñata y frente pequeña. Se desaparecio ayer á las 7 y media de la noche. En esta imprenta daran razon. ",MUCHACHO PERDIDO,Julio Moreno,M,diez años,,Mestizo,,,,Grandes,,,Poco ñata,Grande,,,Pequeña,,,,,,,,,,,,,,,,,,,,,,,10.0,Desconocido,Desconocido,Desconocido,Desconocido,Desconocido,Desconocido,Desconocido,Desconocido,Desconocido,Desconocido,Desconocido,Desconocido,2,1,0,0,5,0,3,3,2,4,6,3
609,1869-05-19," Un cholito, llamado Isidro Serpa de 10 años de edad, natural de Huari, delgado, que anda vestido con un terno de paño negro y camisa azul, que va con la cabeza descubierta y que habla muy poco el castellano, -ha desaparecido de casa de sus patrones, situado en la calle de la Libertad, abajo del Puente, y signada con el N. 24, en la noche del 17 del presente. -El individuo en cuyo poder se encuentre, debe apresurarse á entregar el mencionado muchacho á la persona á quien sus padres lo confiaron - en la inteligencia de que la Policia tiene ya conocimiento del hecho y de que se halla resuelta á aplicar con la mayor severidad las leyes penales del caso. ",MUCHACHO PERDIDO,Isidro Serpa,M,diez años,Huari,,,,,,,,,,,,,,,,,,,,,,,,Camisa azul,,,,,,Terno de paño negro,,,,,10.0,Desconocido,Desconocido,Desconocido,Desconocido,Desconocido,Desconocido,Desconocido,Desconocido,Desconocido,Desconocido,Desconocido,Desconocido,2,1,0,0,5,0,3,3,2,4,6,3
610,1869-05-22,"El Sábado 15 ha desaparecido una cholita llamada Juana, como de 10 á 11 años, sus señales son: pelona, cara grande muy fea, con las orejas sin agujerear, tiene encima de la muñeca de una mano una cicatriz como un cordon, muy trigueña: se dará una buena gratificacion á la persona que la entregue ó dé razon en casa de su madrina calle de Pobres ó el Sauce numero 201, frente al paredon de la Encarnacion, pues de lo contrario sufrirá las penas que señala el reglamento de policia, habiendose dado aviso á la Intendencia. ",,Juana,F,doce a diez años,,Muy trigueña,,,Grande muy fea,,,,,,,,,,,Pelona,,,Encima de la mano como un cordón,,,,,,,,,,,,,,,,,Desconocido,Desconocido,Desconocido,Desconocido,Desconocido,Desconocido,Desconocido,Desconocido,Desconocido,Desconocido,Desconocido,Desconocido,Desconocido,2,1,0,0,5,0,3,3,2,4,6,3
611,1869-06-09,"Anoche á las siete de la noche han fugado dos cholitos de diez años de edad, el uno delgado boca grande y manos pequeñas, vestido con botines, sombrero de paja y chaqueta plomo, pantalon á cuadros; el otro gordito caranton y cabezon, sin sombrero y con vestido de servicio: se suplica á la personas que los tenga, ó á la que sepa del paradero de ellos, dé aviso en la casa N. 114 calle de Trujillo, donde se le dará una gratificacion, en caso contrario se espondra á lo que ordena el reglamento de policia. ",CUBA,,M,diez años,,,,"Delgado, gordito",Caranton y cabezon ,,,,,Grande,,,,,,,,,,,,,,,Vestido de servicio,"Pantalon a cuadros, vestido de servicio",Botines,,Sombrero de paja,,Chaqueta plomo,,,,,10.0,Desconocido,Desconocido,Desconocido,Desconocido,Desconocido,Desconocido,Desconocido,Desconocido,Desconocido,Desconocido,Desconocido,Desconocido,2,1,0,0,5,0,3,3,2,4,6,3
612,1869-06-11,"De la casa N. 71 en la calle de Villalta se ha hido el Domingo último, uno de seis á siete años de edad, mestizo llamado Santiago. Es bastante hábil para urdir mentiras suponiendo que no tiene padre y que esta abandonado. Se suplica á la persona en cuyo poder se encuentre tenga la bondad de remitirlo á la espresada casa, pues de lo contrario los ocultadores serán perseguidos ante las autoridades para la imposición de las penas correspondientes. ",MUCHACHO PERDIDO,Santiago,M,siete a seis años,,,,,,,,,,,,,,,,,,,,,,,,,,,,,,,,,,,,6.5,Desconocido,Desconocido,Desconocido,Desconocido,Desconocido,Desconocido,Desconocido,Desconocido,Desconocido,Desconocido,Desconocido,Desconocido,2,1,0,0,5,0,3,3,2,4,6,3
613,1869-06-21,"Dionisio Morales natural de Puno ha vendido á esta capital sostenido por un familiar de Ilmo, señor Obispo de aquella Diocesis, y siendo de edad de 15 años se desapareció anoche 19 del presente de la casa N. 66 calle de la Imprenta, hoy Cajamarca, y se suplica á la persona que lo haya admitido tenga á bien devolverlo, si no quiere incurrir en la multa designada por el reglamento de Policía. 
 

 ",DOMESTICO HUIDO,Dionisio Morales,M,quince años,Puno,,,,,,,,,,,,,,,,,,,,,,,,,,,,,,,,,,,15.0,Desconocido,Desconocido,Desconocido,Desconocido,Desconocido,Desconocido,Desconocido,Desconocido,Desconocido,Desconocido,Desconocido,Desconocido,2,1,0,0,5,0,3,3,2,4,6,3
614,1869-06-23,"Se dará á la persona que entregue ó de razon, del paradero de una cholita nombrada Paulina, de 7 años de edad, que se ha ido el dia de ayer de 6 á 7 de la noche de casa de sus patrones, situada en la calle de las Nazarenas con el N. 148 donde ha sido criada y entregada por sus padres desde muy chica. Sus señales son: cara redonda y media mestiza, pelo corto y sin trenzas, se ha ido vestida con un trajecito claro y tapada con manta. Previniendo que cualquiera que sea la persona que la retenga en su poder y no la entregue es la casa indicada, se hará efectivas las responsabilidades y el castigo á que se ha hecho acreedora con arreglo á las leyes: pues para ello no se omitiran medios ni se descansará en su persecucion. ",UNA BUENA GRATIFICACION,Paulina,F,siete años,,,,,Redonda,,,,,,,,,,,Corto,,Sin trenzas,,,,,,,Trajecito claro,Trajecito claro ,,,,,Manta,,,,,7.0,Desconocido,Desconocido,Desconocido,Desconocido,Desconocido,Desconocido,Desconocido,Desconocido,Desconocido,Desconocido,Desconocido,Desconocido,2,1,0,0,5,0,3,3,2,4,6,3
615,1869-06-25,"Una buena gratificacion á la persona que dé noticia del paradero de una sirvienta traida de Piura contratada en ocho pesos mensuales y costeado su pasaje hasta el Callao en el Vapor último del 16, la que ha desaparecido al siguiente día de haber venido á Lima á casa de su patrona: es mestiza se llama Gandelaria, como ida por sus paisanos por Canducha, y se le tienen adelantados algunos pesos á cuenta de su salario: pueden avisar su paradero en la calle Puerta falsa del Teatro número 28 y recibirán la gratificacion ofrecida. ",SE OFRECE,Gandelaria ,F,,Canducha,,,,,,,,,,,,,,,,,,,,,,,,,,,,,,,,,,,Desconocido,Desconocido,Desconocido,Desconocido,Desconocido,Desconocido,Desconocido,Desconocido,Desconocido,Desconocido,Desconocido,Desconocido,Desconocido,2,1,0,0,5,0,3,3,2,4,6,3
616,1869-07-03,"El Jueves 1° de Julio se ha fugado de la casa del señor presbitero Fuentes Chavez, calle de Santa Rosa de las Monjas N. 122, un muchacho, mestizo de 19 años de edad. Su tutor ofrece una gratificacion á la persona que lo entregue en dicha casa, por tener responsabilidad. ",,,M,diecinueve años,,,,,,,,,,,,,,,,,,,,,,,,,,,,,,,,,,,,19.0,Desconocido,Desconocido,Desconocido,Desconocido,Desconocido,Desconocido,Desconocido,Desconocido,Desconocido,Desconocido,Desconocido,Desconocido,2,1,0,0,5,0,3,3,2,4,6,3
617,1869-07-07,"El 6 del presente Julio, se ha salido de casa de su patron y padrino el muchacho llamado Eusebio Delgado natural de Cajamarca. Esta vestido con tuin y pantalon oscuro, sombrero blanco de paja, su edad será de 14 á 15 años. La persona á cuyo poder haya ido á parar lo entregará en la casa N. 188 de la calle de la Virreina si quiere evitarse de la responsabilidad que la ley impone á los que ocultan domesticos que fugan de sus casas. ",MUCHACHO PERDIDO,Eusebio Delgado,M,quince a catorce años,Cajamarca,,,,,,,,,,,,,,,,,,,,,,,,,Pantalon oscuro,,,Sombrero blanco de paja,,Tuin oscuro,,,,,14.5,Desconocido,Desconocido,Desconocido,Desconocido,Desconocido,Desconocido,Desconocido,Desconocido,Desconocido,Desconocido,Desconocido,Desconocido,2,1,0,0,5,0,3,3,2,4,6,3
618,1869-07-08," El dia 6 ha desaparecido de la casa N. 127, calle de Aumente, Máximo Gonzales, de 9 á 10 años de edad; trigueño, delgado y de carácter timido. Se ha dado aviso á las autoridades; las personas que lo tengan, lo entregarán, sino quieren incurrir en las penas del reglamento de policia. ",MUCHACHO PERDIDO,Máximo Gonzales,M,diez a nueve años,,Trigueño,,Delgado,,,,,,,,,,,,,,,,,,,,,,,,,,,,,,,,9.5,Desconocido,Desconocido,Desconocido,Desconocido,Desconocido,Desconocido,Desconocido,Desconocido,Desconocido,Desconocido,Desconocido,Desconocido,2,1,0,0,5,0,3,3,2,4,6,3
619,1869-07-17,"Se ha huido de la casa de sus patrones, llevando consigo varias especies, un cholito nombrado Aniceto de nueve años de edad. Estaba vestido con pantalones de paño negro, camisa de franela morada á cuadritos, y una chaqueta de casimir oscuro. Se dará una buena gratificacion á quien dé noticia de su paradero ó le devuelva á casa de sus patrones, calle del Correo N, 27 en los altos, mientras que se perseguirá judicialmente á la persona que oculte al mencionado cholito y las especies robadas. ",,Aniceto,M,nueve años,,,,,,,,,,,,,,,,,,,,,,,,,Camisa de franela morada a cuadritos,Pantalones de paño negro,,,,,Chaqueta de casimir oscuro,,,,,9.0,Desconocido,Desconocido,Desconocido,Desconocido,Desconocido,Desconocido,Desconocido,Desconocido,Desconocido,Desconocido,Desconocido,Desconocido,2,1,0,0,5,0,3,3,2,4,6,3
621,1869-09-04,"Habiendose desaparecido desde el Lunes 30 á las 2 de la tarde de la casa N. 114 calle de los Huerfanos un muchacho llamado Bernabe, de edad de seis á siete años, natural de Ayacucho, bastante robusto y por señal tiene un ojo visco. Se suplica á la persona que lo conserve en su poder lo devuelva á la casa citada, pues de no verificarlo asi sufrirá las penas que impone el Reglamento de Policía.",ATENCION,Bernabe,M,siete a seis años,Ayacucho,,,Bastante robusto,,Un ojo visco,,,,,,,,,,,,,,,,,,,,,,,,,,,,,,6.5,Desconocido,Desconocido,Desconocido,Desconocido,Desconocido,Desconocido,Desconocido,Desconocido,Desconocido,Desconocido,Desconocido,Desconocido,2,1,0,0,5,0,3,3,2,4,6,3
622,1869-09-17,"José Eulogio Sanchez, de 13 años de edad, natural de Trujillo, ha fugado de la casa de su patron antes de las seis de la mañana de ayer, sustrayendose algunas especies. Se da este aviso á fin de que las personas á cuyo servicio se ofrezca sepan á que atenerse, pues de admitirlo; se harán responsables como lo previene el Reglamento de la Policia.",DOMESTICO HUIDO,José Eulogio Sanchez ,M,trece años,Trujillo,,,,,,,,,,,,,,,,,,,,,,,,,,,,,,,,,,,13.0,Desconocido,Desconocido,Desconocido,Desconocido,Desconocido,Desconocido,Desconocido,Desconocido,Desconocido,Desconocido,Desconocido,Desconocido,2,1,0,0,5,0,3,3,2,4,6,3
623,1869-09-24," Habiendose fugado á las 10 del día de hoy de la casa N. 66 calle de San Marcelo una muchacha Juana Zavala, se previene á la persona que la retenga la entregue á sus patrones que viven en la indicada casa; pues de no hacer asi sufriran la pena que señala para este caso el Reglamento de la Policia. Su filiacion es la siguiente: mestiza, nariz regular, boca idem ojos pardos sin expresión y pelo negro corto, está vestida con traje de velo claro. ",IMPORTANTE,Juana Zavala,F,,,,,,,Pardos sin expresión ,,,Regular,Regular,,,,,Negro,Corto,,,,,,,,,Traje de velo claro,Traje de velo claro,,,,,,,,,,Desconocido,Desconocido,Desconocido,Desconocido,Desconocido,Desconocido,Desconocido,Desconocido,Desconocido,Desconocido,Desconocido,Desconocido,Desconocido,2,1,0,0,5,0,3,3,2,4,6,3
624,1869-09-27," El Jueves 23 del corriente como á esto de las siete de la noche poco mas ó menos se ha perdido un muchacho recien llegado de la sierra, de la calle de la Coca, sus señales son las siguientes: se llama Tadeo Cipriano, edad de nueve á diez años, color trigueño, picado de viruelas, vestido de género de algodon rayado, la persona que de razon de su paradero podra ocurrir á la tienda de sastreria de la predicha calle N. 117 donde se le dara una gratificacion. Se advierte tambien que con esta misma fecha se ha dado parte al señor Intendente de la Policia, por consiguiente la persona que no dé aviso respectivo á la referida autoridad ó retuviese al muchacho para su servicio sin los requisitos legales sufrirá la multa que para estos casos impone el Reglamento de Policia. ",GRAN TERREMOTO EN EL SUR,Tadeo Cipriano,M,diez a nueve años,La Sierra,Trigueño,,,,,,,,,,,,,,,,,,Picado de viruelas,,,,,Genero de algodon rayado,Genero de algodon rayado ,,,,,,,,,,9.5,Desconocido,Desconocido,Desconocido,Desconocido,Desconocido,Desconocido,Desconocido,Desconocido,Desconocido,Desconocido,Desconocido,Desconocido,2,1,0,0,5,0,3,3,2,4,6,3
625,1869-10-16,"La persona que entregue ó de razon de una muchacha que ha desaparecido el Martes doce del presente de la casa de su padrino situada en la calle de la Peña horadada N. 278 se le dará una gratificacion en la referida casa ó en la calle de la Virreina encomenderia N. 190 y si asi no lo hiciera la persona en cuyo poder se encuentre Maria Carranza que es el nombre de la referida, sera responsable á los cargos que se le hagan. Señales, edad siete años, color mestiza, vestida con traje de lana color morado, polca cabritilla. ",AL PUBLICO,Maria Carranza,F,siete años,,Mestiza, NULL,,,,,,,,,,,,,,,,,,,,,,Traje de lana color morado,Traje de lana color morado,,,,,Polca de cabritilla,,,,,7.0,Desconocido,Desconocido,Desconocido,Desconocido,Desconocido,Desconocido,Desconocido,Desconocido,Desconocido,Desconocido,Desconocido,Desconocido,2,1,0,0,5,0,3,3,2,4,6,3
626,1869-10-19,"El Domingo 17 del presente ha fugado de casa de sus patrones el menor Domingo Gayoso, se publica el presente para la responsabilidad á que se hace acreedora la persona que lo oculte determinada por la Policia, las señales ó en su filiacion son las siguientes: su edad de diez años su patria Cangallo departamento de Ayacucho, casta indigena, cara redonda, ñato, boca regular, ojos negros, estatura vara y diez pulgadas poco mas ó menos, una cicatriz en la cara, vestido con pantalon de casinete negro con listas blancas, y camisa azul de listado. Sus patrones viven en la calle de la Pólvora N. 93. ",,Domingo Gayoso,M,diez años,"Cantagallo, departamento de Ayacucho",,Vara y diez pulgadas mas o menos,,Redonda,Negros,,,Ñato,Regular,,,,,,,,,En la cara,,,,,,Camisa azul de listado,Pantalon de casinete negro con listas blancas ,,,,,,,,,,10.0,Desconocido,Desconocido,Desconocido,Desconocido,Desconocido,Desconocido,Desconocido,Desconocido,Desconocido,Desconocido,Desconocido,Desconocido,2,1,0,0,5,0,3,3,2,4,6,3
627,1869-11-06,"El Jueves 4 del presente como á las ocho de la mañana ha fugado de la habitacion N. 201 calle ancha de Cocharcas el menor Valentin Ricla, que se hallaba en dicha tienda aprendiendo las primeras letras, se publica el presente para la responsabilidad á que se hace acreedora la persona que lo oculte, determinada por la Policia. Las señales ó en filiacion son la siguientes: su edad ocho á nueve años, su patria Lima, casta indígena, cara redonda, nariz afilada, boca regular, ojos negros, estatura vara y diez pulgadas poco mas ó menos, vestido con pantalon de paño verde oscuro, chaqueton de idem y camisa blanca, con zapatos de cuero abotinados. Sus padres viven en el callejon de Jayme calle del Prado 2° cuarto á la entrada de la derecha quienes suplican al que tenga dicho menor se lo entreguen por lo que mas aprecien. ",ATENCION,Valentin Ricla,M,nueve a ocho años,Lima,,Vara y diez pulgadas poco más o menos ,,Redonda,Negros,,,Afilada,Regular,,,,,,,,,,,,,,,Camisa blanca,Pantalon de paño verde oscuro,Zapatos d cuero abotinados,,,,Chaquetom de paño verde oscuro,,,,,8.5,Desconocido,Desconocido,Desconocido,Desconocido,Desconocido,Desconocido,Desconocido,Desconocido,Desconocido,Desconocido,Desconocido,Desconocido,2,1,0,0,5,0,3,3,2,4,6,3
628,1869-11-29,"El Sabado 27 del actual se ha fugado de la casa de su patron D. Juan Antonio Herrera, el muchacho José Victor Herrera: es de la costa abajo, y segun se asegura, se ha cambiado su verdadero nombre en el de Anastacio Solbo; sus señales son: cara larga, ojos chicos, nariz ñata, labios gruesos, vestido con pantalon claro y chaqueta negra. La persona que dé razon de su paradero, ó lo entregue en la Fotograña Richardson calle de Epaderos N. 243, se le dará una buena gratificacion.   ",IMPORTANTE,José Victor Herrera/Anastacio Solbo ,M,,De la costa abajo ,,,,Larga,Chicos,,,Ñata,,Gruesos,,,,,,,,,,,,,,,Pantalon claro,,,,,Chaqueta negra,,,,,Desconocido,Desconocido,Desconocido,Desconocido,Desconocido,Desconocido,Desconocido,Desconocido,Desconocido,Desconocido,Desconocido,Desconocido,Desconocido,2,1,0,0,5,0,3,3,2,4,6,3
629,1869-12-03,"Á las tres y media de la tarde ha desaparecido de la casa N. 11 de la calle de la Pescaderia un cholito nombrado Gerónimo Ortega. La persona que lo oculte será demandada para su entrega y el pago de la multa que impone el reglamento de policia, si no lo presenta en cuanto se publique este aviso; y á la que dé noticia de su paradero se le dará una gratificacion en la misma casa, departamento alto N. 5. El cholito es de la provincia de Huari, de edad de ocho años, mesticito, gordito y de bonita cara, ojos grandes, lleva un vestido de genero de cuadros color morado con cabritilla.",HOY,Gerónimo Ortega,M,ocho años,Huari,,,Gordito,De bonita cara,Grandes,,,,,,,,,,,,,,,,,,,Vestido de genero de cuadros color morado,Vesito de género de cuadros color morado,,,,,Cabritilla,,,,,8.0,Desconocido,Desconocido,Desconocido,Desconocido,Desconocido,Desconocido,Desconocido,Desconocido,Desconocido,Desconocido,Desconocido,Desconocido,2,1,0,0,5,0,3,3,2,4,6,3
630,1869-12-22,"El Viérnes 17 del presente, ha desaparecido de casa de sus patrones, un cholito como de 12 años de edad llamado Miguel Quispe; y á quien lo entregue ó dé razones de él, se le gratificará debidamente, pudiendo ocurrirse á esta imprenta en donde se dará razon. Pero si á pesar de este aviso, la persona en cuyo poder esté, no lo entregase ó no lo pusiese á disposicion de la Intendencia de la Policia que ya tiene conocimiento de dicha fuga, será responsable de los cargos que haya de hacérsele por las faltas cometidas por el muchacho sobre quien tienen sus patrones derecho perfecto conferido por sus propios padres que viven aun. El cholito es de talla chica y de regular grueso, cabezon y tiene un lunar oscuro en la mejilla izquierda y una cicatrizacion superficial en el carrillo derecho. ",DESDE,Miguel Quispe,M,doce años,,,Talla chica,Regular grueso,Cabezon,,,,,,,,,,,,,,Superficial en el carrillo derecho ,,Lunar oscuro en la mejilla izquierda,,,,,,,,,,,,,,,12.0,Desconocido,Desconocido,Desconocido,Desconocido,Desconocido,Desconocido,Desconocido,Desconocido,Desconocido,Desconocido,Desconocido,Desconocido,2,1,0,0,5,0,3,3,2,4,6,3
631,1869-12-24," A las siete de la mañana del dia de hoy ha desaparecido de la casa de sus patrones una muchacha de doce años llamada Andrea, es de color peruano, cara aguileña y ojos negros regulares, y va vestida de un trage de olan á listas color blanco y morado; esta recien llegada del interior, y por consiguiente no conoce á nadie. A la persona que la entregue ó dé razon de su paradero, se le dará una gratificacion en la calle de Siete-geringas casa Numero 112, del mismo modo quedará sujeta á las penas del Reglamento de la Policia, la persona que la haya ocultado y se le encuentre despues. ",ATENCION,Andrea,F,doce años,Del interior,Peruano,,,Aguileña,Negros regulares,,,,,,,,,,,,,,,,,,,,,,,,,,,,,,12.0,Desconocido,Desconocido,Desconocido,Desconocido,Desconocido,Desconocido,Desconocido,Desconocido,Desconocido,Desconocido,Desconocido,Desconocido,2,1,0,0,5,0,3,3,2,4,6,3
